[Licensing::Module] Trying to connect to existing licensing client channel...
[Licensing::IpcConnector] Channel LicenseClient-PC-54 doesn't exist
[Licensing::Module] Successfully launched the LicensingClient (PId: 89452)
[Licensing::IpcConnector] Successfully connected to: "LicenseClient-PC-54" at "2026-06-30T03:17:08.6779745Z"
[Licensing::Client] Code 10 while verifying Licensing Client signature (process Id: 89452, path: "C:/Program Files/Unity/Hub/Editor/2022.3.62f3/Editor/Data/Resources/Licensing/Client/Unity.Licensing.Client.exe")
[Licensing::Module] LicensingClient has failed validation; ignoring
[Licensing::Client] Handshaking with LicensingClient:
  Version:                 1.16.2+bdef8f5
  Session Id:              496bb65b1a5e46989d2486d313484297
  Correlation Id:          7f1755d998c9e6b2de3d634132317700
  External correlation Id: 7861342673932093207
  Machine Id:              6z7xG4lA7tnd6/+sdSgd0G/nB8I=
[Licensing::Module] Successfully connected to LicensingClient on channel: "LicenseClient-PC-54" (connect: 0.85s, validation: 0.05s, handshake: 0.04s)
[Licensing::IpcConnector] Successfully connected to: "LicenseClient-PC-54-notifications" at "2026-06-30T03:17:08.7716709Z"
[Licensing::Module] Connected to LicensingClient (PId: 89452, launch time: 0.00, total connection time: 0.95s)
[Licensing::Module] Error: Access token is unavailable; failed to update
[Licensing::Client] Successfully updated license
Built from '2022.3/respin/2022.3.62f2-4af31df585-v2' branch; Version is '2022.3.62f3 (96770f904ca7) revision 9860879'; Using compiler version '192829333'; Build Type 'Release'
OS: 'Windows 11  (10.0.26200) 64bit Professional' Language: 'ko' Physical Memory: 32405 MB
[Licensing::Client] Successfully resolved entitlement details
[Licensing::Module] Serial number assigned to: "14569687781412-stoic-program-UnityPrXXXX"
BatchMode: 1, IsHumanControllingUs: 0, StartBugReporterOnCrash: 0, Is64bit: 1, IsPro: 1
[Licensing::Client] Successfully resolved entitlement details

COMMAND LINE ARGUMENTS:
C:\Program Files\Unity\Hub\Editor\2022.3.62f3\Editor\Unity.exe
-batchmode
-quit
-nographics
-projectPath
C:\Development\15_MD
-executeMethod
MedievalRTS.EditorTools.MadDragonCliBuild.BuildWindows64
-logFile
C:\Development\15_MD\unity-build-windows-retry-escalated.log
Successfully changed project path to: C:\Development\15_MD
C:/Development/15_MD
[UnityMemory] Configuration Parameters - Can be set up in boot.config
    "memorysetup-bucket-allocator-granularity=16"
    "memorysetup-bucket-allocator-bucket-count=8"
    "memorysetup-bucket-allocator-block-size=33554432"
    "memorysetup-bucket-allocator-block-count=8"
    "memorysetup-main-allocator-block-size=16777216"
    "memorysetup-thread-allocator-block-size=16777216"
    "memorysetup-gfx-main-allocator-block-size=16777216"
    "memorysetup-gfx-thread-allocator-block-size=16777216"
    "memorysetup-cache-allocator-block-size=4194304"
    "memorysetup-typetree-allocator-block-size=2097152"
    "memorysetup-profiler-bucket-allocator-granularity=16"
    "memorysetup-profiler-bucket-allocator-bucket-count=8"
    "memorysetup-profiler-bucket-allocator-block-size=33554432"
    "memorysetup-profiler-bucket-allocator-block-count=8"
    "memorysetup-profiler-allocator-block-size=16777216"
    "memorysetup-profiler-editor-allocator-block-size=1048576"
    "memorysetup-temp-allocator-size-main=16777216"
    "memorysetup-job-temp-allocator-block-size=2097152"
    "memorysetup-job-temp-allocator-block-size-background=1048576"
    "memorysetup-job-temp-allocator-reduction-small-platforms=262144"
    "memorysetup-allocator-temp-initial-block-size-main=262144"
    "memorysetup-allocator-temp-initial-block-size-worker=262144"
    "memorysetup-temp-allocator-size-background-worker=32768"
    "memorysetup-temp-allocator-size-job-worker=262144"
    "memorysetup-temp-allocator-size-preload-manager=33554432"
    "memorysetup-temp-allocator-size-nav-mesh-worker=65536"
    "memorysetup-temp-allocator-size-audio-worker=65536"
    "memorysetup-temp-allocator-size-cloud-worker=32768"
    "memorysetup-temp-allocator-size-gi-baking-worker=262144"
    "memorysetup-temp-allocator-size-gfx=262144"
Player connection [82148]  Target information:

Player connection [82148]  * "[IP] 192.168.0.55 [Port] 55504 [Flags] 2 [Guid] 3173986974 [EditorId] 3173986974 [Version] 1048832 [Id] WindowsEditor(7,S2309-PC-54) [Debug] 1 [PackageName] WindowsEditor [ProjectName] Editor" 

Player connection [82148] Host joined multi-casting on [225.0.0.222:54997]...
Player connection [82148] Host joined alternative multi-casting on [225.0.0.222:34997]...
Input System module state changed to: Initialized.
[PhysX] Initialized MultithreadedTaskDispatcher with 12 workers.
[Package Manager] UpmClient::Connect -- Connected to IPC stream "Upm-80492" after 0.5 seconds.
Rebuilding Library because the asset database could not be found!
[Package Manager] Done resolving packages in 2.87 seconds
[Licensing::Client] Successfully resolved entitlement details
[Package Manager] Registered 36 packages:
  Packages from [https://packages.unity.com]:
    com.unity.nuget.newtonsoft-json@3.2.1 (location: C:\Development\15_MD\Library\PackageCache\com.unity.nuget.newtonsoft-json@3.2.1)
    com.unity.test-framework@1.4.5 (location: C:\Development\15_MD\Library\PackageCache\com.unity.test-framework@1.4.5)
    com.unity.ext.nunit@2.0.3 (location: C:\Development\15_MD\Library\PackageCache\com.unity.ext.nunit@2.0.3)
  Built-in packages:
    com.unity.ugui@1.0.0 (location: C:\Development\15_MD\Library\PackageCache\com.unity.ugui@1.0.0)
    com.unity.modules.ai@1.0.0 (location: C:\Development\15_MD\Library\PackageCache\com.unity.modules.ai@1.0.0)
    com.unity.modules.androidjni@1.0.0 (location: C:\Development\15_MD\Library\PackageCache\com.unity.modules.androidjni@1.0.0)
    com.unity.modules.animation@1.0.0 (location: C:\Development\15_MD\Library\PackageCache\com.unity.modules.animation@1.0.0)
    com.unity.modules.assetbundle@1.0.0 (location: C:\Development\15_MD\Library\PackageCache\com.unity.modules.assetbundle@1.0.0)
    com.unity.modules.audio@1.0.0 (location: C:\Development\15_MD\Library\PackageCache\com.unity.modules.audio@1.0.0)
    com.unity.modules.cloth@1.0.0 (location: C:\Development\15_MD\Library\PackageCache\com.unity.modules.cloth@1.0.0)
    com.unity.modules.director@1.0.0 (location: C:\Development\15_MD\Library\PackageCache\com.unity.modules.director@1.0.0)
    com.unity.modules.imageconversion@1.0.0 (location: C:\Development\15_MD\Library\PackageCache\com.unity.modules.imageconversion@1.0.0)
    com.unity.modules.imgui@1.0.0 (location: C:\Development\15_MD\Library\PackageCache\com.unity.modules.imgui@1.0.0)
    com.unity.modules.jsonserialize@1.0.0 (location: C:\Development\15_MD\Library\PackageCache\com.unity.modules.jsonserialize@1.0.0)
    com.unity.modules.particlesystem@1.0.0 (location: C:\Development\15_MD\Library\PackageCache\com.unity.modules.particlesystem@1.0.0)
    com.unity.modules.physics@1.0.0 (location: C:\Development\15_MD\Library\PackageCache\com.unity.modules.physics@1.0.0)
    com.unity.modules.physics2d@1.0.0 (location: C:\Development\15_MD\Library\PackageCache\com.unity.modules.physics2d@1.0.0)
    com.unity.modules.screencapture@1.0.0 (location: C:\Development\15_MD\Library\PackageCache\com.unity.modules.screencapture@1.0.0)
    com.unity.modules.terrain@1.0.0 (location: C:\Development\15_MD\Library\PackageCache\com.unity.modules.terrain@1.0.0)
    com.unity.modules.terrainphysics@1.0.0 (location: C:\Development\15_MD\Library\PackageCache\com.unity.modules.terrainphysics@1.0.0)
    com.unity.modules.tilemap@1.0.0 (location: C:\Development\15_MD\Library\PackageCache\com.unity.modules.tilemap@1.0.0)
    com.unity.modules.ui@1.0.0 (location: C:\Development\15_MD\Library\PackageCache\com.unity.modules.ui@1.0.0)
    com.unity.modules.uielements@1.0.0 (location: C:\Development\15_MD\Library\PackageCache\com.unity.modules.uielements@1.0.0)
    com.unity.modules.umbra@1.0.0 (location: C:\Development\15_MD\Library\PackageCache\com.unity.modules.umbra@1.0.0)
    com.unity.modules.unityanalytics@1.0.0 (location: C:\Development\15_MD\Library\PackageCache\com.unity.modules.unityanalytics@1.0.0)
    com.unity.modules.unitywebrequest@1.0.0 (location: C:\Development\15_MD\Library\PackageCache\com.unity.modules.unitywebrequest@1.0.0)
    com.unity.modules.unitywebrequestassetbundle@1.0.0 (location: C:\Development\15_MD\Library\PackageCache\com.unity.modules.unitywebrequestassetbundle@1.0.0)
    com.unity.modules.unitywebrequestaudio@1.0.0 (location: C:\Development\15_MD\Library\PackageCache\com.unity.modules.unitywebrequestaudio@1.0.0)
    com.unity.modules.unitywebrequesttexture@1.0.0 (location: C:\Development\15_MD\Library\PackageCache\com.unity.modules.unitywebrequesttexture@1.0.0)
    com.unity.modules.unitywebrequestwww@1.0.0 (location: C:\Development\15_MD\Library\PackageCache\com.unity.modules.unitywebrequestwww@1.0.0)
    com.unity.modules.vehicles@1.0.0 (location: C:\Development\15_MD\Library\PackageCache\com.unity.modules.vehicles@1.0.0)
    com.unity.modules.video@1.0.0 (location: C:\Development\15_MD\Library\PackageCache\com.unity.modules.video@1.0.0)
    com.unity.modules.vr@1.0.0 (location: C:\Development\15_MD\Library\PackageCache\com.unity.modules.vr@1.0.0)
    com.unity.modules.wind@1.0.0 (location: C:\Development\15_MD\Library\PackageCache\com.unity.modules.wind@1.0.0)
    com.unity.modules.xr@1.0.0 (location: C:\Development\15_MD\Library\PackageCache\com.unity.modules.xr@1.0.0)
    com.unity.modules.subsystems@1.0.0 (location: C:\Development\15_MD\Library\PackageCache\com.unity.modules.subsystems@1.0.0)
[Subsystems] No new subsystems found in resolved package list.
Package Manager log level set to [2]
[Package Manager] Done registering packages in 0.11 seconds
Refreshing native plugins compatible for Editor in 0.00 ms, found 0 plugins.
Preloading 0 native plugins for Editor in 0.00 ms.
Initialize engine version: 2022.3.62f3 (96770f904ca7)
[Subsystems] Discovering subsystems at path C:/Program Files/Unity/Hub/Editor/2022.3.62f3/Editor/Data/Resources/UnitySubsystems
[Subsystems] Discovering subsystems at path C:/Development/15_MD/Assets
Forcing GfxDevice: Null
GfxDevice: creating device client; threaded=0; jobified=0
NullGfxDevice:
    Version:  NULL 1.0 [1.0]
    Renderer: Null Device
    Vendor:   Unity Technologies
[Licensing::Client] Successfully resolved entitlement details
Initialize mono
Mono path[0] = 'C:/Program Files/Unity/Hub/Editor/2022.3.62f3/Editor/Data/Managed'
Mono path[1] = 'C:/Program Files/Unity/Hub/Editor/2022.3.62f3/Editor/Data/MonoBleedingEdge/lib/mono/unityjit-win32'
Mono config path = 'C:/Program Files/Unity/Hub/Editor/2022.3.62f3/Editor/Data/MonoBleedingEdge/etc'
Using monoOptions --debugger-agent=transport=dt_socket,embedding=1,server=y,suspend=n,address=127.0.0.1:56492
Using cacheserver namespaces - metadata:defaultmetadata, artifacts:defaultartifacts
Using cacheserver namespaces - metadata:defaultmetadata, artifacts:defaultartifacts
ImportWorker Server TCP listen port: 0
Begin MonoManager ReloadAssembly
Registering precompiled unity dll's ...
Register platform support module: C:/Program Files/Unity/Hub/Editor/2022.3.62f3/Editor/Data/PlaybackEngines/WebGLSupport/UnityEditor.WebGL.Extensions.dll
[Licensing::Client] Successfully resolved entitlement details
Register platform support module: C:/Program Files/Unity/Hub/Editor/2022.3.62f3/Editor/Data/PlaybackEngines/AndroidPlayer/UnityEditor.Android.Extensions.dll
Register platform support module: C:/Program Files/Unity/Hub/Editor/2022.3.62f3/Editor/Data/PlaybackEngines/WindowsStandaloneSupport/UnityEditor.WindowsStandalone.Extensions.dll
Registered in 0.026341 seconds.
- Loaded All Assemblies, in  0.366 seconds
Native extension for WindowsStandalone target not found
Native extension for Android target not found
Android Extension - Scanning For ADB Devices 5334 ms
Native extension for WebGL target not found
Mono: successfully reloaded assembly
- Finished resetting the current domain, in  5.585 seconds
Domain Reload Profiling: 5950ms
	BeginReloadAssembly (101ms)
		ExecutionOrderSort (0ms)
		DisableScriptedObjects (0ms)
		BackupInstance (0ms)
		ReleaseScriptingObjects (0ms)
		CreateAndSetChildDomain (2ms)
	RebuildCommonClasses (35ms)
	RebuildNativeTypeToScriptingClass (8ms)
	initialDomainReloadingComplete (76ms)
	LoadAllAssembliesAndSetupDomain (144ms)
		LoadAssemblies (99ms)
		RebuildTransferFunctionScriptingTraits (0ms)
		AnalyzeDomain (142ms)
			TypeCache.Refresh (140ms)
				TypeCache.ScanAssembly (131ms)
			ScanForSourceGeneratedMonoScriptInfo (0ms)
			ResolveRequiredComponents (0ms)
	FinalizeReload (5586ms)
		ReleaseScriptCaches (0ms)
		RebuildScriptCaches (0ms)
		SetupLoadedEditorAssemblies (5545ms)
			LogAssemblyErrors (0ms)
			InitializePlatformSupportModulesInManaged (5410ms)
			SetLoadedEditorAssemblies (3ms)
			RefreshPlugins (0ms)
			BeforeProcessingInitializeOnLoad (2ms)
			ProcessInitializeOnLoadAttributes (90ms)
			ProcessInitializeOnLoadMethodAttributes (40ms)
			AfterProcessingInitializeOnLoad (0ms)
			EditorAssembliesLoaded (0ms)
		ExecutionOrderSort2 (0ms)
		AwakeInstancesAfterBackupRestoration (0ms)
[Licensing::Client] Successfully resolved entitlement details
Application.AssetDatabase Initial Refresh Start
[API Updater] Processing imported assemblies took 60 ms (0/0 assembly(ies)).
Assembly Updater Post Process Assets time: 0.062305s
[ScriptCompilation] Requested script compilation because: Assembly Definition File(s) changed
[ScriptCompilation] Requested script compilation because: Assetdatabase observed changes in script compilation related files
info: Microsoft.Hosting.Lifetime[14]
      Now listening on: http://localhost:80
info: Microsoft.Hosting.Lifetime[0]
      Application started. Press Ctrl+C to shut down.
info: Microsoft.Hosting.Lifetime[0]
      Hosting environment: Production
info: Microsoft.Hosting.Lifetime[0]
      Content root path: C:\Development\15_MD\
info: Microsoft.AspNetCore.Hosting.Diagnostics[1]
      Request starting HTTP/2 POST http://ilpp/UnityILPP.PostProcessing/Ping application/grpc -
info: Microsoft.AspNetCore.Routing.EndpointMiddleware[0]
      Executing endpoint 'gRPC - /UnityILPP.PostProcessing/Ping'
info: Microsoft.AspNetCore.Routing.EndpointMiddleware[1]
      Executed endpoint 'gRPC - /UnityILPP.PostProcessing/Ping'
info: Microsoft.AspNetCore.Hosting.Diagnostics[2]
      Request finished HTTP/2 POST http://ilpp/UnityILPP.PostProcessing/Ping application/grpc - - 200 - application/grpc 34.6923ms
Starting: C:\Program Files\Unity\Hub\Editor\2022.3.62f3\Editor\Data\bee_backend.exe --ipc --defer-dag-verification --dagfile="Library/Bee/1900b0aE.dag" --continue-on-failure --profile="Library/Bee/backend1.traceevents" ScriptAssemblies
WorkingDir: C:/Development/15_MD
ExitCode: 4 Duration: 0s35ms
[             ] Require frontend run.  Library/Bee/1900b0aE.dag couldn't be loaded
DisplayProgressbar: Compiling Scripts
Starting: C:\Program Files\Unity\Hub\Editor\2022.3.62f3\Editor\Data\Tools\netcorerun\netcorerun.exe "C:\Program Files\Unity\Hub\Editor\2022.3.62f3\Editor\Data\Tools\BuildPipeline\ScriptCompilationBuildProgram.exe" "Library/Bee/1900b0aE.dag.json" "Library/Bee/1900b0aE-inputdata.json" "Library\Bee\buildprogram0.traceevents"
WorkingDir: C:/Development/15_MD
ExitCode: 0 Duration: 0s204ms
Starting: C:\Program Files\Unity\Hub\Editor\2022.3.62f3\Editor\Data\bee_backend.exe --ipc --defer-dag-verification --dagfile="Library/Bee/1900b0aE.dag" --continue-on-failure --dagfilejson="Library\Bee\1900b0aE.dag.json" --profile="Library/Bee/backend2.traceevents" ScriptAssemblies
WorkingDir: C:/Development/15_MD
ExitCode: 0 Duration: 4s407ms
Finished compiling graph: 155 nodes, 1049 flattened edges (981 ToBuild, 14 ToUse), maximum node priority 68
[  1/152    0s] MovedFromExtractor Library/Bee/artifacts/mvdfrm/UnityEngine.ContentLoadModule.dll_8EFA3C0CBCBC73B2.mvfrm
[  2/152    0s] MovedFromExtractor Library/Bee/artifacts/mvdfrm/UnityEngine.ClothModule.dll_221F6F902E6581CD.mvfrm
[  3/152    0s] MovedFromExtractor Library/Bee/artifacts/mvdfrm/UnityEngine.AssetBundleModule.dll_F5E3E2CBEE39CBC5.mvfrm
[  4/152    0s] MovedFromExtractor Library/Bee/artifacts/mvdfrm/UnityEngine.CrashReportingModule.dll_9F96221EC66CDF68.mvfrm
[  5/152    0s] MovedFromExtractor Library/Bee/artifacts/mvdfrm/UnityEngine.DSPGraphModule.dll_B8D85FD64E511D0E.mvfrm
[  6/152    0s] MovedFromExtractor Library/Bee/artifacts/mvdfrm/UnityEngine.ClusterInputModule.dll_40D213A5214B72A1.mvfrm
[  7/152    0s] MovedFromExtractor Library/Bee/artifacts/mvdfrm/UnityEngine.GameCenterModule.dll_8489E01224E36D88.mvfrm
[  8/152    0s] MovedFromExtractor Library/Bee/artifacts/mvdfrm/UnityEngine.AudioModule.dll_BB3712955448A2E9.mvfrm
[  9/152    0s] MovedFromExtractor Library/Bee/artifacts/mvdfrm/UnityEngine.CoreModule.dll_DAC246C7FD5209D0.mvfrm
[ 10/152    0s] MovedFromExtractor Library/Bee/artifacts/mvdfrm/UnityEngine.ClusterRendererModule.dll_427C1C1B3431A0B0.mvfrm
[ 11/152    0s] MovedFromExtractor Library/Bee/artifacts/mvdfrm/UnityEngine.DirectorModule.dll_B386FE6CDBF04BED.mvfrm
[ 12/152    0s] MovedFromExtractor Library/Bee/artifacts/mvdfrm/UnityEngine.ARModule.dll_10BCB01FF4CCE922.mvfrm
[ 13/152    0s] MovedFromExtractor Library/Bee/artifacts/mvdfrm/UnityEngine.TextCoreTextEngineModule.dll_E22E66059FF4CA6C.mvfrm
[ 14/152    0s] MovedFromExtractor Library/Bee/artifacts/mvdfrm/UnityEngine.AnimationModule.dll_60F9C9A733EE87B7.mvfrm
[ 15/152    0s] MovedFromExtractor Library/Bee/artifacts/mvdfrm/UnityEngine.dll_9246FFA3214676C5.mvfrm
[ 16/152    0s] MovedFromExtractor Library/Bee/artifacts/mvdfrm/UnityEngine.AndroidJNIModule.dll_5A3C95F75EA27C97.mvfrm
[ 17/152    0s] MovedFromExtractor Library/Bee/artifacts/mvdfrm/UnityEditor.UIElementsModule.dll_DBF3AD2415830DC1.mvfrm
[ 18/152    0s] MovedFromExtractor Library/Bee/artifacts/mvdfrm/UnityEditor.UnityConnectModule.dll_C1359E8F6FC39FDB.mvfrm
[ 19/152    0s] MovedFromExtractor Library/Bee/artifacts/mvdfrm/UnityEngine.AccessibilityModule.dll_4D4318E57BF8E551.mvfrm
[ 20/152    0s] MovedFromExtractor Library/Bee/artifacts/mvdfrm/UnityEngine.AIModule.dll_5749EB1C97AF8A59.mvfrm
[ 21/152    0s] MovedFromExtractor Library/Bee/artifacts/mvdfrm/UnityEditor.TextCoreTextEngineModule.dll_63CEEAB28CF70BA1.mvfrm
[ 22/152    0s] MovedFromExtractor Library/Bee/artifacts/mvdfrm/UnityEditor.UIBuilderModule.dll_E6FCFA9ACC4A2C45.mvfrm
[ 23/152    0s] MovedFromExtractor Library/Bee/artifacts/mvdfrm/UnityEditor.GraphViewModule.dll_92744D7E5991B311.mvfrm
[ 24/152    0s] MovedFromExtractor Library/Bee/artifacts/mvdfrm/UnityEditor.PresetsUIModule.dll_4DDA86605BEA0B16.mvfrm
[ 25/152    0s] MovedFromExtractor Library/Bee/artifacts/mvdfrm/UnityEditor.QuickSearchModule.dll_B1FAAFDA8BD316D3.mvfrm
[ 26/152    0s] MovedFromExtractor Library/Bee/artifacts/mvdfrm/UnityEditor.SceneViewModule.dll_D12430864EB4801F.mvfrm
[ 27/152    0s] MovedFromExtractor Library/Bee/artifacts/mvdfrm/UnityEditor.TextCoreFontEngineModule.dll_1BE6B440FD735283.mvfrm
[ 28/152    0s] MovedFromExtractor Library/Bee/artifacts/mvdfrm/UnityEditor.dll_5FA2B8CAC2D2E9E0.mvfrm
[ 29/152    0s] MovedFromExtractor Library/Bee/artifacts/mvdfrm/UnityEditor.SceneTemplateModule.dll_1A9DAD4E7B82BDB4.mvfrm
[ 30/152    0s] MovedFromExtractor Library/Bee/artifacts/mvdfrm/UnityEditor.EditorToolbarModule.dll_F6FE3C907C96137C.mvfrm
[ 31/152    0s] MovedFromExtractor Library/Bee/artifacts/mvdfrm/UnityEditor.DeviceSimulatorModule.dll_3CCF59A9C476932C.mvfrm
[ 32/152    0s] MovedFromExtractor Library/Bee/artifacts/mvdfrm/UnityEditor.DiagnosticsModule.dll_26EB2ECD32FC1A7A.mvfrm
[ 33/152    0s] MovedFromExtractor Library/Bee/artifacts/mvdfrm/UnityEditor.CoreModule.dll_B7A17375554C9EA5.mvfrm
[ 34/152    0s] MovedFromExtractor Library/Bee/artifacts/mvdfrm/Unity.Android.Types.dll_209EBB47DE0F2F7F.mvfrm
[ 35/152    0s] MovedFromExtractor Library/Bee/artifacts/mvdfrm/Unity.Android.Gradle.dll_5692DC6778AF3B0D.mvfrm
[ 36/152    0s] MovedFromExtractor Library/Bee/artifacts/mvdfrm/UnityEngine.WindModule.dll_511121F08E888839.mvfrm
[ 37/152    0s] MovedFromExtractor Library/Bee/artifacts/mvdfrm/Unity.Android.GradleProject.dll_96E11CF435A32478.mvfrm
[ 38/152    0s] MovedFromExtractor Library/Bee/artifacts/mvdfrm/UnityEngine.XRModule.dll_D84E72D41EEB62DB.mvfrm
[ 39/152    0s] MovedFromExtractor Library/Bee/artifacts/mvdfrm/UnityEngine.VirtualTexturingModule.dll_6C893B021039B06E.mvfrm
[ 40/152    0s] MovedFromExtractor Library/Bee/artifacts/mvdfrm/UnityEngine.VRModule.dll_A58FAFCF95B1157D.mvfrm
[ 41/152    0s] MovedFromExtractor Library/Bee/artifacts/mvdfrm/UnityEngine.VFXModule.dll_FEEF9C059DB8A89B.mvfrm
[ 42/152    0s] MovedFromExtractor Library/Bee/artifacts/mvdfrm/UnityEngine.VehiclesModule.dll_2B49F7EC561A1B88.mvfrm
[ 43/152    0s] MovedFromExtractor Library/Bee/artifacts/mvdfrm/UnityEngine.VideoModule.dll_E040970016DABE8E.mvfrm
[ 44/152    0s] MovedFromExtractor Library/Bee/artifacts/mvdfrm/UnityEngine.UnityWebRequestWWWModule.dll_ACF0AB618FB486D8.mvfrm
[ 45/152    0s] MovedFromExtractor Library/Bee/artifacts/mvdfrm/UnityEngine.UnityWebRequestModule.dll_C00D2175C14AF323.mvfrm
[ 46/152    0s] MovedFromExtractor Library/Bee/artifacts/mvdfrm/UnityEngine.UnityWebRequestAudioModule.dll_51928CEBC7723927.mvfrm
[ 47/152    0s] MovedFromExtractor Library/Bee/artifacts/mvdfrm/UnityEngine.UnityWebRequestTextureModule.dll_29B1E2CEDA4789DC.mvfrm
[ 48/152    0s] MovedFromExtractor Library/Bee/artifacts/mvdfrm/UnityEngine.UnityCurlModule.dll_94166AD8A40279A4.mvfrm
[ 49/152    0s] MovedFromExtractor Library/Bee/artifacts/mvdfrm/UnityEngine.UnityTestProtocolModule.dll_A93CC1394C5F6012.mvfrm
[ 50/152    0s] MovedFromExtractor Library/Bee/artifacts/mvdfrm/UnityEngine.UnityConnectModule.dll_AE95229E6A4BA086.mvfrm
[ 51/152    0s] MovedFromExtractor Library/Bee/artifacts/mvdfrm/UnityEngine.UnityWebRequestAssetBundleModule.dll_1476367436BD4543.mvfrm
[ 52/152    0s] MovedFromExtractor Library/Bee/artifacts/mvdfrm/UnityEngine.UmbraModule.dll_360BBEADE16F4E5C.mvfrm
[ 53/152    0s] MovedFromExtractor Library/Bee/artifacts/mvdfrm/UnityEngine.UnityAnalyticsCommonModule.dll_74D4F6515AF00CED.mvfrm
[ 54/152    0s] MovedFromExtractor Library/Bee/artifacts/mvdfrm/UnityEngine.UnityAnalyticsModule.dll_1247DC34E0A5BCF2.mvfrm
[ 55/152    0s] MovedFromExtractor Library/Bee/artifacts/mvdfrm/UnityEngine.TLSModule.dll_7E110396C74B3F2E.mvfrm
[ 56/152    0s] MovedFromExtractor Library/Bee/artifacts/mvdfrm/UnityEngine.TilemapModule.dll_99A74C14B7E3DED1.mvfrm
[ 57/152    0s] MovedFromExtractor Library/Bee/artifacts/mvdfrm/UnityEngine.UIModule.dll_52BD8949F3F69005.mvfrm
[ 58/152    0s] MovedFromExtractor Library/Bee/artifacts/mvdfrm/UnityEditor.UIElementsSamplesModule.dll_ED7A0B46F2640ABC.mvfrm
[ 59/152    0s] MovedFromExtractor Library/Bee/artifacts/mvdfrm/UnityEngine.TextCoreFontEngineModule.dll_9A462F941071114E.mvfrm
[ 60/152    0s] MovedFromExtractor Library/Bee/artifacts/mvdfrm/UnityEngine.TextRenderingModule.dll_F081C1B146D7F232.mvfrm
[ 61/152    0s] MovedFromExtractor Library/Bee/artifacts/mvdfrm/UnityEngine.TerrainPhysicsModule.dll_F323143E4DC16583.mvfrm
[ 62/152    0s] MovedFromExtractor Library/Bee/artifacts/mvdfrm/UnityEngine.TerrainModule.dll_FAAAE493A026FDC8.mvfrm
[ 63/152    0s] MovedFromExtractor Library/Bee/artifacts/mvdfrm/UnityEngine.UIElementsModule.dll_DCA21A6C17C7270C.mvfrm
[ 64/152    0s] MovedFromExtractor Library/Bee/artifacts/mvdfrm/UnityEngine.SubsystemsModule.dll_D863B904149AEB15.mvfrm
[ 65/152    0s] MovedFromExtractor Library/Bee/artifacts/mvdfrm/UnityEngine.StreamingModule.dll_158EB6F783763EF5.mvfrm
[ 66/152    0s] MovedFromExtractor Library/Bee/artifacts/mvdfrm/UnityEngine.SubstanceModule.dll_F239CB40CEC93D03.mvfrm
[ 67/152    0s] MovedFromExtractor Library/Bee/artifacts/mvdfrm/UnityEngine.SpriteMaskModule.dll_6DB652A246530302.mvfrm
[ 68/152    0s] MovedFromExtractor Library/Bee/artifacts/mvdfrm/UnityEngine.SharedInternalsModule.dll_327F58A12D8453F4.mvfrm
[ 69/152    0s] MovedFromExtractor Library/Bee/artifacts/mvdfrm/UnityEngine.ScreenCaptureModule.dll_C7424FA68FA0723D.mvfrm
[ 70/152    0s] MovedFromExtractor Library/Bee/artifacts/mvdfrm/UnityEngine.RuntimeInitializeOnLoadManagerInitializerModule.dll_7C16D61D56818815.mvfrm
[ 71/152    0s] MovedFromExtractor Library/Bee/artifacts/mvdfrm/UnityEngine.SpriteShapeModule.dll_0F451026A3DC03CF.mvfrm
[ 72/152    0s] MovedFromExtractor Library/Bee/artifacts/mvdfrm/UnityEngine.PropertiesModule.dll_B1C51F5097CED1C4.mvfrm
[ 73/152    0s] MovedFromExtractor Library/Bee/artifacts/mvdfrm/UnityEngine.ProfilerModule.dll_E5CD37A37549D2FA.mvfrm
[ 74/152    0s] MovedFromExtractor Library/Bee/artifacts/mvdfrm/UnityEngine.Physics2DModule.dll_AD9FB997D4EB7F4C.mvfrm
[ 75/152    0s] MovedFromExtractor Library/Bee/artifacts/mvdfrm/UnityEngine.ParticleSystemModule.dll_F2A86B6B347E6AF6.mvfrm
[ 76/152    0s] WriteText Library/Bee/artifacts/1900b0aE.dag/UnityEngine.TestRunner.UnityAdditionalFile.txt
[ 77/152    0s] WriteText Library/Bee/artifacts/1900b0aE.dag/UnityEngine.TestRunner.rsp2
[ 78/152    0s] WriteText Library/Bee/artifacts/1900b0aE.dag/UnityEngine.TestRunner.dll.mvfrm.rsp
[ 79/152    0s] WriteText Library/Bee/artifacts/1900b0aE.dag/UnityEngine.TestRunner.rsp
[ 80/152    0s] MovedFromExtractor Library/Bee/artifacts/mvdfrm/UnityEngine.PhysicsModule.dll_E0646924CA68B4DA.mvfrm
[ 81/152    0s] MovedFromExtractor Library/Bee/artifacts/mvdfrm/UnityEngine.PerformanceReportingModule.dll_D996390D41076E8F.mvfrm
[ 82/152    0s] MovedFromExtractor Library/Bee/artifacts/mvdfrm/UnityEngine.InputModule.dll_21ACDA45CA80C78D.mvfrm
[ 83/152    0s] MovedFromExtractor Library/Bee/artifacts/mvdfrm/UnityEngine.LocalizationModule.dll_7F1EDDF7B8C7659A.mvfrm
[ 84/152    0s] WriteText Library/Bee/artifacts/1900b0aE.dag/UnityEngine.UI.rsp2
[ 85/152    0s] WriteText Library/Bee/artifacts/1900b0aE.dag/UnityEngine.UI.UnityAdditionalFile.txt
[ 86/152    0s] WriteText Library/Bee/artifacts/1900b0aE.dag/UnityEditor.TestRunner.rsp2
[ 87/152    0s] WriteText Library/Bee/artifacts/1900b0aE.dag/UnityEditor.TestRunner.UnityAdditionalFile.txt
[ 88/152    0s] MovedFromExtractor Library/Bee/artifacts/mvdfrm/UnityEngine.JSONSerializeModule.dll_AD5AA2217B3445DB.mvfrm
[ 89/152    0s] WriteText Library/Bee/artifacts/1900b0aE.dag/UnityEngine.UI.dll.mvfrm.rsp
[ 90/152    0s] WriteText Library/Bee/artifacts/1900b0aE.dag/UnityEngine.UI.rsp
[ 91/152    0s] WriteText Library/Bee/artifacts/1900b0aE.dag/UnityEditor.TestRunner.dll.mvfrm.rsp
[ 92/152    0s] WriteText Library/Bee/artifacts/1900b0aE.dag/UnityEditor.TestRunner.rsp
[ 93/152    0s] WriteText Library/Bee/artifacts/1900b0aE.dag/UnityEditor.UI.UnityAdditionalFile.txt
[ 94/152    0s] WriteText Library/Bee/artifacts/1900b0aE.dag/UnityEditor.UI.rsp2
[ 95/152    0s] WriteText Library/Bee/artifacts/1900b0aE.dag/UnityEditor.UI.dll.mvfrm.rsp
[ 96/152    0s] WriteText Library/Bee/artifacts/1900b0aE.dag/UnityEditor.UI.rsp
[ 97/152    0s] WriteText Library/Bee/artifacts/1900b0aE.dag/MedievalRTS.Runtime.UnityAdditionalFile.txt
[ 98/152    0s] WriteText Library/Bee/artifacts/1900b0aE.dag/MedievalRTS.Runtime.rsp2
[ 99/152    0s] WriteText Library/Bee/artifacts/1900b0aE.dag/MedievalRTS.Runtime.dll.mvfrm.rsp
[100/152    0s] WriteText Library/Bee/artifacts/1900b0aE.dag/MedievalRTS.Runtime.rsp
[101/152    0s] WriteText Library/Bee/artifacts/1900b0aE.dag/MedievalRTS.EditModeTests.rsp2
[102/152    0s] WriteText Library/Bee/artifacts/1900b0aE.dag/MedievalRTS.EditModeTests.UnityAdditionalFile.txt
[103/152    0s] WriteText Library/Bee/artifacts/1900b0aE.dag/Assembly-CSharp-Editor.dll.mvfrm.rsp
[104/152    0s] WriteText Library/Bee/artifacts/1900b0aE.dag/Assembly-CSharp-Editor.rsp2
[105/152    0s] WriteText Library/Bee/artifacts/1900b0aE.dag/Assembly-CSharp-Editor.UnityAdditionalFile.txt
[106/152    0s] WriteText Library/Bee/artifacts/1900b0aE.dag/MedievalRTS.EditModeTests.dll.mvfrm.rsp
[107/152    0s] WriteText Library/Bee/artifacts/1900b0aE.dag/MedievalRTS.EditModeTests.rsp
[108/152    0s] WriteText Library/Bee/artifacts/1900b0aE.dag/Assembly-CSharp-Editor.rsp
[109/152    0s] MovedFromExtractor Library/Bee/artifacts/mvdfrm/UnityEngine.IMGUIModule.dll_F396B1FC1A7A36CA.mvfrm
[110/152    0s] MovedFromExtractor Library/Bee/artifacts/mvdfrm/UnityEngine.InputLegacyModule.dll_8728FDEA862B81B6.mvfrm
[111/152    0s] MovedFromExtractor Library/Bee/artifacts/mvdfrm/UnityEngine.HotReloadModule.dll_E24287AD0F21A339.mvfrm
[112/152    0s] MovedFromExtractor Library/Bee/artifacts/mvdfrm/UnityEngine.ImageConversionModule.dll_AE6E19CBB65658A4.mvfrm
[113/152    0s] MovedFromExtractor Library/Bee/artifacts/mvdfrm/UnityEngine.GridModule.dll_B83362B615A69FC7.mvfrm
[114/152    0s] MovedFromExtractor Library/Bee/artifacts/mvdfrm/UnityEditor.Graphs.dll_67842BF8639E43D7.mvfrm
[115/152    0s] MovedFromExtractor Library/Bee/artifacts/mvdfrm/UnityEditor.Android.Extensions.dll_5425D55ED5F3D16D.mvfrm
[116/152    0s] MovedFromExtractor Library/Bee/artifacts/mvdfrm/UnityEditor.WebGL.Extensions.dll_9D46ACDCE68106DB.mvfrm
[117/152    0s] MovedFromExtractor Library/Bee/artifacts/mvdfrm/UnityEngine.GIModule.dll_EF86342A335E7273.mvfrm
[118/152    0s] MovedFromExtractor Library/Bee/artifacts/mvdfrm/UnityEditor.WindowsStandalone.Extensions.dll_05605AE3083EBA4B.mvfrm
[119/152    0s] MovedFromExtractor Library/Bee/artifacts/mvdfrm/UnityEngine.NVIDIAModule.dll_E6E66A6F609F983C.mvfrm
[120/152    0s] MovedFromExtractorCombine Library/Bee/artifacts/1900b0aE.dag/UnityEngine.TestRunner.dll.mvfrm
[121/152    0s] MovedFromExtractorCombine Library/Bee/artifacts/1900b0aE.dag/UnityEngine.UI.dll.mvfrm
[121/152    0s] Csc Library/Bee/artifacts/1900b0aE.dag/UnityEngine.UI.dll (+2 others) [CacheHit dfe5b6a161feee048608f10f3e07b8f600000000000000000000000000000003]
[122/152   1782789443s] Csc Library/Bee/artifacts/1900b0aE.dag/UnityEngine.UI.dll (+2 others)
[124/152    0s] CopyFiles Library/ScriptAssemblies/UnityEngine.UI.dll
[125/152    0s] CopyFiles Library/ScriptAssemblies/UnityEngine.UI.pdb
[124/152    0s] Csc Library/Bee/artifacts/1900b0aE.dag/UnityEngine.TestRunner.dll (+2 others) [CacheHit d103ed30ec58b4c7b31df632fb1f806900000000000000000000000000000003]
[126/152   1782789443s] Csc Library/Bee/artifacts/1900b0aE.dag/UnityEngine.TestRunner.dll (+2 others)
[128/152    0s] CopyFiles Library/ScriptAssemblies/UnityEngine.TestRunner.pdb
[129/152    0s] CopyFiles Library/ScriptAssemblies/UnityEngine.TestRunner.dll
[130/152    0s] MovedFromExtractor Library/Bee/artifacts/mvdfrm/UnityEngine.UI.ref.dll_08FEAA520A2EFD60.mvfrm
[131/152    0s] MovedFromExtractor Library/Bee/artifacts/mvdfrm/UnityEngine.TestRunner.ref.dll_E55D0F7C63F01D9E.mvfrm
[132/152    0s] MovedFromExtractorCombine Library/Bee/artifacts/1900b0aE.dag/UnityEditor.TestRunner.dll.mvfrm
[130/152    0s] Csc Library/Bee/artifacts/1900b0aE.dag/UnityEditor.TestRunner.dll (+2 others) [CacheHit 5f9212bc52eeb4b29a606e512994541000000000000000000000000000000003]
[133/152   1782789443s] Csc Library/Bee/artifacts/1900b0aE.dag/UnityEditor.TestRunner.dll (+2 others)
[135/152    0s] CopyFiles Library/ScriptAssemblies/UnityEditor.TestRunner.pdb
[136/152    0s] CopyFiles Library/ScriptAssemblies/UnityEditor.TestRunner.dll
[137/152    0s] MovedFromExtractor Library/Bee/artifacts/mvdfrm/UnityEditor.TestRunner.ref.dll_193EC4CE382CBFB3.mvfrm
[138/152    0s] MovedFromExtractorCombine Library/Bee/artifacts/1900b0aE.dag/UnityEditor.UI.dll.mvfrm
[135/152    0s] Csc Library/Bee/artifacts/1900b0aE.dag/UnityEditor.UI.dll (+2 others) [CacheHit 015ee08921f10eccc3b0a743f82a5ed400000000000000000000000000000003]
[139/152   1782789443s] Csc Library/Bee/artifacts/1900b0aE.dag/UnityEditor.UI.dll (+2 others)
[141/152    0s] CopyFiles Library/ScriptAssemblies/UnityEditor.UI.pdb
[142/152    0s] CopyFiles Library/ScriptAssemblies/UnityEditor.UI.dll
[143/152    0s] MovedFromExtractor Library/Bee/artifacts/mvdfrm/UnityEditor.UI.ref.dll_4C98D3F7040CD4F5.mvfrm
[144/152    0s] MovedFromExtractorCombine Library/Bee/artifacts/1900b0aE.dag/MedievalRTS.Runtime.dll.mvfrm
[145/152    0s] MovedFromExtractorCombine Library/Bee/artifacts/1900b0aE.dag/MedievalRTS.EditModeTests.dll.mvfrm
[146/152    0s] MovedFromExtractorCombine Library/Bee/artifacts/1900b0aE.dag/Assembly-CSharp-Editor.dll.mvfrm
[147/152    1s] Csc Library/Bee/artifacts/1900b0aE.dag/MedievalRTS.Runtime.dll (+2 others)
[148/152    0s] CopyFiles Library/ScriptAssemblies/MedievalRTS.Runtime.pdb
[149/152    0s] CopyFiles Library/ScriptAssemblies/MedievalRTS.Runtime.dll
[150/152    0s] Csc Library/Bee/artifacts/1900b0aE.dag/MedievalRTS.EditModeTests.dll (+2 others)
[151/152    0s] CopyFiles Library/ScriptAssemblies/MedievalRTS.EditModeTests.pdb
[152/152    0s] CopyFiles Library/ScriptAssemblies/MedievalRTS.EditModeTests.dll
[153/152    0s] Csc Library/Bee/artifacts/1900b0aE.dag/Assembly-CSharp-Editor.dll (+2 others)
Assets\_Game\Editor\RTSSetupWizard.cs(579,56): warning CS0618: 'StaticEditorFlags.NavigationStatic' is obsolete: 'Enum member StaticEditorFlags.NavigationStatic has been deprecated. The precise selection of the objects is now done using NavMeshBuilder.CollectSources() and NavMeshBuildMarkup.'
[154/152    0s] CopyFiles Library/ScriptAssemblies/Assembly-CSharp-Editor.pdb
[155/152    0s] CopyFiles Library/ScriptAssemblies/Assembly-CSharp-Editor.dll
*** Tundra build success (4.38 seconds), 147 items updated, 152 evaluated
Assets\_Game\Editor\RTSSetupWizard.cs(579,56): warning CS0618: 'StaticEditorFlags.NavigationStatic' is obsolete: 'Enum member StaticEditorFlags.NavigationStatic has been deprecated. The precise selection of the objects is now done using NavMeshBuilder.CollectSources() and NavMeshBuildMarkup.'
AssetDatabase: script compilation time: 5.169297s
Begin MonoManager ReloadAssembly
Symbol file LoadedFromMemory is not a mono symbol file
Total cache size 268314463
Total cache size after purge 268314463
- Loaded All Assemblies, in  0.341 seconds
Refreshing native plugins compatible for Editor in 0.00 ms, found 0 plugins.
Preloading 0 native plugins for Editor in 0.00 ms.
Start importing Assets using Guid(00000000000000001000000000000000) Importer(-1,00000000000000000000000000000000) [PhysX] Initialized MultithreadedTaskDispatcher with 12 workers.
 -> (artifact id: '93ad63751633d8931d579dd8b88b788a') in 0.009313 seconds
Start importing ProjectSettings/InputManager.asset using Guid(00000000000000002000000000000000) Importer(-1,00000000000000000000000000000000) [PhysX] Initialized MultithreadedTaskDispatcher with 12 workers.
 -> (artifact id: 'a3cfdfd5bc6102f343b4829a8ce79dc0') in 0.002307 seconds
Start importing ProjectSettings/TagManager.asset using Guid(00000000000000003000000000000000) Importer(-1,00000000000000000000000000000000) [PhysX] Initialized MultithreadedTaskDispatcher with 12 workers.
 -> (artifact id: '9a5f617c5207da3bfb92d8d5e3722f18') in 0.001497 seconds
Start importing ProjectSettings/ProjectSettings.asset using Guid(00000000000000004000000000000000) Importer(-1,00000000000000000000000000000000) [PhysX] Initialized MultithreadedTaskDispatcher with 12 workers.
 -> (artifact id: 'a5db33e1bf40e9a88f522390543d0964') in 0.002055 seconds
Start importing ProjectSettings/AudioManager.asset using Guid(00000000000000006000000000000000) Importer(-1,00000000000000000000000000000000) [PhysX] Initialized MultithreadedTaskDispatcher with 12 workers.
 -> (artifact id: '292f6cd681078f98ae77be02f37bb3f0') in 0.001385 seconds
Start importing ProjectSettings/TimeManager.asset using Guid(00000000000000007000000000000000) Importer(-1,00000000000000000000000000000000) [PhysX] Initialized MultithreadedTaskDispatcher with 12 workers.
 -> (artifact id: 'c15cae83774660c90452602a6b058633') in 0.001430 seconds
Start importing ProjectSettings/DynamicsManager.asset using Guid(00000000000000008000000000000000) Importer(-1,00000000000000000000000000000000) [PhysX] Initialized MultithreadedTaskDispatcher with 12 workers.
 -> (artifact id: '629e0c014710a9954fe94cf2b97a0f0d') in 0.001273 seconds
Start importing ProjectSettings/QualitySettings.asset using Guid(00000000000000009000000000000000) Importer(-1,00000000000000000000000000000000) [PhysX] Initialized MultithreadedTaskDispatcher with 12 workers.
 -> (artifact id: '501a5b1271de8da946e0d9f62dd70a3d') in 0.001576 seconds
Start importing ProjectSettings/EditorBuildSettings.asset using Guid(0000000000000000b000000000000000) Importer(-1,00000000000000000000000000000000) [PhysX] Initialized MultithreadedTaskDispatcher with 12 workers.
 -> (artifact id: 'f6a0e076020fc503ada5c558318bffa5') in 0.001362 seconds
Start importing ProjectSettings/EditorSettings.asset using Guid(0000000000000000c000000000000000) Importer(-1,00000000000000000000000000000000) [PhysX] Initialized MultithreadedTaskDispatcher with 12 workers.
 -> (artifact id: '833fd8b95bc379c0fa32edbb3836570f') in 0.002645 seconds
Start importing ProjectSettings/NavMeshAreas.asset using Guid(00000000000000004100000000000000) Importer(-1,00000000000000000000000000000000) [PhysX] Initialized MultithreadedTaskDispatcher with 12 workers.
 -> (artifact id: '5fe2fb6b529ee761bb20746a7ab1b241') in 0.001761 seconds
Start importing ProjectSettings/Physics2DSettings.asset using Guid(00000000000000005100000000000000) Importer(-1,00000000000000000000000000000000) [PhysX] Initialized MultithreadedTaskDispatcher with 12 workers.
 -> (artifact id: '38971527cf446bd70982f05c976f6c26') in 0.001414 seconds
Start importing ProjectSettings/GraphicsSettings.asset using Guid(00000000000000006100000000000000) Importer(-1,00000000000000000000000000000000) [PhysX] Initialized MultithreadedTaskDispatcher with 12 workers.
 -> (artifact id: '1a6efcc7357d78aec34b1ea3df512eae') in 0.001391 seconds
Start importing ProjectSettings/ClusterInputManager.asset using Guid(00000000000000007100000000000000) Importer(-1,00000000000000000000000000000000) [PhysX] Initialized MultithreadedTaskDispatcher with 12 workers.
 -> (artifact id: 'eaff7db4dd05d8ff0818f60bff250dfd') in 0.001412 seconds
Start importing ProjectSettings/UnityConnectSettings.asset using Guid(0000000000000000a100000000000000) Importer(-1,00000000000000000000000000000000) [PhysX] Initialized MultithreadedTaskDispatcher with 12 workers.
 -> (artifact id: '7fa144b1a243911758944baf90717efe') in 0.001263 seconds
Start importing ProjectSettings/PresetManager.asset using Guid(0000000000000000b100000000000000) Importer(-1,00000000000000000000000000000000) [PhysX] Initialized MultithreadedTaskDispatcher with 12 workers.
 -> (artifact id: 'f8e82747b2c0e3f6eee0b9346750641f') in 0.001250 seconds
Start importing ProjectSettings/VFXManager.asset using Guid(0000000000000000c100000000000000) Importer(-1,00000000000000000000000000000000) [PhysX] Initialized MultithreadedTaskDispatcher with 12 workers.
 -> (artifact id: '396c4265c10af43b1b16dd72ffe4ebef') in 0.001388 seconds
Start importing ProjectSettings/VersionControlSettings.asset using Guid(0000000000000000d100000000000000) Importer(-1,00000000000000000000000000000000) [PhysX] Initialized MultithreadedTaskDispatcher with 12 workers.
 -> (artifact id: 'f699c8df73f04ae7374a667632b35689') in 0.001503 seconds
Start importing ProjectSettings/MemorySettings.asset using Guid(0000000000000000f100000000000000) Importer(-1,00000000000000000000000000000000) [PhysX] Initialized MultithreadedTaskDispatcher with 12 workers.
 -> (artifact id: '1a756112cecf39e490a601a9eff03275') in 0.001569 seconds
Start importing Assets/SimpleNaturePack using Guid(30341396a589664418cb8e33d2b6dc29) Importer(-1,00000000000000000000000000000000) [PhysX] Initialized MultithreadedTaskDispatcher with 12 workers.
 -> (artifact id: '01b6bbd0eff248b5536fadcd4b33034e') in 0.000574 seconds
Start importing Packages/com.unity.test-framework using Guid(6023f2b823fc19b4e4a90875281ff117) Importer(-1,00000000000000000000000000000000) [PhysX] Initialized MultithreadedTaskDispatcher with 12 workers.
 -> (artifact id: '02095dcbe88dcc02da1fa80e6ac2e437') in 0.000530 seconds
Start importing Packages/com.unity.modules.imgui using Guid(c060426bfd6e82575228df6656368eaa) Importer(-1,00000000000000000000000000000000) [PhysX] Initialized MultithreadedTaskDispatcher with 12 workers.
 -> (artifact id: '8902333b06588af5029cfee34ad74076') in 0.000491 seconds
Start importing Packages/com.unity.modules.animation using Guid(1158e311a3101950348dcecb1bebc42d) Importer(-1,00000000000000000000000000000000) [PhysX] Initialized MultithreadedTaskDispatcher with 12 workers.
 -> (artifact id: '4b13bed27054d1939cda218eb185d038') in 0.000382 seconds
Start importing Packages/com.unity.modules.xr using Guid(515638b803bef8599dbd6d5c8bdaa53e) Importer(-1,00000000000000000000000000000000) [PhysX] Initialized MultithreadedTaskDispatcher with 12 workers.
 -> (artifact id: 'b6eca1bb10ae9962069ab67697f5fb12') in 0.000353 seconds
Start importing Assets/ToonyTinyPeople using Guid(8150803907235284eb23857777a2b632) Importer(-1,00000000000000000000000000000000) [PhysX] Initialized MultithreadedTaskDispatcher with 12 workers.
 -> (artifact id: '5ff6feda388eae60b1516dfc83abed59') in 0.000427 seconds
Start importing Packages/com.unity.modules.assetbundle using Guid(b219c86ce508e478367c0a46e1aa9fe4) Importer(-1,00000000000000000000000000000000) [PhysX] Initialized MultithreadedTaskDispatcher with 12 workers.
 -> (artifact id: '81bc1187aed69ff373ff2eba4e66a856') in 0.000419 seconds
Start importing Packages/com.unity.modules.screencapture using Guid(5469ef0820152a4ae45d400fdc4626e4) Importer(-1,00000000000000000000000000000000) [PhysX] Initialized MultithreadedTaskDispatcher with 12 workers.
 -> (artifact id: '0d671ba702572809a8e7139fbb07a209') in 0.000360 seconds
Start importing Packages/com.unity.modules.cloth using Guid(c4df1124e2787ee0c8d1a911de17ee73) Importer(-1,00000000000000000000000000000000) [PhysX] Initialized MultithreadedTaskDispatcher with 12 workers.
 -> (artifact id: '910cec8c5afcdb496070e8dbfebc2b41') in 0.000332 seconds
Start importing Packages/com.unity.ext.nunit using Guid(25a477c2f24db8778a4179421a32cc21) Importer(-1,00000000000000000000000000000000) [PhysX] Initialized MultithreadedTaskDispatcher with 12 workers.
 -> (artifact id: 'c6dcccc964a724f64313e9cc1b76b0ad') in 0.000337 seconds
Start importing Packages/com.unity.modules.imageconversion using Guid(850c54ee0b9e1aa740b1c67792eb1f26) Importer(-1,00000000000000000000000000000000) [PhysX] Initialized MultithreadedTaskDispatcher with 12 workers.
 -> (artifact id: '4b4518349c1690f615e4983fae26b92c') in 0.000389 seconds
Start importing Packages/com.unity.modules.terrainphysics using Guid(95f85adeda79e994f011eb2152cf4fc9) Importer(-1,00000000000000000000000000000000) [PhysX] Initialized MultithreadedTaskDispatcher with 12 workers.
 -> (artifact id: 'b77b76c8cbb898c790ec5d2914852b17') in 0.000345 seconds
Start importing Packages/com.unity.modules.unitywebrequest using Guid(c522a644a29fcab2eaf63298c118a65b) Importer(-1,00000000000000000000000000000000) [PhysX] Initialized MultithreadedTaskDispatcher with 12 workers.
 -> (artifact id: '24eb8b7b970b4b15175b837494933af7') in 0.000377 seconds
Start importing Packages/com.unity.modules.unitywebrequestassetbundle using Guid(d5f0b0adc6826e9dd3b72e292e8438be) Importer(-1,00000000000000000000000000000000) [PhysX] Initialized MultithreadedTaskDispatcher with 12 workers.
 -> (artifact id: 'b8ddc3c9b7e6078e04ce2334fde66660') in 0.000336 seconds
Start importing Assets/_Game using Guid(d5c68909cb573ab4a98c5708af4178de) Importer(-1,00000000000000000000000000000000) [PhysX] Initialized MultithreadedTaskDispatcher with 12 workers.
 -> (artifact id: 'b1e093f23099a88de68077bdff7bbceb') in 0.000404 seconds
Start importing Assets/UI Toolkit using Guid(0686eb57ba56fcd478d1f0873ff6c4c3) Importer(-1,00000000000000000000000000000000) [PhysX] Initialized MultithreadedTaskDispatcher with 12 workers.
 -> (artifact id: 'e8ae732abefcda5b7ca54edfaa45c000') in 0.000415 seconds
Start importing Packages/com.unity.modules.subsystems using Guid(56b94a5b6990c879bb0f057719d1064b) Importer(-1,00000000000000000000000000000000) [PhysX] Initialized MultithreadedTaskDispatcher with 12 workers.
 -> (artifact id: '4cf0f96025ee9e15a99f570070cfaec3') in 0.000349 seconds
Start importing Packages/com.unity.modules.unityanalytics using Guid(d6c6a000a805f00649b36b542e8426c2) Importer(-1,00000000000000000000000000000000) [PhysX] Initialized MultithreadedTaskDispatcher with 12 workers.
 -> (artifact id: 'd703373e9673027352a22fcb397757c7') in 0.000341 seconds
Start importing Packages/com.unity.modules.physics using Guid(d6db7caf2e852b75ebb9c6098418179c) Importer(-1,00000000000000000000000000000000) [PhysX] Initialized MultithreadedTaskDispatcher with 12 workers.
 -> (artifact id: 'f9fd01135c8ca7bc4b5b7765199fb38d') in 0.000331 seconds
Start importing Packages/com.unity.modules.vr using Guid(178008567c08e6d84014fa87825d10bb) Importer(-1,00000000000000000000000000000000) [PhysX] Initialized MultithreadedTaskDispatcher with 12 workers.
 -> (artifact id: 'b79c3fdf3877458333c6c76a155f763e') in 0.000730 seconds
Start importing Packages/com.unity.modules.physics2d using Guid(376c84ea405e0f2b80562c23bb977216) Importer(-1,00000000000000000000000000000000) [PhysX] Initialized MultithreadedTaskDispatcher with 12 workers.
 -> (artifact id: 'ed680e3c20e465a0368371a1f9053e23') in 0.000506 seconds
Start importing Packages/com.unity.modules.wind using Guid(b77b1ad9c05af0412725856c6c53b037) Importer(-1,00000000000000000000000000000000) [PhysX] Initialized MultithreadedTaskDispatcher with 12 workers.
 -> (artifact id: 'd5e232f574be5c0e71654505618918ab') in 0.000497 seconds
Start importing Packages/com.unity.modules.uielements using Guid(2808ba6bccb2478ec9c7209d8bf1f3cc) Importer(-1,00000000000000000000000000000000) [PhysX] Initialized MultithreadedTaskDispatcher with 12 workers.
 -> (artifact id: '4965993930d81dfc0a45764e728bf8b1') in 0.000503 seconds
Start importing Packages/com.unity.modules.unitywebrequestaudio using Guid(38e3a8976f0b9c586b6dfbcef4e4066c) Importer(-1,00000000000000000000000000000000) [PhysX] Initialized MultithreadedTaskDispatcher with 12 workers.
 -> (artifact id: '2cd35b792eaa8cbe96f21d879a3e72f1') in 0.000373 seconds
Start importing Packages/com.unity.modules.particlesystem using Guid(48b10b41f58d5b49717f376cda59eeb8) Importer(-1,00000000000000000000000000000000) [PhysX] Initialized MultithreadedTaskDispatcher with 12 workers.
 -> (artifact id: 'ca7262f9ef295b5a00187abd4a30050a') in 0.000340 seconds
Start importing Packages/com.unity.modules.tilemap using Guid(09e28640d754a611467eebfb261ed749) Importer(-1,00000000000000000000000000000000) [PhysX] Initialized MultithreadedTaskDispatcher with 12 workers.
 -> (artifact id: '5ab2a987c09d4dc14787b8fcba65a50a') in 0.000465 seconds
Start importing Packages/com.unity.modules.ui using Guid(39728903e57c60021f80449a8bbc0096) Importer(-1,00000000000000000000000000000000) [PhysX] Initialized MultithreadedTaskDispatcher with 12 workers.
 -> (artifact id: 'b267f7291c549a8f27442256309b573f') in 0.000392 seconds
Start importing Packages/com.unity.modules.androidjni using Guid(995c08a3305ff9f0dab5e86f340bd9a7) Importer(-1,00000000000000000000000000000000) [PhysX] Initialized MultithreadedTaskDispatcher with 12 workers.
 -> (artifact id: '6f8d08e98fde8d7c4385fb621b6be202') in 0.000380 seconds
Start importing Packages/com.unity.modules.vehicles using Guid(1cf2469083ffa484da4d78dd70d708e8) Importer(-1,00000000000000000000000000000000) [PhysX] Initialized MultithreadedTaskDispatcher with 12 workers.
 -> (artifact id: '115ceff5840c19dfe9672f6033f8a717') in 0.000365 seconds
Start importing Packages/com.unity.modules.umbra using Guid(9c7c268fa6492449654839df69f2a2f4) Importer(-1,00000000000000000000000000000000) [PhysX] Initialized MultithreadedTaskDispatcher with 12 workers.
 -> (artifact id: 'a8ef4d94cd61c70db1871d39be5ae8ae') in 0.000364 seconds
Start importing Packages/com.unity.modules.unitywebrequestwww using Guid(dcc8c6e92b172a65719af5ddf47dd968) Importer(-1,00000000000000000000000000000000) [PhysX] Initialized MultithreadedTaskDispatcher with 12 workers.
 -> (artifact id: '11fed0fc4fd14a07b5d3b1a2b9612519') in 0.000635 seconds
Start importing Packages/com.unity.modules.jsonserialize using Guid(fc3a810351931f5e6183e16b9beb5563) Importer(-1,00000000000000000000000000000000) [PhysX] Initialized MultithreadedTaskDispatcher with 12 workers.
 -> (artifact id: 'd91970cd8c07bdafe4a386e4a343caec') in 0.000391 seconds
Start importing Packages/com.unity.modules.director using Guid(2d142b475fbfb8cf12ba3a795194300a) Importer(-1,00000000000000000000000000000000) [PhysX] Initialized MultithreadedTaskDispatcher with 12 workers.
 -> (artifact id: '9500aec0ed8af64340b39c6fa49089c4') in 0.000364 seconds
Start importing Packages/com.unity.modules.audio using Guid(2d6ba5cbe47e6ad3c87474c56174d4e0) Importer(-1,00000000000000000000000000000000) [PhysX] Initialized MultithreadedTaskDispatcher with 12 workers.
 -> (artifact id: 'f55a45c8f2f862f836c6d034806aa792') in 0.000339 seconds
Start importing Packages/com.unity.modules.video using Guid(ede0462698a4a5643aa9872c074acd38) Importer(-1,00000000000000000000000000000000) [PhysX] Initialized MultithreadedTaskDispatcher with 12 workers.
 -> (artifact id: '6741298b360b0e950c1f8305af5f2b41') in 0.000337 seconds
Start importing Packages/com.unity.modules.ai using Guid(fd871a8be47119612f7c254e96a822b7) Importer(-1,00000000000000000000000000000000) [PhysX] Initialized MultithreadedTaskDispatcher with 12 workers.
 -> (artifact id: '09dfde8fda618d70905d7eae2a2485ab') in 0.000328 seconds
Start importing Assets/Resources using Guid(4ef274f9d6cefda47a99b4a4a18f333e) Importer(-1,00000000000000000000000000000000) [PhysX] Initialized MultithreadedTaskDispatcher with 12 workers.
 -> (artifact id: '516f4fd873b170f1e220b55a004ec49a') in 0.000432 seconds
Start importing Packages/com.unity.modules.terrain using Guid(6e1c8b97ec8aa0464e92506ffe099558) Importer(-1,00000000000000000000000000000000) [PhysX] Initialized MultithreadedTaskDispatcher with 12 workers.
 -> (artifact id: 'bb47b3da1c7fc74d233b2872de82768d') in 0.000331 seconds
Start importing Packages/com.unity.nuget.newtonsoft-json using Guid(7e7d2b05dd6ea119ce16861d56d99a82) Importer(-1,00000000000000000000000000000000) [PhysX] Initialized MultithreadedTaskDispatcher with 12 workers.
 -> (artifact id: 'f3266165d33e34c553133f1aee3ecee8') in 0.000336 seconds
Start importing Packages/com.unity.modules.unitywebrequesttexture using Guid(6f1c7ebc8ac78cb951be24c238cbd3ba) Importer(-1,00000000000000000000000000000000) [PhysX] Initialized MultithreadedTaskDispatcher with 12 workers.
 -> (artifact id: '95887552146bc47ecce76846c799f4d0') in 0.000337 seconds
Start importing Packages/com.unity.ugui using Guid(8f7652e09069a1943278893d4264401e) Importer(-1,00000000000000000000000000000000) [PhysX] Initialized MultithreadedTaskDispatcher with 12 workers.
 -> (artifact id: '3b911f28f22b10ba45ff5c1dd564abfe') in 0.000853 seconds
Start importing Assets/UI Toolkit/UnityThemes using Guid(41371b8f2d5b8614a8ce2611d3de0ca3) Importer(-1,00000000000000000000000000000000) [PhysX] Initialized MultithreadedTaskDispatcher with 12 workers.
 -> (artifact id: 'df110ed7c17e3be77fd9b145ce37ba67') in 0.000436 seconds
Start importing Assets/_Game/Materials using Guid(d11a5f8ebb8bd8844b8a65f9002d0b45) Importer(-1,00000000000000000000000000000000) [PhysX] Initialized MultithreadedTaskDispatcher with 12 workers.
 -> (artifact id: 'f04d14eff716725623c16bba5aa06161') in 0.000413 seconds
Start importing Assets/_Game/Editor using Guid(92f57851bb57ab247996a35941f62116) Importer(-1,00000000000000000000000000000000) [PhysX] Initialized MultithreadedTaskDispatcher with 12 workers.
 -> (artifact id: '5eeae04dece4202957edb2007d992fc6') in 0.000394 seconds
Start importing Assets/_Game/Tests using Guid(f2c50784bee7ba34f963badc4e7d4cac) Importer(-1,00000000000000000000000000000000) [PhysX] Initialized MultithreadedTaskDispatcher with 12 workers.
 -> (artifact id: 'fdb1e55f5b03fa327e21b7d3674c2ca7') in 0.000419 seconds
Start importing Assets/SimpleNaturePack/Models using Guid(f2460ba6bbb1eee41b63499dcba676dc) Importer(-1,00000000000000000000000000000000) [PhysX] Initialized MultithreadedTaskDispatcher with 12 workers.
 -> (artifact id: '7fff5faca778cf0cdd6b1afe648c1809') in 0.000405 seconds
Start importing Assets/_Game/Prefabs using Guid(04c5ac9c3583972448b8e6407f2bbc19) Importer(-1,00000000000000000000000000000000) [PhysX] Initialized MultithreadedTaskDispatcher with 12 workers.
 -> (artifact id: '120e519c3eb09486096d37cbd89ea89a') in 0.000415 seconds
Start importing Assets/SimpleNaturePack/Prefabs using Guid(245080b10b3a2d542a041d0b8f4fe0dc) Importer(-1,00000000000000000000000000000000) [PhysX] Initialized MultithreadedTaskDispatcher with 12 workers.
 -> (artifact id: 'f1a836ba1c205372021aa774f33050ac') in 0.000431 seconds
Start importing Assets/_Game/Art using Guid(949790a1f17e014488a5bc78e0255a43) Importer(-1,00000000000000000000000000000000) [PhysX] Initialized MultithreadedTaskDispatcher with 12 workers.
 -> (artifact id: '9108ec1c17899bdd73f9a3ae33becfb8') in 0.000416 seconds
Start importing Packages/com.unity.test-framework/UnityEngine.TestRunner using Guid(950890083f4907541a6ed06d70959e49) Importer(-1,00000000000000000000000000000000) [PhysX] Initialized MultithreadedTaskDispatcher with 12 workers.
 -> (artifact id: 'b5c3612d54a49e88e4a7fd146ea6307c') in 0.000414 seconds
Start importing Packages/com.unity.test-framework/UnityEditor.TestRunner using Guid(95cdf27b47eb82747ba9e51f41e72a35) Importer(-1,00000000000000000000000000000000) [PhysX] Initialized MultithreadedTaskDispatcher with 12 workers.
 -> (artifact id: '235df85ed7622ab3bef65cbe08221807') in 0.000630 seconds
Start importing Assets/Resources/MadDragonArt using Guid(e50b6fc51fda92e4b998fe2a634cf082) Importer(-1,00000000000000000000000000000000) [PhysX] Initialized MultithreadedTaskDispatcher with 12 workers.
 -> (artifact id: '415de2dd4bbaf3af95c851c41884c138') in 0.000497 seconds
Start importing Assets/Resources/ToonyRts using Guid(b6ce5dd9a54f2be45814e516271b5f32) Importer(-1,00000000000000000000000000000000) [PhysX] Initialized MultithreadedTaskDispatcher with 12 workers.
 -> (artifact id: '8b989d77c348f23e3fe6ebfacd4fcc27') in 0.000512 seconds
Start importing Packages/com.unity.ugui/Tests using Guid(d850db319a63d2546932ff76fe55a498) Importer(-1,00000000000000000000000000000000) [PhysX] Initialized MultithreadedTaskDispatcher with 12 workers.
 -> (artifact id: '6ebbb714351c13b4d561925b2df2ec14') in 0.000502 seconds
Start importing Packages/com.unity.ugui/Runtime using Guid(aa14b70e6a58c5b4fa6663623e3dca91) Importer(-1,00000000000000000000000000000000) [PhysX] Initialized MultithreadedTaskDispatcher with 12 workers.
 -> (artifact id: '2cda5814c814c7547224627290bb63ac') in 0.000512 seconds
Start importing Assets/_Game/Scenes using Guid(ec027a475f6d47f44ad1432c138932a2) Importer(-1,00000000000000000000000000000000) [PhysX] Initialized MultithreadedTaskDispatcher with 12 workers.
 -> (artifact id: 'd61d4ae48171416f05a401236285eab6') in 0.000418 seconds
Start importing Assets/SimpleNaturePack/Textures using Guid(2d44b6cffc02046488649c55d0f4d79e) Importer(-1,00000000000000000000000000000000) [PhysX] Initialized MultithreadedTaskDispatcher with 12 workers.
 -> (artifact id: '142477c8ab1c3a17579c0d0a1584bd62') in 0.000409 seconds
Start importing Assets/ToonyTinyPeople/TT_RTS using Guid(3ddd63881ccbc8e4cb15e21e6006f79a) Importer(-1,00000000000000000000000000000000) [PhysX] Initialized MultithreadedTaskDispatcher with 12 workers.
 -> (artifact id: 'eec4933dbf8620474506f49c61b85676') in 0.000461 seconds
Start importing Packages/com.unity.ugui/Editor using Guid(bee384ad5b4d1a843a018082e7db53cd) Importer(-1,00000000000000000000000000000000) [PhysX] Initialized MultithreadedTaskDispatcher with 12 workers.
 -> (artifact id: '7d0078fe0b3ff09383533b24de72d570') in 0.000705 seconds
Start importing Packages/com.unity.nuget.newtonsoft-json/Runtime using Guid(de1c7164adaf49d47b5de31c140713c9) Importer(-1,00000000000000000000000000000000) [PhysX] Initialized MultithreadedTaskDispatcher with 12 workers.
 -> (artifact id: 'd7b8404c17483b9736f4bd87ea9a0e7b') in 0.000589 seconds
Start importing Assets/_Game/ScriptableObjects using Guid(1ffd7ca55b1a7144da6c4ea77d86c0a3) Importer(-1,00000000000000000000000000000000) [PhysX] Initialized MultithreadedTaskDispatcher with 12 workers.
 -> (artifact id: '85f0fae97f5141bdb173b10ffcc8ccca') in 0.000564 seconds
Start importing Assets/SimpleNaturePack/Materials using Guid(3f25702c5c7afec41b85b074bf76e4a4) Importer(-1,00000000000000000000000000000000) [PhysX] Initialized MultithreadedTaskDispatcher with 12 workers.
 -> (artifact id: '3dc0b707b0cfa53297da545aec93bc21') in 0.000422 seconds
Start importing Packages/com.unity.ext.nunit/net40 using Guid(af19581c6078849139e0671f575e4b7c) Importer(-1,00000000000000000000000000000000) [PhysX] Initialized MultithreadedTaskDispatcher with 12 workers.
 -> (artifact id: '3ad5e3972466e21e4088ad58d859dbef') in 0.000426 seconds
Start importing Assets/_Game/Scripts using Guid(bfa5fd1a1ff3a104badb4b08a9543406) Importer(-1,00000000000000000000000000000000) [PhysX] Initialized MultithreadedTaskDispatcher with 12 workers.
 -> (artifact id: 'f713c9371e9801865a2fc78d15fcbd49') in 0.000410 seconds
Start importing Assets/SimpleNaturePack/Scenes using Guid(cf7d20afeed25e648acff9bab9734317) Importer(-1,00000000000000000000000000000000) [PhysX] Initialized MultithreadedTaskDispatcher with 12 workers.
 -> (artifact id: 'f909b5f7542415131f26145cc48daaef') in 0.000440 seconds
Start importing Assets/Resources/MadDragonArt/Icons using Guid(80ff3a32d54dfcc4ea93d3699233223b) Importer(-1,00000000000000000000000000000000) [PhysX] Initialized MultithreadedTaskDispatcher with 12 workers.
 -> (artifact id: '081dcc6c7f3266dcc2ee562abef54fb3') in 0.000430 seconds
Start importing Packages/com.unity.ext.nunit/net40/unity-custom using Guid(c0673f99c7a5d42e081a6f88c5a37862) Importer(-1,00000000000000000000000000000000) [PhysX] Initialized MultithreadedTaskDispatcher with 12 workers.
 -> (artifact id: '2431e82afc37f6ac93abb892bbda7950') in 0.000413 seconds
Start importing Assets/_Game/Scripts/Economy using Guid(e034f9bdac811fe4587b7e051cd44c9b) Importer(-1,00000000000000000000000000000000) [PhysX] Initialized MultithreadedTaskDispatcher with 12 workers.
 -> (artifact id: '9e5d32bb81645c9206fbc066105bf18d') in 0.000489 seconds
Start importing Assets/_Game/Scripts/Units using Guid(c1355c2fe43186e4295eed437ce1bdaf) Importer(-1,00000000000000000000000000000000) [PhysX] Initialized MultithreadedTaskDispatcher with 12 workers.
 -> (artifact id: 'd576014d7d16c12ddcef3e25265d2fb7') in 0.000622 seconds
Start importing Packages/com.unity.ugui/Runtime/Properties using Guid(32e2186f4598cff489784aae586f2215) Importer(-1,00000000000000000000000000000000) [PhysX] Initialized MultithreadedTaskDispatcher with 12 workers.
 -> (artifact id: '580995b27a1adb559cfa1b4ed7b4f81e') in 0.000447 seconds
Start importing Assets/Resources/MadDragonArt/Ui using Guid(8293183ee572cb64e8f1e540a763938e) Importer(-1,00000000000000000000000000000000) [PhysX] Initialized MultithreadedTaskDispatcher with 12 workers.
 -> (artifact id: 'e158acda1895a58886390ce8e11044a1') in 0.000425 seconds
Start importing Assets/Resources/MadDragonArt/Units using Guid(928cbab1895ec4c4a8d83b787b23b8b4) Importer(-1,00000000000000000000000000000000) [PhysX] Initialized MultithreadedTaskDispatcher with 12 workers.
 -> (artifact id: '4b6db957757c5175ca06220edda673ec') in 0.000436 seconds
Start importing Assets/_Game/Scripts/Core using Guid(1389bd3feec0e074fbd816d7bd5d8fa6) Importer(-1,00000000000000000000000000000000) [PhysX] Initialized MultithreadedTaskDispatcher with 12 workers.
 -> (artifact id: '673d403b7ef567a1fe7f1de72683ba28') in 0.000446 seconds
Start importing Assets/_Game/Prefabs/UI using Guid(835865f961598cb4483fabb4de7e1182) Importer(-1,00000000000000000000000000000000) [PhysX] Initialized MultithreadedTaskDispatcher with 12 workers.
 -> (artifact id: '90983b2305e16146c041799308d02e91') in 0.000896 seconds
Start importing Packages/com.unity.ugui/Tests/Editor using Guid(936bea4b2545c4a4fad2e623b0f6371f) Importer(-1,00000000000000000000000000000000) [PhysX] Initialized MultithreadedTaskDispatcher with 12 workers.
 -> (artifact id: '23fc81d8a4cb9f0ac8623145f0110a8a') in 0.000505 seconds
Start importing Packages/com.unity.test-framework/UnityEditor.TestRunner/UnityTestProtocol using Guid(936c6340f3468444ebb1785b4c311126) Importer(-1,00000000000000000000000000000000) [PhysX] Initialized MultithreadedTaskDispatcher with 12 workers.
 -> (artifact id: '0f71d664a22ed0a2fda343e8f5e3708e') in 0.000551 seconds
Start importing Assets/_Game/ScriptableObjects/Units using Guid(f3aab1cb2b35ab9418549796b86d8a9a) Importer(-1,00000000000000000000000000000000) [PhysX] Initialized MultithreadedTaskDispatcher with 12 workers.
 -> (artifact id: 'c1a1ead82653f34d176e42bb56547686') in 0.000643 seconds
Start importing Packages/com.unity.nuget.newtonsoft-json/Runtime/AOT using Guid(14f21d7a1e53a8c4e87b25526a7eb63c) Importer(-1,00000000000000000000000000000000) [PhysX] Initialized MultithreadedTaskDispatcher with 12 workers.
 -> (artifact id: 'f9a33eb7d180b19947da46f760172eb9') in 0.000597 seconds
Start importing Packages/com.unity.ugui/Runtime/UI using Guid(742654cad2425334696ba6ed4495cfef) Importer(-1,00000000000000000000000000000000) [PhysX] Initialized MultithreadedTaskDispatcher with 12 workers.
 -> (artifact id: '38fa3ade58dc5867fd7e786b1c7a3bfc') in 0.000416 seconds
Start importing Packages/com.unity.test-framework/UnityEditor.TestRunner/CommandLineTest using Guid(b477d1f29b65a674e9d5cdab4eb72b01) Importer(-1,00000000000000000000000000000000) [PhysX] Initialized MultithreadedTaskDispatcher with 12 workers.
 -> (artifact id: '722a4ad3361782e6ab8ee0037a46852a') in 0.000505 seconds
Start importing Assets/_Game/Scripts/Data using Guid(d4b5076715c275545a9a9621cfdcca74) Importer(-1,00000000000000000000000000000000) [PhysX] Initialized MultithreadedTaskDispatcher with 12 workers.
 -> (artifact id: 'cc145dde8f9b9c08bfec3b65cf245222') in 0.000410 seconds
Start importing Assets/_Game/Tests/EditMode using Guid(154e8b3339641804a8266d665be4a3f0) Importer(-1,00000000000000000000000000000000) [PhysX] Initialized MultithreadedTaskDispatcher with 12 workers.
 -> (artifact id: '4633f364a777e89fead1cf27d33d18ea') in 0.000881 seconds
Start importing Packages/com.unity.ugui/Editor/UI using Guid(853edc343b78a7c4c81cbb3851d48c0a) Importer(-1,00000000000000000000000000000000) [PhysX] Initialized MultithreadedTaskDispatcher with 12 workers.
 -> (artifact id: '793c90a632b2446c8d1cfcfb02a28caa') in 0.000586 seconds
Start importing Packages/com.unity.test-framework/UnityEditor.TestRunner/TestSettings using Guid(95b719082a664ea45bb56759eed1f271) Importer(-1,00000000000000000000000000000000) [PhysX] Initialized MultithreadedTaskDispatcher with 12 workers.
 -> (artifact id: '8e428a1465f749efec94d9fe3b029f77') in 0.000529 seconds
Start importing Assets/_Game/Scripts/Battle using Guid(b5d989d20ac5dc142a8fb1dc1885611c) Importer(-1,00000000000000000000000000000000) [PhysX] Initialized MultithreadedTaskDispatcher with 12 workers.
 -> (artifact id: '22027bf554d0c9cb7733be470f997c3d') in 0.000489 seconds
Start importing Packages/com.unity.ugui/Tests/Runtime using Guid(c545241cf2e56ec4997d7677f01ef43d) Importer(-1,00000000000000000000000000000000) [PhysX] Initialized MultithreadedTaskDispatcher with 12 workers.
 -> (artifact id: '33784692978a98b3f74112cba69f9df1') in 0.000476 seconds
Start importing Packages/com.unity.ugui/Editor/EventSystem using Guid(f525580684527b147b70cf94aaa70dbc) Importer(-1,00000000000000000000000000000000) [PhysX] Initialized MultithreadedTaskDispatcher with 12 workers.
 -> (artifact id: 'f1fe895a58b694cede7fdb93f25161c7') in 0.000486 seconds
Start importing Packages/com.unity.test-framework/UnityEditor.TestRunner/CommandLineParser using Guid(7602252bdb82b8d45ae3483c3a00d3e1) Importer(-1,00000000000000000000000000000000) [PhysX] Initialized MultithreadedTaskDispatcher with 12 workers.
 -> (artifact id: '8db4af924a14f21376cc1275bdd5e902') in 0.000502 seconds
Start importing Assets/_Game/Scripts/Base using Guid(76bdda857bd0cf045a2bcaa28c78529a) Importer(-1,00000000000000000000000000000000) [PhysX] Initialized MultithreadedTaskDispatcher with 12 workers.
 -> (artifact id: '12dded37d06398154cca79872e554a15') in 0.000466 seconds
Start importing Packages/com.unity.test-framework/UnityEditor.TestRunner/TestLaunchers using Guid(d64d92e4f04a13e4b99ea8d48e9e8ae9) Importer(-1,00000000000000000000000000000000) [PhysX] Initialized MultithreadedTaskDispatcher with 12 workers.
 -> (artifact id: '11371ce337c07dbf7d1099d495d75d32') in 0.000493 seconds
Start importing Assets/_Game/Prefabs/Buildings using Guid(e677877d5b833974ab6c0b198384e958) Importer(-1,00000000000000000000000000000000) [PhysX] Initialized MultithreadedTaskDispatcher with 12 workers.
 -> (artifact id: '2500855925f0229644e4df25999143b0') in 0.000514 seconds
Start importing Assets/_Game/Scripts/Buildings using Guid(07f9baaa143db9242b76c248273540e4) Importer(-1,00000000000000000000000000000000) [PhysX] Initialized MultithreadedTaskDispatcher with 12 workers.
 -> (artifact id: 'de9b216c78f7a1a8384abbe0f16ba305') in 0.000463 seconds
Start importing Assets/_Game/Scripts/Grid using Guid(074c67e02d2aa334aa0269e87a63b781) Importer(-1,00000000000000000000000000000000) [PhysX] Initialized MultithreadedTaskDispatcher with 12 workers.
 -> (artifact id: '274c51feb2c2e95751da1972ec8291c4') in 0.000449 seconds
Start importing Packages/com.unity.test-framework/UnityEditor.TestRunner/TestRun using Guid(8721cb2237d4a564a94a51f56243bdac) Importer(-1,00000000000000000000000000000000) [PhysX] Initialized MultithreadedTaskDispatcher with 12 workers.
 -> (artifact id: '21ea0b3a7eeabc7dcccff323fc60a58c') in 0.000635 seconds
Start importing Assets/_Game/Scripts/Campaign using Guid(d7035d1b51afac04aae453ae2f74d3d5) Importer(-1,00000000000000000000000000000000) [PhysX] Initialized MultithreadedTaskDispatcher with 12 workers.
 -> (artifact id: 'ff09ee1f5188a4605b635f70dd91def3') in 0.000477 seconds
Start importing Assets/_Game/Prefabs/Units using Guid(0866f2e967cc35a43b2cc538671c08b7) Importer(-1,00000000000000000000000000000000) [PhysX] Initialized MultithreadedTaskDispatcher with 12 workers.
 -> (artifact id: '9606e88ad63fc9b119630beb1a844486') in 0.000468 seconds
Start importing Assets/_Game/Scripts/Progression using Guid(08d64b12359d98e4b847665c0e13eab9) Importer(-1,00000000000000000000000000000000) [PhysX] Initialized MultithreadedTaskDispatcher with 12 workers.
 -> (artifact id: '9e2f9d27488f3bd6ec088b2c401ea24b') in 0.000470 seconds
Start importing Assets/_Game/ScriptableObjects/Buildings using Guid(388dc4a8c3665394d92f1a73d81ba839) Importer(-1,00000000000000000000000000000000) [PhysX] Initialized MultithreadedTaskDispatcher with 12 workers.
 -> (artifact id: '3ee659bdab342cd0f5105525a1186641') in 0.000463 seconds
Start importing Assets/_Game/Scripts/Visuals using Guid(68c9f0087c5bc174786e9f2872bd679f) Importer(-1,00000000000000000000000000000000) [PhysX] Initialized MultithreadedTaskDispatcher with 12 workers.
 -> (artifact id: '090f6a46994e08a5dd2f39511c3ed3b8') in 0.000475 seconds
Start importing Assets/_Game/Scripts/UI using Guid(b8ed9dd6554b8a74ba6f1a51d29a918d) Importer(-1,00000000000000000000000000000000) [PhysX] Initialized MultithreadedTaskDispatcher with 12 workers.
 -> (artifact id: 'e36fdd5e81cac21749d349eeb1915ace') in 0.000487 seconds
Start importing Assets/_Game/ScriptableObjects/Stages using Guid(d862cb2fc6f38654aa4ca959d018de90) Importer(-1,00000000000000000000000000000000) [PhysX] Initialized MultithreadedTaskDispatcher with 12 workers.
 -> (artifact id: 'dfb7e007354dc0440a811289013e2bfd') in 0.000467 seconds
Start importing Packages/com.unity.test-framework/UnityEngine.TestRunner/UnityTestProtocol using Guid(19e1940646874613a076c6b01d1f3404) Importer(-1,00000000000000000000000000000000) [PhysX] Initialized MultithreadedTaskDispatcher with 12 workers.
 -> (artifact id: '2482ef0b7b5d6549d5da5deec65081c6') in 0.000490 seconds
Start importing Packages/com.unity.test-framework/UnityEditor.TestRunner/TestRunner using Guid(49d4c2ab7ff0f4442af256bad7c9d57c) Importer(-1,00000000000000000000000000000000) [PhysX] Initialized MultithreadedTaskDispatcher with 12 workers.
 -> (artifact id: '62620e2b14e7d259dfd29b6b25852e76') in 0.000487 seconds
Start importing Assets/_Game/Scripts/Testing using Guid(0acb4d36e17abd04890506a0ae4515f8) Importer(-1,00000000000000000000000000000000) [PhysX] Initialized MultithreadedTaskDispatcher with 12 workers.
 -> (artifact id: 'ca777e6a9b3986935db519a56d18b823') in 0.000456 seconds
Start importing Packages/com.unity.test-framework/UnityEngine.TestRunner/Assertions using Guid(1ad55f5ad04d1d045a1f287409c650dd) Importer(-1,00000000000000000000000000000000) [PhysX] Initialized MultithreadedTaskDispatcher with 12 workers.
 -> (artifact id: 'bb5a2cccebea26974c9d867e99aacbc3') in 0.000471 seconds
Start importing Assets/_Game/Art/Generated using Guid(9a9957916337be142aca836e9807e170) Importer(-1,00000000000000000000000000000000) [PhysX] Initialized MultithreadedTaskDispatcher with 12 workers.
 -> (artifact id: '317052093bbe4502664a929a54751169') in 0.000454 seconds
Start importing Packages/com.unity.test-framework/UnityEditor.TestRunner/Api using Guid(fa423365b1ce06a4dbdc6fb4a8597bfa) Importer(-1,00000000000000000000000000000000) [PhysX] Initialized MultithreadedTaskDispatcher with 12 workers.
 -> (artifact id: '656c9e117c64ae37a9854ffbdd695ef1') in 0.000763 seconds
Start importing Assets/Resources/MadDragonArt/Buildings using Guid(6bde7bcf0582a384f82819dab16d58bd) Importer(-1,00000000000000000000000000000000) [PhysX] Initialized MultithreadedTaskDispatcher with 12 workers.
 -> (artifact id: '0e87044ce17a4dd0ad702c21b1b1689c') in 0.000535 seconds
Start importing Packages/com.unity.test-framework/UnityEngine.TestRunner/Utils using Guid(bb32bccaf32a6db448d1c0cc99c78688) Importer(-1,00000000000000000000000000000000) [PhysX] Initialized MultithreadedTaskDispatcher with 12 workers.
 -> (artifact id: 'a94c72bb651e8f656a02187a730f9674') in 0.000453 seconds
Start importing Packages/com.unity.test-framework/UnityEngine.TestRunner/TestRunner using Guid(1ddb9e1c877ea80479d1eab4ddaa5d0d) Importer(-1,00000000000000000000000000000000) [PhysX] Initialized MultithreadedTaskDispatcher with 12 workers.
 -> (artifact id: '8e9480b16ac5d8908f9b3a3b19d63e87') in 0.000448 seconds
Start importing Packages/com.unity.test-framework/UnityEngine.TestRunner/NUnitExtensions using Guid(3e8d6af343b383544ba5743d119f4062) Importer(-1,00000000000000000000000000000000) [PhysX] Initialized MultithreadedTaskDispatcher with 12 workers.
 -> (artifact id: 'e79734085e5da377df847116b92a9fb1') in 0.000453 seconds
Start importing Packages/com.unity.test-framework/UnityEditor.TestRunner/GUI using Guid(7e609b27ad2caa14c83dd9951b6c13c6) Importer(-1,00000000000000000000000000000000) [PhysX] Initialized MultithreadedTaskDispatcher with 12 workers.
 -> (artifact id: '6a5d2a13e0c3c608cbe6f63f54975aa5') in 0.000426 seconds
Start importing Packages/com.unity.test-framework/UnityEditor.TestRunner/NUnitExtension using Guid(3f9202a39620f51418046c7754f215f0) Importer(-1,00000000000000000000000000000000) [PhysX] Initialized MultithreadedTaskDispatcher with 12 workers.
 -> (artifact id: '4ae7a9283780a78dc3ffef66d3614271') in 0.000421 seconds
Start importing Packages/com.unity.ugui/Runtime/EventSystem using Guid(7f27709c942d91541be1fd6aa5cb3d78) Importer(-1,00000000000000000000000000000000) [PhysX] Initialized MultithreadedTaskDispatcher with 12 workers.
 -> (artifact id: 'a81796f7b9ed8e4b9abef3169a685479') in 0.000404 seconds
Start importing Assets/ToonyTinyPeople/TT_RTS/TT_RTS_standard_demo using Guid(afbfee955dea8b14597b67b1fb8c1dc9) Importer(-1,00000000000000000000000000000000) [PhysX] Initialized MultithreadedTaskDispatcher with 12 workers.
 -> (artifact id: '0836f34b1956c4a8ed2fc9427b0dbaf8') in 0.000406 seconds
Start importing Packages/com.unity.ugui/Editor/Properties using Guid(cf97e54bcd5479a46bdbade48da047cc) Importer(-1,00000000000000000000000000000000) [PhysX] Initialized MultithreadedTaskDispatcher with 12 workers.
 -> (artifact id: '93283b3ba0193fa06f297b0355dc5254') in 0.000532 seconds
Start importing Assets/ToonyTinyPeople/TT_RTS/TT_RTS_Standard using Guid(fff84e74cc3669f43a183da0936979b7) Importer(-1,00000000000000000000000000000000) [PhysX] Initialized MultithreadedTaskDispatcher with 12 workers.
 -> (artifact id: '2d5f733891a13bbb72bbbb37d36cdc09') in 0.000439 seconds
Start importing Packages/com.unity.ugui/Tests/Runtime/Image using Guid(1091bc2ad06e3234aac2b2fa2841c09d) Importer(-1,00000000000000000000000000000000) [PhysX] Initialized MultithreadedTaskDispatcher with 12 workers.
 -> (artifact id: 'ee7a39f499e849646697cfe0cdcbd3c7') in 0.000441 seconds
Start importing Packages/com.unity.ugui/Tests/Editor/RectMask2D using Guid(305ca32be1aa5504aa182f583895dfe4) Importer(-1,00000000000000000000000000000000) [PhysX] Initialized MultithreadedTaskDispatcher with 12 workers.
 -> (artifact id: 'be0c63787b3f5375cc4b57f02482ddad') in 0.000497 seconds
Start importing Packages/com.unity.test-framework/UnityEngine.TestRunner/Utils/AssemblyProvider using Guid(51557afa652635743b264a309f0a5c60) Importer(-1,00000000000000000000000000000000) [PhysX] Initialized MultithreadedTaskDispatcher with 12 workers.
 -> (artifact id: 'f9ae020e49b6585acdffd757678f2cba') in 0.000514 seconds
Start importing Packages/com.unity.test-framework/UnityEngine.TestRunner/TestRunner/Callbacks using Guid(61e236e8570a95e4eb754fb291e102e0) Importer(-1,00000000000000000000000000000000) [PhysX] Initialized MultithreadedTaskDispatcher with 12 workers.
 -> (artifact id: '7ed93e38a16141039240f8dcf8093708') in 0.000515 seconds
Start importing Packages/com.unity.test-framework/UnityEngine.TestRunner/TestRunner/RemoteHelpers using Guid(91c20d2c22b8b3a4cb6c816bd225591a) Importer(-1,00000000000000000000000000000000) [PhysX] Initialized MultithreadedTaskDispatcher with 12 workers.
 -> (artifact id: '093d5b517725599f3855d6f610e19c3a') in 0.000493 seconds
Start importing Packages/com.unity.test-framework/UnityEngine.TestRunner/Assertions/LogScope using Guid(b1d8465ba1376b148bdab58965101f47) Importer(-1,00000000000000000000000000000000) [PhysX] Initialized MultithreadedTaskDispatcher with 12 workers.
 -> (artifact id: '8cac091a64743f1406e275bf435ee044') in 0.000428 seconds
Start importing Packages/com.unity.ugui/Tests/Editor/InputField using Guid(c16c54fe03afb5740bcc0a2a295cb79d) Importer(-1,00000000000000000000000000000000) [PhysX] Initialized MultithreadedTaskDispatcher with 12 workers.
 -> (artifact id: 'ad679f87ffc67fd793f363579c0dd21e') in 0.000408 seconds
Start importing Assets/ToonyTinyPeople/TT_RTS/TT_RTS_Standard/sample_scene using Guid(f14813595832e0a4e8ea33e67a8b34a3) Importer(-1,00000000000000000000000000000000) [PhysX] Initialized MultithreadedTaskDispatcher with 12 workers.
 -> (artifact id: 'f947e39d4cb16e064f3af63766670f80') in 0.000434 seconds
Start importing Packages/com.unity.ugui/Runtime/UI/Core using Guid(12c42068351bb084abde965d725b9887) Importer(-1,00000000000000000000000000000000) [PhysX] Initialized MultithreadedTaskDispatcher with 12 workers.
 -> (artifact id: '808d13711fcdbea91a1cd3220db110ff') in 0.000428 seconds
Start importing Packages/com.unity.test-framework/UnityEditor.TestRunner/GUI/TestAssets using Guid(92e3104769da143888a712cdea27d950) Importer(-1,00000000000000000000000000000000) [PhysX] Initialized MultithreadedTaskDispatcher with 12 workers.
 -> (artifact id: 'eab2e00679dd525b0295314ce4191d0b') in 0.000432 seconds
Start importing Packages/com.unity.ugui/Tests/Runtime/Toggle using Guid(e210c8bf2e9c6514d90a1bd77586af1f) Importer(-1,00000000000000000000000000000000) [PhysX] Initialized MultithreadedTaskDispatcher with 12 workers.
 -> (artifact id: '08bf140c674540e61f666c757c3ae2b8') in 0.000414 seconds
Start importing Packages/com.unity.ugui/Tests/Runtime/Button using Guid(239dd6edc8e5cd14585c03e09e86a747) Importer(-1,00000000000000000000000000000000) [PhysX] Initialized MultithreadedTaskDispatcher with 12 workers.
 -> (artifact id: 'ee90b11748de27de6b0ddd8de3df6283') in 0.000402 seconds
Start importing Packages/com.unity.ugui/Tests/Runtime/ScrollBar using Guid(43b1467da3d29ae4597a733828cdd84a) Importer(-1,00000000000000000000000000000000) [PhysX] Initialized MultithreadedTaskDispatcher with 12 workers.
 -> (artifact id: '4d5b08b25e96ec116eff87c8923fdc55') in 0.000405 seconds
Start importing Packages/com.unity.ugui/Tests/Runtime/Graphic using Guid(8313ea704470a264295ec9e09aec6ebc) Importer(-1,00000000000000000000000000000000) [PhysX] Initialized MultithreadedTaskDispatcher with 12 workers.
 -> (artifact id: '4952ef56393df37e1b49beb27bc8334f') in 0.000412 seconds
Start importing Packages/com.unity.ugui/Tests/Runtime/TextEditor using Guid(93effba7cf7f3824ab0bd048a27a9c02) Importer(-1,00000000000000000000000000000000) [PhysX] Initialized MultithreadedTaskDispatcher with 12 workers.
 -> (artifact id: '49a82f5a4fb707605b20f381e0f94b7d') in 0.000419 seconds
Start importing Packages/com.unity.test-framework/UnityEditor.TestRunner/TestLaunchers/Helpers using Guid(a3cb89150b8a4060b89a32725a8e267e) Importer(-1,00000000000000000000000000000000) [PhysX] Initialized MultithreadedTaskDispatcher with 12 workers.
 -> (artifact id: '872527cb3f520f068484043e9249354b') in 0.000808 seconds
Start importing Packages/com.unity.ugui/Runtime/EventSystem/EventData using Guid(b3cdabf2f1e76854d8aab5930305d70d) Importer(-1,00000000000000000000000000000000) [PhysX] Initialized MultithreadedTaskDispatcher with 12 workers.
 -> (artifact id: '3141875ec970eedf0420cc2e96710f27') in 0.000602 seconds
Start importing Packages/com.unity.test-framework/UnityEngine.TestRunner/NUnitExtensions/Filters using Guid(c3de99f9efc582a48995bc8e8c2df418) Importer(-1,00000000000000000000000000000000) [PhysX] Initialized MultithreadedTaskDispatcher with 12 workers.
 -> (artifact id: '307239086ecb35bb24f0aadfef7c3c64') in 0.000593 seconds
Start importing Packages/com.unity.ugui/Runtime/UI/Animation using Guid(5472815444de2ce45bf2053a4af04b9d) Importer(-1,00000000000000000000000000000000) [PhysX] Initialized MultithreadedTaskDispatcher with 12 workers.
 -> (artifact id: 'c893877dfc3a4502f13d215e76c9d31c') in 0.000510 seconds
Start importing Assets/ToonyTinyPeople/TT_RTS/TT_RTS_Standard/FX using Guid(b46c2f2b61354b24895f8a6f157a1d23) Importer(-1,00000000000000000000000000000000) [PhysX] Initialized MultithreadedTaskDispatcher with 12 workers.
 -> (artifact id: 'a8299b9e0a19a401c8c0f3d45b35c8a9') in 0.000456 seconds
Start importing Packages/com.unity.test-framework/UnityEngine.TestRunner/TestRunner/Messages using Guid(256a0ca37fa972840bce7fca446e75e7) Importer(-1,00000000000000000000000000000000) [PhysX] Initialized MultithreadedTaskDispatcher with 12 workers.
 -> (artifact id: 'aeedbfa4a6843652c78370290228c1da') in 0.000460 seconds
Start importing Assets/ToonyTinyPeople/TT_RTS/TT_RTS_standard_demo/prefab using Guid(85388b51ca13e1842879b5190d67be3e) Importer(-1,00000000000000000000000000000000) [PhysX] Initialized MultithreadedTaskDispatcher with 12 workers.
 -> (artifact id: 'e3769b34a145986fd431b8edf06b009c') in 0.000426 seconds
Start importing Packages/com.unity.ugui/Tests/Runtime/Slider using Guid(850af9f3bf6d14143baf2ecfbf25db52) Importer(-1,00000000000000000000000000000000) [PhysX] Initialized MultithreadedTaskDispatcher with 12 workers.
 -> (artifact id: 'b2a2604902c0ab3cd294fa14497c556e') in 0.000605 seconds
Start importing Packages/com.unity.test-framework/UnityEditor.TestRunner/GUI/Views using Guid(c5535d742ea2e4941850b421f9c70a1f) Importer(-1,00000000000000000000000000000000) [PhysX] Initialized MultithreadedTaskDispatcher with 12 workers.
 -> (artifact id: 'd1cfaec5049ebd01d27030f8681c82eb') in 0.000574 seconds
Start importing Packages/com.unity.test-framework/UnityEditor.TestRunner/UnityTestProtocol/Data using Guid(3610673068254436ac90019f46e09f01) Importer(-1,00000000000000000000000000000000) [PhysX] Initialized MultithreadedTaskDispatcher with 12 workers.
 -> (artifact id: 'fa45cd004e75a4d10ab60ee0a3ee34d8') in 0.000498 seconds
Start importing Packages/com.unity.ugui/Runtime/EventSystem/Raycasters using Guid(46646a5562f14984690c85ee7b946bc9) Importer(-1,00000000000000000000000000000000) [PhysX] Initialized MultithreadedTaskDispatcher with 12 workers.
 -> (artifact id: 'f2ce0668868252995e31b3b904f509e0') in 0.000436 seconds
Start importing Packages/com.unity.test-framework/UnityEditor.TestRunner/NUnitExtension/Attributes using Guid(96c503bf059df984c86eecf572370347) Importer(-1,00000000000000000000000000000000) [PhysX] Initialized MultithreadedTaskDispatcher with 12 workers.
 -> (artifact id: 'e8bc1803519e81fd9acf221464d309a8') in 0.000437 seconds
Start importing Packages/com.unity.test-framework/UnityEditor.TestRunner/GUI/TestListBuilder using Guid(07ea0326ed848fb4489187cb58f96113) Importer(-1,00000000000000000000000000000000) [PhysX] Initialized MultithreadedTaskDispatcher with 12 workers.
 -> (artifact id: '8f795c304f7d2da04e121a67358ba776') in 0.000435 seconds
Start importing Packages/com.unity.test-framework/UnityEngine.TestRunner/NUnitExtensions/Runner using Guid(37888acc09d9ee848bf9559f06645c45) Importer(-1,00000000000000000000000000000000) [PhysX] Initialized MultithreadedTaskDispatcher with 12 workers.
 -> (artifact id: 'd33b6201d5908c8f20d087b5409ade3c') in 0.000435 seconds
Start importing Assets/ToonyTinyPeople/TT_RTS/TT_RTS_Standard/prefabs using Guid(e7b3a1e95309a5a4a9d6bf936e20ae8d) Importer(-1,00000000000000000000000000000000) [PhysX] Initialized MultithreadedTaskDispatcher with 12 workers.
 -> (artifact id: '9d103d1b59f77914b025c9b637543495') in 0.000423 seconds
Start importing Packages/com.unity.ugui/Tests/Editor/UI using Guid(e7689eda3a8b1a847a8b197dbe90d9a6) Importer(-1,00000000000000000000000000000000) [PhysX] Initialized MultithreadedTaskDispatcher with 12 workers.
 -> (artifact id: '9984eaddb9953f5b28038f2633f07da3') in 0.000410 seconds
Start importing Packages/com.unity.test-framework/UnityEditor.TestRunner/GUI/TestListTreeView using Guid(68cb547af0187634aad591a09c01cd5b) Importer(-1,00000000000000000000000000000000) [PhysX] Initialized MultithreadedTaskDispatcher with 12 workers.
 -> (artifact id: '2734deed06f9a96a88b1ec8a861bcc5d') in 0.000415 seconds
Start importing Packages/com.unity.ugui/Tests/Editor/EventSystem using Guid(98d14ab1acf42df4f88a0561822ac807) Importer(-1,00000000000000000000000000000000) [PhysX] Initialized MultithreadedTaskDispatcher with 12 workers.
 -> (artifact id: '7029449fdf4cdb25f1dd351404ec49a8') in 0.000401 seconds
Start importing Packages/com.unity.ugui/Tests/Editor/Canvas using Guid(b86b117346968ac4d9cc63e4385becb7) Importer(-1,00000000000000000000000000000000) [PhysX] Initialized MultithreadedTaskDispatcher with 12 workers.
 -> (artifact id: '1e34952b5537ca31a4ac8f30089ea4ff') in 0.000398 seconds
Start importing Packages/com.unity.test-framework/UnityEditor.TestRunner/GUI/Controls using Guid(e88eef57957d4440c8a7ff2ef9dd3d97) Importer(-1,00000000000000000000000000000000) [PhysX] Initialized MultithreadedTaskDispatcher with 12 workers.
 -> (artifact id: 'fbd74b892f324909fe593cdddc343063') in 0.000469 seconds
Start importing Packages/com.unity.test-framework/UnityEditor.TestRunner/TestRun/Data using Guid(4926c06156894939ba0a2680f1b0aa7a) Importer(-1,00000000000000000000000000000000) [PhysX] Initialized MultithreadedTaskDispatcher with 12 workers.
 -> (artifact id: '893f778b30d4194c7483f782212768ef') in 0.000443 seconds
Start importing Assets/ToonyTinyPeople/TT_RTS/TT_RTS_Standard/models using Guid(697e2217ddd47a34593d1d3787a79ed7) Importer(-1,00000000000000000000000000000000) [PhysX] Initialized MultithreadedTaskDispatcher with 12 workers.
 -> (artifact id: '03372d40d684e57cbfe7befb81b7a0b3') in 0.000476 seconds
Start importing Packages/com.unity.test-framework/UnityEditor.TestRunner/Api/Analytics using Guid(891bb6b9f5094c36b59c3788e21c8213) Importer(-1,00000000000000000000000000000000) [PhysX] Initialized MultithreadedTaskDispatcher with 12 workers.
 -> (artifact id: '589b1909c90662f81bdd4fec383e39b5') in 0.000411 seconds
Start importing Packages/com.unity.test-framework/UnityEditor.TestRunner/TestRunner/Messages using Guid(d9682e749d3efc642af54d789d9090a6) Importer(-1,00000000000000000000000000000000) [PhysX] Initialized MultithreadedTaskDispatcher with 12 workers.
 -> (artifact id: 'f06cf551cb8b9e33b9ae6e7f8e24b3b5') in 0.000419 seconds
Start importing Packages/com.unity.ugui/Tests/Editor/UnityEvent using Guid(e90cc37a5ccf4a44dbecc5b7172ec512) Importer(-1,00000000000000000000000000000000) [PhysX] Initialized MultithreadedTaskDispatcher with 12 workers.
 -> (artifact id: '35ff9660c6588e69f2ccebae4eeaa31b') in 0.000391 seconds
Start importing Packages/com.unity.ugui/Tests/Runtime/InputField using Guid(2a28c2fab6b1bb745a844ef6b908e7ee) Importer(-1,00000000000000000000000000000000) [PhysX] Initialized MultithreadedTaskDispatcher with 12 workers.
 -> (artifact id: '4e858b0ef3f298f38d8c39924301fb61') in 0.000387 seconds
Start importing Packages/com.unity.ugui/Tests/Runtime/Canvas using Guid(9a3557da07c729b4eb774b8e30e157a4) Importer(-1,00000000000000000000000000000000) [PhysX] Initialized MultithreadedTaskDispatcher with 12 workers.
 -> (artifact id: '2ef4ff638666f6cad0c5a3d2aa64db2c') in 0.000843 seconds
Start importing Packages/com.unity.ugui/Tests/Runtime/Dropdown using Guid(bae197be297529d4fa735fbe7c91828d) Importer(-1,00000000000000000000000000000000) [PhysX] Initialized MultithreadedTaskDispatcher with 12 workers.
 -> (artifact id: '63a3f6e41ce8cc5bcb768d7d8d621562') in 0.000599 seconds
Start importing Assets/ToonyTinyPeople/TT_RTS/TT_RTS_Standard/animation using Guid(ea1d82ceed97198448c17008237a668c) Importer(-1,00000000000000000000000000000000) [PhysX] Initialized MultithreadedTaskDispatcher with 12 workers.
 -> (artifact id: 'a065fcd2c6caa48eaef0ebbbe1c4dda6') in 0.000460 seconds
Start importing Packages/com.unity.ugui/Tests/Runtime/MaskClipping using Guid(2bc8a181dfd9de24388de89bb8db7713) Importer(-1,00000000000000000000000000000000) [PhysX] Initialized MultithreadedTaskDispatcher with 12 workers.
 -> (artifact id: 'bbc61587be4175640834d06e46137e0a') in 0.000423 seconds
Start importing Packages/com.unity.test-framework/UnityEngine.TestRunner/NUnitExtensions/Commands using Guid(6b72875690e0f7343911e06af3145bd5) Importer(-1,00000000000000000000000000000000) [PhysX] Initialized MultithreadedTaskDispatcher with 12 workers.
 -> (artifact id: 'b55080518a4d33b92b5e6860d4b0aacf') in 0.000442 seconds
Start importing Packages/com.unity.ugui/Tests/Runtime/ScrollRect using Guid(9bedab6f9886aee42b33e424bffdb640) Importer(-1,00000000000000000000000000000000) [PhysX] Initialized MultithreadedTaskDispatcher with 12 workers.
 -> (artifact id: '84156a317adbfd2d5e9fa1f2bae2d7cc') in 0.000503 seconds
Start importing Packages/com.unity.ugui/Tests/Runtime/EventSystem using Guid(ab93e1a81defc3243a6e9cd0df3cb443) Importer(-1,00000000000000000000000000000000) [PhysX] Initialized MultithreadedTaskDispatcher with 12 workers.
 -> (artifact id: 'e280e95fe648734cee2b7656c2858cd2') in 0.000425 seconds
Start importing Packages/com.unity.test-framework/UnityEditor.TestRunner/TestLaunchers/PlatformSetup using Guid(ebc4d20cc106cea49b1df1153f0b3b5e) Importer(-1,00000000000000000000000000000000) [PhysX] Initialized MultithreadedTaskDispatcher with 12 workers.
 -> (artifact id: '3b3f724266d153cdef689cab24018092') in 0.000442 seconds
Start importing Packages/com.unity.test-framework/UnityEngine.TestRunner/NUnitExtensions/Attributes using Guid(0cb14878543cf3d4f8472b15f7ecf0e3) Importer(-1,00000000000000000000000000000000) [PhysX] Initialized MultithreadedTaskDispatcher with 12 workers.
 -> (artifact id: '2bbc3f4900af682e89f34802a815940c') in 0.000437 seconds
Start importing Packages/com.unity.ugui/Tests/Editor/Slider using Guid(4cfe5ade9a1375e40aed87618b92bd12) Importer(-1,00000000000000000000000000000000) [PhysX] Initialized MultithreadedTaskDispatcher with 12 workers.
 -> (artifact id: '80bbaed7c08eda5c77a94ece635212ca') in 0.000942 seconds
Start importing Assets/ToonyTinyPeople/TT_RTS/TT_RTS_standard_demo/sample_scene using Guid(9cce9547a8455b840a4b8e22c320f7f5) Importer(-1,00000000000000000000000000000000) [PhysX] Initialized MultithreadedTaskDispatcher with 12 workers.
 -> (artifact id: '818ce44770f8b7c043e4d93cd39657e6') in 0.000503 seconds
Start importing Packages/com.unity.ugui/Editor/UI/PropertyDrawers using Guid(bc9aa6d5a7945f34882c442e9e201537) Importer(-1,00000000000000000000000000000000) [PhysX] Initialized MultithreadedTaskDispatcher with 12 workers.
 -> (artifact id: 'aee1f24254c1ebb6877467694e35539d') in 0.000437 seconds
Start importing Packages/com.unity.ugui/Tests/Runtime/Layout using Guid(cc313cc004395df4a9884390556690a5) Importer(-1,00000000000000000000000000000000) [PhysX] Initialized MultithreadedTaskDispatcher with 12 workers.
 -> (artifact id: 'e0257f0efe7d67e7f45d3a7039947006') in 0.000409 seconds
Start importing Assets/_Game/Art/Generated/Transparent using Guid(ecc072d321716c44f9b930c9b3c12bd9) Importer(-1,00000000000000000000000000000000) [PhysX] Initialized MultithreadedTaskDispatcher with 12 workers.
 -> (artifact id: '590a28a41d12baffcb9a4787693b45c7') in 0.000443 seconds
Start importing Packages/com.unity.ugui/Tests/Runtime/LayoutGroup using Guid(2d9b6ff056b6f484ba6500aa8e06bcf3) Importer(-1,00000000000000000000000000000000) [PhysX] Initialized MultithreadedTaskDispatcher with 12 workers.
 -> (artifact id: 'cfb42c7517c3cb1cc02221cbf22be49d') in 0.000437 seconds
Start importing Packages/com.unity.ugui/Runtime/EventSystem/UIElements using Guid(5dc64c943466a44498be3b620c743b45) Importer(-1,00000000000000000000000000000000) [PhysX] Initialized MultithreadedTaskDispatcher with 12 workers.
 -> (artifact id: '2aaf55daa60970b1b0606e5953aaa22a') in 0.000504 seconds
Start importing Packages/com.unity.test-framework/UnityEditor.TestRunner/TestRunner/Callbacks using Guid(5d7f0d6acfced954682a89e7002c04d9) Importer(-1,00000000000000000000000000000000) [PhysX] Initialized MultithreadedTaskDispatcher with 12 workers.
 -> (artifact id: '9a5474c3717d50022c43c68b07c24a17') in 0.000429 seconds
Start importing Packages/com.unity.test-framework/UnityEditor.TestRunner/TestRun/Tasks using Guid(6dba53789da15814387fa5b1445e81e0) Importer(-1,00000000000000000000000000000000) [PhysX] Initialized MultithreadedTaskDispatcher with 12 workers.
 -> (artifact id: 'f6ef5fee11a5d2cf9bfcb34eb609cc90') in 0.000506 seconds
Start importing Packages/com.unity.ugui/Runtime/EventSystem/InputModules using Guid(8e78f8a8575e4a04f8337a54e241cdc5) Importer(-1,00000000000000000000000000000000) [PhysX] Initialized MultithreadedTaskDispatcher with 12 workers.
 -> (artifact id: 'ac1570438f658fdeea30593369edaf0b') in 0.000418 seconds
Start importing Assets/ToonyTinyPeople/TT_RTS/TT_RTS_standard_demo/models using Guid(9ec0f10546579414aaadf2cf28df0d8c) Importer(-1,00000000000000000000000000000000) [PhysX] Initialized MultithreadedTaskDispatcher with 12 workers.
 -> (artifact id: '5face3e00e588c054be816f74b4b77b6') in 0.000495 seconds
Start importing Packages/com.unity.test-framework/UnityEditor.TestRunner/UnityTestProtocol/Messages using Guid(9ea154c33fd8466f973f004e5c962df7) Importer(-1,00000000000000000000000000000000) [PhysX] Initialized MultithreadedTaskDispatcher with 12 workers.
 -> (artifact id: '46ffe0d14b74535c84d2da65139bc068') in 0.000495 seconds
Start importing Packages/com.unity.ugui/Tests/Editor/CanvasRenderer using Guid(ae242449e9279d44789513b922d3178a) Importer(-1,00000000000000000000000000000000) [PhysX] Initialized MultithreadedTaskDispatcher with 12 workers.
 -> (artifact id: '7e198010123672e219bcc40a959f8e7b') in 0.000472 seconds
Start importing Packages/com.unity.test-framework/UnityEngine.TestRunner/Utils/MonoBehaviourTest using Guid(ce8da628f68c7594b8b9a597fa52db7b) Importer(-1,00000000000000000000000000000000) [PhysX] Initialized MultithreadedTaskDispatcher with 12 workers.
 -> (artifact id: '7d35398d9443ce35ec3f951a6b8c9b55') in 0.000507 seconds
Start importing Packages/com.unity.ugui/Tests/Editor/Dropdown using Guid(1f71aeacc4a9f1a40b22a1a590331f6b) Importer(-1,00000000000000000000000000000000) [PhysX] Initialized MultithreadedTaskDispatcher with 12 workers.
 -> (artifact id: '51b958728bd1923df833ec35cb8f5d84') in 0.000406 seconds
Start importing Packages/com.unity.test-framework/UnityEditor.TestRunner/TestRunner/Utils using Guid(1f5bbb88ca730434483440cbc0278ef6) Importer(-1,00000000000000000000000000000000) [PhysX] Initialized MultithreadedTaskDispatcher with 12 workers.
 -> (artifact id: '8bc1496126ab9329c0ba17653b79e4b8') in 0.000429 seconds
Start importing Packages/com.unity.ugui/Tests/Editor/Text using Guid(4f9ac6e545d53f94b9f09c85b9576f36) Importer(-1,00000000000000000000000000000000) [PhysX] Initialized MultithreadedTaskDispatcher with 12 workers.
 -> (artifact id: '9382c25beda11786f6bc4d092870a180') in 0.000435 seconds
Start importing Assets/ToonyTinyPeople/TT_RTS/TT_RTS_standard_demo/animations using Guid(4f3d139e21d583e48a700d9ab99e848f) Importer(-1,00000000000000000000000000000000) [PhysX] Initialized MultithreadedTaskDispatcher with 12 workers.
 -> (artifact id: '0aabc44da32ccba882ed521dbe060932') in 0.000752 seconds
Start importing Packages/com.unity.ugui/Tests/Runtime/Util using Guid(af30a361ab68260438b6ec3fb7e64500) Importer(-1,00000000000000000000000000000000) [PhysX] Initialized MultithreadedTaskDispatcher with 12 workers.
 -> (artifact id: 'd2b14f58874bc8041a3a0b7ac72af4c4') in 0.000516 seconds
Start importing Packages/com.unity.ugui/Tests/Runtime/NestedLayout using Guid(efad3ddb7270ac241b9b1357ec5ee2f2) Importer(-1,00000000000000000000000000000000) [PhysX] Initialized MultithreadedTaskDispatcher with 12 workers.
 -> (artifact id: '9a9ef684c80dd1f612b7edd0679db452') in 0.000514 seconds
Start importing Assets/ToonyTinyPeople/TT_RTS/TT_RTS_Standard/FX/materials using Guid(d060a85e8de6b5f4fa253d9473d8a79b) Importer(-1,00000000000000000000000000000000) [PhysX] Initialized MultithreadedTaskDispatcher with 12 workers.
 -> (artifact id: 'a76cb37e783b2e049b92fad0d525a799') in 0.000444 seconds
Start importing Assets/ToonyTinyPeople/TT_RTS/TT_RTS_Standard/models/extras using Guid(222b127cca26e0f4fa556e6ed7bcb436) Importer(-1,00000000000000000000000000000000) [PhysX] Initialized MultithreadedTaskDispatcher with 12 workers.
 -> (artifact id: '4c0b30f5ba3382e680a97d9becaca7db') in 0.000427 seconds
Start importing Assets/ToonyTinyPeople/TT_RTS/TT_RTS_Standard/FX/meshes using Guid(b25d6d4f3d4b2784fa5f94d4a0fcfb98) Importer(-1,00000000000000000000000000000000) [PhysX] Initialized MultithreadedTaskDispatcher with 12 workers.
 -> (artifact id: 'e3356070292e90108270ffc08bb5ed4c') in 0.000472 seconds
Start importing Packages/com.unity.ugui/Tests/Editor/UI/PropertyDrawers using Guid(24333a116497b144f9782b1160984b57) Importer(-1,00000000000000000000000000000000) [PhysX] Initialized MultithreadedTaskDispatcher with 12 workers.
 -> (artifact id: '2bf21acd25b7b3b123679c418120064c') in 0.000413 seconds
Start importing Packages/com.unity.test-framework/UnityEditor.TestRunner/TestRun/Tasks/Player using Guid(94a6220ee1a442249702c9df66e0fe1b) Importer(-1,00000000000000000000000000000000) [PhysX] Initialized MultithreadedTaskDispatcher with 12 workers.
 -> (artifact id: 'f755235d7cbbd8ab406ffebaf3749bd6') in 0.000437 seconds
Start importing Packages/com.unity.ugui/Runtime/UI/Core/Utility using Guid(d63dd1a776d383248a21ec2a8a6e7868) Importer(-1,00000000000000000000000000000000) [PhysX] Initialized MultithreadedTaskDispatcher with 12 workers.
 -> (artifact id: '1cde6e285bfd3df0e77b50d88d1b058e') in 0.000705 seconds
Start importing Packages/com.unity.ugui/Runtime/UI/Core/Culling using Guid(27ed3e221887b3544bd9d6505d4a789f) Importer(-1,00000000000000000000000000000000) [PhysX] Initialized MultithreadedTaskDispatcher with 12 workers.
 -> (artifact id: 'a808de1a9cab35908466ac9dec6ffe88') in 0.000604 seconds
Start importing Assets/ToonyTinyPeople/TT_RTS/TT_RTS_standard_demo/models/Materials using Guid(3762090b58a8ce449a1b8de593e8214b) Importer(-1,00000000000000000000000000000000) [PhysX] Initialized MultithreadedTaskDispatcher with 12 workers.
 -> (artifact id: 'c9b4164fadb54eb81eb8516919514f47') in 0.000539 seconds
Start importing Assets/ToonyTinyPeople/TT_RTS/TT_RTS_Standard/prefabs/banners using Guid(b76cb2648907040438bc414b61cc31c9) Importer(-1,00000000000000000000000000000000) [PhysX] Initialized MultithreadedTaskDispatcher with 12 workers.
 -> (artifact id: '473c13f638f314c63bd8c2498e4869c1') in 0.000511 seconds
Start importing Assets/ToonyTinyPeople/TT_RTS/TT_RTS_Standard/animation/animation_cavalry using Guid(781c8c99dbb227b4e8cc116b1778e864) Importer(-1,00000000000000000000000000000000) [PhysX] Initialized MultithreadedTaskDispatcher with 12 workers.
 -> (artifact id: '8b34bba421b5d67f343e1087f3dc76f7') in 0.000624 seconds
Start importing Packages/com.unity.ugui/Runtime/UI/Core/SpecializedCollections using Guid(f8ed4321a98682942b9980996131cf26) Importer(-1,00000000000000000000000000000000) [PhysX] Initialized MultithreadedTaskDispatcher with 12 workers.
 -> (artifact id: 'fad8facbd735b4687b96ff8ad2966b4e') in 0.000910 seconds
Start importing Packages/com.unity.ugui/Runtime/UI/Core/Layout using Guid(1999349e7f492c947bb6eb70f624382e) Importer(-1,00000000000000000000000000000000) [PhysX] Initialized MultithreadedTaskDispatcher with 12 workers.
 -> (artifact id: '3642937669fb1c66e2c94f7e96b45e56') in 0.000508 seconds
Start importing Packages/com.unity.test-framework/UnityEditor.TestRunner/TestRun/Tasks/Scene using Guid(692476ac695e7b74a8d9eabd48862009) Importer(-1,00000000000000000000000000000000) [PhysX] Initialized MultithreadedTaskDispatcher with 12 workers.
 -> (artifact id: 'ccba88056180cd6fa10ee9efcc969838') in 0.000553 seconds
Start importing Assets/ToonyTinyPeople/TT_RTS/TT_RTS_Standard/models/materials using Guid(89149db00c9c97e49a5770edbe4d4c70) Importer(-1,00000000000000000000000000000000) [PhysX] Initialized MultithreadedTaskDispatcher with 12 workers.
 -> (artifact id: '5a51b9c5f796211dcc26272118b02796') in 0.000435 seconds
Start importing Assets/ToonyTinyPeople/TT_RTS/TT_RTS_Standard/sample_scene/animation_samples using Guid(c9c7fe233ec57e047bd951475c00eb84) Importer(-1,00000000000000000000000000000000) [PhysX] Initialized MultithreadedTaskDispatcher with 12 workers.
 -> (artifact id: '07c93cd4990e85f866762ae0a03bb3fc') in 0.000430 seconds
Start importing Assets/ToonyTinyPeople/TT_RTS/TT_RTS_Standard/animation/animation_machines using Guid(d950cf89f581a664aaf7e42b7b5e011b) Importer(-1,00000000000000000000000000000000) [PhysX] Initialized MultithreadedTaskDispatcher with 12 workers.
 -> (artifact id: '60068df763cc6137c7d8b1e8d36febe4') in 0.000475 seconds
Start importing Packages/com.unity.test-framework/UnityEditor.TestRunner/TestRun/Tasks/Platform using Guid(d973b7805df545bdae3986ab72a6c2e8) Importer(-1,00000000000000000000000000000000) [PhysX] Initialized MultithreadedTaskDispatcher with 12 workers.
 -> (artifact id: '7ffe34cb3dd8d4bce05b2a2de8ec05b7') in 0.000431 seconds
Start importing Packages/com.unity.ugui/Tests/Runtime/EventSystem/InputModuleTests using Guid(7a892c920c8ad2848b469ec9579c5219) Importer(-1,00000000000000000000000000000000) [PhysX] Initialized MultithreadedTaskDispatcher with 12 workers.
 -> (artifact id: '1bb8fb660546b4a43ddf8af11fedffa3') in 0.000413 seconds
Start importing Assets/ToonyTinyPeople/TT_RTS/TT_RTS_Standard/models/buildings using Guid(4b749db41af498e4e8de83af0fa39396) Importer(-1,00000000000000000000000000000000) [PhysX] Initialized MultithreadedTaskDispatcher with 12 workers.
 -> (artifact id: '66adb6bc436ba696b64c2d6a83031011') in 0.000441 seconds
Start importing Assets/ToonyTinyPeople/TT_RTS/TT_RTS_Standard/animation/animation_infantry using Guid(6b18d2e7ae3d3804b99383584ed30114) Importer(-1,00000000000000000000000000000000) [PhysX] Initialized MultithreadedTaskDispatcher with 12 workers.
 -> (artifact id: '202806aa6e7d6cb7ed9f894020931b1e') in 0.000412 seconds
Start importing Assets/ToonyTinyPeople/TT_RTS/TT_RTS_Standard/FX/FX_prefabs using Guid(9b39ecbf7c0f0c849b25a1d7dbcf085d) Importer(-1,00000000000000000000000000000000) [PhysX] Initialized MultithreadedTaskDispatcher with 12 workers.
 -> (artifact id: 'ce0f39274ac1b850c325235168b97074') in 0.000486 seconds
Start importing Assets/ToonyTinyPeople/TT_RTS/TT_RTS_Standard/models/units using Guid(0cbd7b3acd1bda74fb46e886751ffaed) Importer(-1,00000000000000000000000000000000) [PhysX] Initialized MultithreadedTaskDispatcher with 12 workers.
 -> (artifact id: '6e3192faf0029dff674c5472b93f4eaf') in 0.000810 seconds
Start importing Packages/com.unity.ugui/Runtime/UI/Core/MaterialModifiers using Guid(7c6295db74da28645bf49db58b7c9c65) Importer(-1,00000000000000000000000000000000) [PhysX] Initialized MultithreadedTaskDispatcher with 12 workers.
 -> (artifact id: 'f4815d69b29ec0165ec5679464a13a7c') in 0.000569 seconds
Start importing Packages/com.unity.test-framework/UnityEditor.TestRunner/TestRun/Tasks/Events using Guid(cca5935142d6c754f9ecdce1294f7079) Importer(-1,00000000000000000000000000000000) [PhysX] Initialized MultithreadedTaskDispatcher with 12 workers.
 -> (artifact id: '7c8656bd85b8d284da6c3bac142268a9') in 0.000469 seconds
Start importing Assets/ToonyTinyPeople/TT_RTS/TT_RTS_Standard/prefabs/machines using Guid(ddcab9dbc0bc7fa4a98875a3c9186203) Importer(-1,00000000000000000000000000000000) [PhysX] Initialized MultithreadedTaskDispatcher with 12 workers.
 -> (artifact id: 'a30b4da115017556358d6ecbaa90dc13') in 0.000527 seconds
Start importing Packages/com.unity.ugui/Runtime/UI/Core/VertexModifiers using Guid(cfa73a847eeff06448bb50a8ac6a94e0) Importer(-1,00000000000000000000000000000000) [PhysX] Initialized MultithreadedTaskDispatcher with 12 workers.
 -> (artifact id: '86e1aca01dda60752ea76f53d55a2d1e') in 0.000582 seconds
Start importing Assets/ToonyTinyPeople/TT_RTS/TT_RTS_Standard/FX/meshes/Materials using Guid(10f506b9d22b10242bd1e1367faa6b57) Importer(-1,00000000000000000000000000000000) [PhysX] Initialized MultithreadedTaskDispatcher with 12 workers.
 -> (artifact id: 'a6d312f5d0807f98704a44f6bd065172') in 0.000511 seconds
Start importing Assets/ToonyTinyPeople/TT_RTS/TT_RTS_Standard/animation/animation_machines/Cart using Guid(301a18494cfadd04f90490adbc61d361) Importer(-1,00000000000000000000000000000000) [PhysX] Initialized MultithreadedTaskDispatcher with 12 workers.
 -> (artifact id: '827d576643c41113d0ce174fd815369c') in 0.000449 seconds
Start importing Assets/ToonyTinyPeople/TT_RTS/TT_RTS_Standard/animation/animation_cavalry/cavalry using Guid(b03d03525c441654a8a452071dfd1a76) Importer(-1,00000000000000000000000000000000) [PhysX] Initialized MultithreadedTaskDispatcher with 12 workers.
 -> (artifact id: '1e017b5444566f2eb971b010658a60cd') in 0.000432 seconds
Start importing Assets/ToonyTinyPeople/TT_RTS/TT_RTS_Standard/animation/animation_cavalry/cavalry_archer using Guid(e0d3857135bb1b449a5ed8c57f812986) Importer(-1,00000000000000000000000000000000) [PhysX] Initialized MultithreadedTaskDispatcher with 12 workers.
 -> (artifact id: '5a4a1bad2ba139c9dc8df82d64af1b9e') in 0.000478 seconds
Start importing Assets/ToonyTinyPeople/TT_RTS/TT_RTS_Standard/animation/animation_cavalry/cavalry_staff using Guid(11842c3f482389c40989bfb7c9c3929f) Importer(-1,00000000000000000000000000000000) [PhysX] Initialized MultithreadedTaskDispatcher with 12 workers.
 -> (artifact id: '8a068f204bd0db3cc805747a6f30cf1f') in 0.000426 seconds
Start importing Assets/ToonyTinyPeople/TT_RTS/TT_RTS_Standard/animation/animation_infantry/TwoHanded using Guid(112e3e78483088d4f85636057c22d5a7) Importer(-1,00000000000000000000000000000000) [PhysX] Initialized MultithreadedTaskDispatcher with 12 workers.
 -> (artifact id: '782ccf96fea0be79107b330ccf9fd90d') in 0.000425 seconds
Start importing Assets/ToonyTinyPeople/TT_RTS/TT_RTS_Standard/animation/animation_infantry/Polearm using Guid(122d8ac16be210b44bbaa8ac87908b3c) Importer(-1,00000000000000000000000000000000) [PhysX] Initialized MultithreadedTaskDispatcher with 12 workers.
 -> (artifact id: '87b192080a2a74c0ea73db3623de68f7') in 0.000481 seconds
Start importing Assets/ToonyTinyPeople/TT_RTS/TT_RTS_Standard/animation/animation_machines/Ballista using Guid(e379c1f19658b224298a57e477774e96) Importer(-1,00000000000000000000000000000000) [PhysX] Initialized MultithreadedTaskDispatcher with 12 workers.
 -> (artifact id: 'f6842f20d1465ee81259d354b45c96db') in 0.000500 seconds
Start importing Assets/ToonyTinyPeople/TT_RTS/TT_RTS_Standard/animation/animation_infantry/Archer using Guid(f3770e4c4826752458c9635fd45fbfe8) Importer(-1,00000000000000000000000000000000) [PhysX] Initialized MultithreadedTaskDispatcher with 12 workers.
 -> (artifact id: 'd207a3c7ce982b719085f9a213c91bf5') in 0.000451 seconds
Start importing Assets/ToonyTinyPeople/TT_RTS/TT_RTS_Standard/animation/animation_infantry/Infantry using Guid(7549cb7e2fb92324eafd9294d2843545) Importer(-1,00000000000000000000000000000000) [PhysX] Initialized MultithreadedTaskDispatcher with 12 workers.
 -> (artifact id: 'a83a86e8434192fa155c23f03371bc9d') in 0.000423 seconds
Start importing Assets/ToonyTinyPeople/TT_RTS/TT_RTS_Standard/animation/animation_infantry/Staff using Guid(a5578c5cb8ae65549b1dc2f04169b481) Importer(-1,00000000000000000000000000000000) [PhysX] Initialized MultithreadedTaskDispatcher with 12 workers.
 -> (artifact id: '9c911efd357b3df7c93431b50aaa6656') in 0.000407 seconds
Start importing Assets/ToonyTinyPeople/TT_RTS/TT_RTS_Standard/animation/animation_cavalry/cavalry_crossbow using Guid(b5138dbba55e1354b8264443afa7ed44) Importer(-1,00000000000000000000000000000000) [PhysX] Initialized MultithreadedTaskDispatcher with 12 workers.
 -> (artifact id: 'c31bab9011ad68118bbd7798a0e50137') in 0.000409 seconds
Start importing Assets/ToonyTinyPeople/TT_RTS/TT_RTS_Standard/models/extras/banners using Guid(16d48110dc6e9154aa0d0e6d1f553eb5) Importer(-1,00000000000000000000000000000000) [PhysX] Initialized MultithreadedTaskDispatcher with 12 workers.
 -> (artifact id: '94548f9756fa30f02cba09086dbb0b3c') in 0.000410 seconds
Start importing Assets/ToonyTinyPeople/TT_RTS/TT_RTS_Standard/animation/animation_cavalry/cavalry_shield using Guid(18d64bf7d378d584aa789c5959659c0e) Importer(-1,00000000000000000000000000000000) [PhysX] Initialized MultithreadedTaskDispatcher with 12 workers.
 -> (artifact id: 'ce02fb9ba09c4b9ce47caf8c286a5e99') in 0.000420 seconds
Start importing Assets/ToonyTinyPeople/TT_RTS/TT_RTS_Standard/models/extras/projectiles using Guid(983779fd979a2a6479d975abd5797e66) Importer(-1,00000000000000000000000000000000) [PhysX] Initialized MultithreadedTaskDispatcher with 12 workers.
 -> (artifact id: 'e2ee08585322054b1f180ed84e041b9b') in 0.000464 seconds
Start importing Assets/ToonyTinyPeople/TT_RTS/TT_RTS_Standard/models/extras/weapons using Guid(c8c680e4df499334bac4c8dd17fe05a1) Importer(-1,00000000000000000000000000000000) [PhysX] Initialized MultithreadedTaskDispatcher with 12 workers.
 -> (artifact id: 'e41c2c2d926d396e77cabe79a6ca15b2') in 0.000488 seconds
Start importing Assets/ToonyTinyPeople/TT_RTS/TT_RTS_Standard/animation/animation_infantry/Shield using Guid(d8c9fc3afc1c16f48a218dfdef632b0a) Importer(-1,00000000000000000000000000000000) [PhysX] Initialized MultithreadedTaskDispatcher with 12 workers.
 -> (artifact id: '9743d59801db8254651ce6b31f192474') in 0.000420 seconds
Start importing Assets/ToonyTinyPeople/TT_RTS/TT_RTS_Standard/animation/animation_infantry/Spear using Guid(0a6c1dd570a3e8d41a37a1604ca6ac76) Importer(-1,00000000000000000000000000000000) [PhysX] Initialized MultithreadedTaskDispatcher with 12 workers.
 -> (artifact id: 'f0cdb32849c9160c40655cf1ec76bea6') in 0.000564 seconds
Start importing Assets/ToonyTinyPeople/TT_RTS/TT_RTS_Standard/models/buildings/construction using Guid(4a629a20156cede4c87e90d4584b90fa) Importer(-1,00000000000000000000000000000000) [PhysX] Initialized MultithreadedTaskDispatcher with 12 workers.
 -> (artifact id: '2a924d93e5c2925ac94c6ae608bf2875') in 0.000691 seconds
Start importing Assets/ToonyTinyPeople/TT_RTS/TT_RTS_Standard/models/extras/heads using Guid(aafbbe78921375747a795098df5d6fd2) Importer(-1,00000000000000000000000000000000) [PhysX] Initialized MultithreadedTaskDispatcher with 12 workers.
 -> (artifact id: '7dea50c950bfda7af909e6bf233ccc8e') in 0.001141 seconds
Start importing Assets/ToonyTinyPeople/TT_RTS/TT_RTS_Standard/FX/materials/textures using Guid(eace9b9b507a5b14c980a48f5d055654) Importer(-1,00000000000000000000000000000000) [PhysX] Initialized MultithreadedTaskDispatcher with 12 workers.
 -> (artifact id: '96c0a0223a3477c54adba83fc16af611') in 0.000614 seconds
Start importing Assets/ToonyTinyPeople/TT_RTS/TT_RTS_Standard/animation/animation_infantry/Crossbow using Guid(2ba3cd6151960b047b28064ad80aa699) Importer(-1,00000000000000000000000000000000) [PhysX] Initialized MultithreadedTaskDispatcher with 12 workers.
 -> (artifact id: '18ae5aef2fa31877ffcfa5f3f019bae7') in 0.000579 seconds
Start importing Assets/ToonyTinyPeople/TT_RTS/TT_RTS_Standard/models/units/machines using Guid(3be844170e5bc77489fcbad2173a7075) Importer(-1,00000000000000000000000000000000) [PhysX] Initialized MultithreadedTaskDispatcher with 12 workers.
 -> (artifact id: 'd8cc1c13bab95d19362777bc995116b8') in 0.000569 seconds
Start importing Assets/ToonyTinyPeople/TT_RTS/TT_RTS_Standard/animation/animation_cavalry/cavalry_spear_A using Guid(5bf9997fbd2bfe240a9c5ba4c1626464) Importer(-1,00000000000000000000000000000000) [PhysX] Initialized MultithreadedTaskDispatcher with 12 workers.
 -> (artifact id: '12f345f5c29956435565b7df118f24d1') in 0.000568 seconds
Start importing Assets/ToonyTinyPeople/TT_RTS/TT_RTS_Standard/models/extras/backstuff using Guid(acd932204ee0b58468b36430bf157978) Importer(-1,00000000000000000000000000000000) [PhysX] Initialized MultithreadedTaskDispatcher with 12 workers.
 -> (artifact id: '4de116959fec2e8c1d5e7301ffa03a0f') in 0.000596 seconds
Start importing Assets/ToonyTinyPeople/TT_RTS/TT_RTS_Standard/animation/animation_infantry/Spear_shield using Guid(ec24609ddc6d2e64aab50384973e6586) Importer(-1,00000000000000000000000000000000) [PhysX] Initialized MultithreadedTaskDispatcher with 12 workers.
 -> (artifact id: '4bfb5e4f6d36106a1415cbdbcb945ad8') in 0.000571 seconds
Start importing Assets/ToonyTinyPeople/TT_RTS/TT_RTS_Standard/animation/animation_machines/Catapult using Guid(fd8ec2c5c621b724db5ef9adb338cb5b) Importer(-1,00000000000000000000000000000000) [PhysX] Initialized MultithreadedTaskDispatcher with 12 workers.
 -> (artifact id: '20efffa6bea1fc8eb18c410b57cc6fc6') in 0.000591 seconds
Start importing Assets/ToonyTinyPeople/TT_RTS/TT_RTS_Standard/models/materials/color using Guid(0eeaba8237e3cf749b84a83489529ed8) Importer(-1,00000000000000000000000000000000) [PhysX] Initialized MultithreadedTaskDispatcher with 12 workers.
 -> (artifact id: 'c255d8a2bc45e261718aad8b254c3dff') in 0.000542 seconds
Start importing Assets/ToonyTinyPeople/TT_RTS/TT_RTS_Standard/models/buildings/animation using Guid(9e24b0b099b546d45833ad36c8cb50b2) Importer(-1,00000000000000000000000000000000) [PhysX] Initialized MultithreadedTaskDispatcher with 12 workers.
 -> (artifact id: 'd926a12d77c6c6f0e26252c240ef3222') in 0.000449 seconds
Start importing Assets/ToonyTinyPeople/TT_RTS/TT_RTS_Standard/animation/animation_machines/Ram using Guid(fe7d1254ac02815438ce4d9bcafe4b71) Importer(-1,00000000000000000000000000000000) [PhysX] Initialized MultithreadedTaskDispatcher with 12 workers.
 -> (artifact id: 'dbe95195f9a417aec98cacbdf8009510') in 0.000527 seconds
Start importing Assets/ToonyTinyPeople/TT_RTS/TT_RTS_Standard/animation/animation_cavalry/cavalry_spear_B using Guid(0f5143561b5598d478e101fa41ad5cb0) Importer(-1,00000000000000000000000000000000) [PhysX] Initialized MultithreadedTaskDispatcher with 12 workers.
 -> (artifact id: 'b92d6e1c88dbb405f57163f84265b232') in 0.000457 seconds
Start importing Assets/ToonyTinyPeople/TT_RTS/TT_RTS_Standard/models/buildings/animation/wall_B_gate using Guid(443f6f3818a6b44428ac194edb25f9c0) Importer(-1,00000000000000000000000000000000) [PhysX] Initialized MultithreadedTaskDispatcher with 12 workers.
 -> (artifact id: 'bf48d4d1ad8d2995272f9ac2ae672efa') in 0.000492 seconds
Start importing Assets/ToonyTinyPeople/TT_RTS/TT_RTS_Standard/models/materials/color/Units using Guid(46a29172ec09cb0428831c0b15a68337) Importer(-1,00000000000000000000000000000000) [PhysX] Initialized MultithreadedTaskDispatcher with 12 workers.
 -> (artifact id: '5a3a9846f004284961c2e2701d77bd65') in 0.000568 seconds
Start importing Assets/ToonyTinyPeople/TT_RTS/TT_RTS_Standard/models/extras/banners/animation using Guid(763b811afa26781408bdce3d6fea8a29) Importer(-1,00000000000000000000000000000000) [PhysX] Initialized MultithreadedTaskDispatcher with 12 workers.
 -> (artifact id: 'a5a899ba306ad74ef18a4e0788cd4182') in 0.000543 seconds
Start importing Assets/ToonyTinyPeople/TT_RTS/TT_RTS_Standard/models/materials/color/Buildings using Guid(d755d8cd18b3554488357d97f8c8d65b) Importer(-1,00000000000000000000000000000000) [PhysX] Initialized MultithreadedTaskDispatcher with 12 workers.
 -> (artifact id: '7f6cdc255d5034c114e1e74c5a409536') in 0.000497 seconds
Start importing Assets/ToonyTinyPeople/TT_RTS/TT_RTS_Standard/models/extras/banners/materials using Guid(3cb23482b3779df41a01c5c82a3e877f) Importer(-1,00000000000000000000000000000000) [PhysX] Initialized MultithreadedTaskDispatcher with 12 workers.
 -> (artifact id: 'b539313661b2ec8619aa1d64bcdde85f') in 0.000491 seconds
Start importing Assets/ToonyTinyPeople/TT_RTS/TT_RTS_Standard/models/buildings/animation/wall_A_gate using Guid(6c93466cdced912459ad971dbc2995b3) Importer(-1,00000000000000000000000000000000) [PhysX] Initialized MultithreadedTaskDispatcher with 12 workers.
 -> (artifact id: '586dc9840bfd8902cb52bf870c8e3e73') in 0.000509 seconds
Start importing Assets/ToonyTinyPeople/TT_RTS/TT_RTS_Standard/models/materials/color/Buildings/textures using Guid(057b50dff752ea642b8667cb92b8c842) Importer(-1,00000000000000000000000000000000) [PhysX] Initialized MultithreadedTaskDispatcher with 12 workers.
 -> (artifact id: '3e1407c3160aec55fd4c8530129af4b5') in 0.000513 seconds
Start importing Assets/ToonyTinyPeople/TT_RTS/TT_RTS_Standard/models/extras/banners/materials/colors using Guid(259e7379288bf3046971004195397658) Importer(-1,00000000000000000000000000000000) [PhysX] Initialized MultithreadedTaskDispatcher with 12 workers.
 -> (artifact id: 'c985b64bea1875131ca6bba100b96dff') in 0.000539 seconds
Start importing Assets/ToonyTinyPeople/TT_RTS/TT_RTS_Standard/models/materials/color/Units/Textures using Guid(8f03c84e58fb7044cb76438addc4537e) Importer(-1,00000000000000000000000000000000) [PhysX] Initialized MultithreadedTaskDispatcher with 12 workers.
 -> (artifact id: '7d89a54b07594e802dec96ef570e546d') in 0.000455 seconds
Start importing Packages/com.unity.ext.nunit/net40/unity-custom/nunit.framework.dll using Guid(f1605f5534186904fa2c4c42acbfe01e) Importer(-1,00000000000000000000000000000000) [PhysX] Initialized MultithreadedTaskDispatcher with 12 workers.
 -> (artifact id: '541874a7106999f8501d6a2109bcf6f0') in 0.007423 seconds
Start importing Packages/com.unity.nuget.newtonsoft-json/Runtime/AOT/Newtonsoft.Json.dll using Guid(6c694cfdc33ae264fb33e0cd1c7e25cf) Importer(-1,00000000000000000000000000000000) [PhysX] Initialized MultithreadedTaskDispatcher with 12 workers.
 -> (artifact id: '0b6b57f26fa741e36274f50b5aa5fa07') in 0.003018 seconds
Start importing Packages/com.unity.nuget.newtonsoft-json/Runtime/Newtonsoft.Json.dll using Guid(8c4bfcb5b17948478ccb955bccff9652) Importer(-1,00000000000000000000000000000000) [PhysX] Initialized MultithreadedTaskDispatcher with 12 workers.
 -> (artifact id: 'b94edaca3b62753e4276ebe40dbb043a') in 0.002760 seconds
Start importing Packages/com.unity.ugui/Editor/UnityEditor.UI.asmdef using Guid(343deaaf83e0cee4ca978e7df0b80d21) Importer(-1,00000000000000000000000000000000) [PhysX] Initialized MultithreadedTaskDispatcher with 12 workers.
 -> (artifact id: '0d9a9ced776b673c9886fc90a33fe5bc') in 0.001930 seconds
Start importing Packages/com.unity.test-framework/UnityEngine.TestRunner/UnityEngine.TestRunner.asmdef using Guid(27619889b8ba8c24980f49ee34dbb44a) Importer(-1,00000000000000000000000000000000) [PhysX] Initialized MultithreadedTaskDispatcher with 12 workers.
 -> (artifact id: '246745644ea869924da0fd32c86d68ca') in 0.002032 seconds
Start importing Packages/com.unity.ugui/Tests/Runtime/UnityEngine.UI.Tests.asmdef using Guid(e9745f6a32442194c8dc5a43e9ab86f9) Importer(-1,00000000000000000000000000000000) [PhysX] Initialized MultithreadedTaskDispatcher with 12 workers.
 -> (artifact id: '311ae763825935aaa5da3a9150680168') in 0.001889 seconds
Start importing Packages/com.unity.test-framework/UnityEditor.TestRunner/UnityEditor.TestRunner.asmdef using Guid(0acc523941302664db1f4e527237feb3) Importer(-1,00000000000000000000000000000000) [PhysX] Initialized MultithreadedTaskDispatcher with 12 workers.
 -> (artifact id: 'ab1eb54c1014021f6b2057075566e3c0') in 0.001698 seconds
Start importing Assets/_Game/Tests/EditMode/MedievalRTS.EditModeTests.asmdef using Guid(6a1a2b93133da046321e0b672580068c) Importer(-1,00000000000000000000000000000000) [PhysX] Initialized MultithreadedTaskDispatcher with 12 workers.
 -> (artifact id: '7b8f23af70e990585388ac52f0046db1') in 0.001665 seconds
Start importing Packages/com.unity.ugui/Runtime/UnityEngine.UI.asmdef using Guid(2bafac87e7f4b9b418d9448d219b01ab) Importer(-1,00000000000000000000000000000000) [PhysX] Initialized MultithreadedTaskDispatcher with 12 workers.
 -> (artifact id: 'b60cb03738885a0fdf5c9378b72b96e7') in 0.001617 seconds
Start importing Assets/_Game/Scripts/MedievalRTS.Runtime.asmdef using Guid(eb075847104f1c05a31b1ce459463c03) Importer(-1,00000000000000000000000000000000) [PhysX] Initialized MultithreadedTaskDispatcher with 12 workers.
 -> (artifact id: 'b56f5c612e8f32b5466088f037b10d82') in 0.001703 seconds
Start importing Packages/com.unity.ugui/Tests/Editor/UnityEditor.UI.EditorTests.asmdef using Guid(7c04f0dfa9243c04681a55d90d3ff3fc) Importer(-1,00000000000000000000000000000000) [PhysX] Initialized MultithreadedTaskDispatcher with 12 workers.
 -> (artifact id: '173dcac11a0bc549477804e17099a150') in 0.001562 seconds
Start importing Packages/com.unity.ugui/Runtime/UI/Core/Layout/LayoutRebuilder.cs using Guid(006633c8a6f4ae94aa9babf72234e1a2) Importer(-1,00000000000000000000000000000000) [PhysX] Initialized MultithreadedTaskDispatcher with 12 workers.
 -> (artifact id: '5c04b4901c081bd13a60e152baacdc15') in 0.002154 seconds
Start importing Packages/com.unity.ugui/Tests/Runtime/ScrollBar/ScrollBarTests.cs using Guid(00f9a68859b850648902e0c98c25b590) Importer(-1,00000000000000000000000000000000) [PhysX] Initialized MultithreadedTaskDispatcher with 12 workers.
 -> (artifact id: '6fae510255a70ca304981e12f02d561a') in 0.001581 seconds
Start importing Packages/com.unity.test-framework/UnityEditor.TestRunner/TestRun/Tasks/Player/DetermineRuntimePlatformTask.cs using Guid(006c3457e983424bbdead50009cd0e00) Importer(-1,00000000000000000000000000000000) [PhysX] Initialized MultithreadedTaskDispatcher with 12 workers.
 -> (artifact id: 'dcefeaf1651b92d1e63b17763ebc62cd') in 0.002192 seconds
Start importing Packages/com.unity.test-framework/UnityEngine.TestRunner/TestRunner/PlaymodeTestsController.cs using Guid(102e512f651ee834f951a2516c1ea3b8) Importer(-1,00000000000000000000000000000000) [PhysX] Initialized MultithreadedTaskDispatcher with 12 workers.
 -> (artifact id: '657d198e4d76b4c0b83a2b92be74985a') in 0.001610 seconds
Start importing Packages/com.unity.test-framework/UnityEditor.TestRunner/UnityTestProtocol/TestRunnerApiMapper.cs using Guid(2011a59d3f76b3d4a85cb53f945fceee) Importer(-1,00000000000000000000000000000000) [PhysX] Initialized MultithreadedTaskDispatcher with 12 workers.
 -> (artifact id: '0129cfae00fb6bb16cc1eb6604b1dad4') in 0.001720 seconds
Start importing Packages/com.unity.test-framework/UnityEngine.TestRunner/TestRunner/Callbacks/RemoteTestResultSender.cs using Guid(20793418366caf14293b29c55df5e9ec) Importer(-1,00000000000000000000000000000000) [PhysX] Initialized MultithreadedTaskDispatcher with 12 workers.
 -> (artifact id: '8ae6dd83bac41416a11c3c103c9cf6c4') in 0.001515 seconds
Start importing Packages/com.unity.test-framework/UnityEditor.TestRunner/TestRunner/Utils/EditorAssemblyWrapper.cs using Guid(20cdb37e6fea6d946bbb84d2c923db85) Importer(-1,00000000000000000000000000000000) [PhysX] Initialized MultithreadedTaskDispatcher with 12 workers.
 -> (artifact id: '3133705a05c933386f6332407a9bc70f') in 0.001520 seconds
Start importing Packages/com.unity.test-framework/UnityEditor.TestRunner/GUI/IAssetsDatabaseHelper.cs using Guid(208e46d59ff6e304db0318377d20f5a1) Importer(-1,00000000000000000000000000000000) [PhysX] Initialized MultithreadedTaskDispatcher with 12 workers.
 -> (artifact id: '46c8c153355b47c0d633fa955805fbfb') in 0.002055 seconds
Start importing Packages/com.unity.ugui/Runtime/UI/Core/MaterialModifiers/IMaterialModifier.cs using Guid(20ff4283f687e044087714f82c4d6d3f) Importer(-1,00000000000000000000000000000000) [PhysX] Initialized MultithreadedTaskDispatcher with 12 workers.
 -> (artifact id: '4724567d321198704519d19220397747') in 0.001878 seconds
Start importing Packages/com.unity.ugui/Runtime/UI/Core/Layout/HorizontalLayoutGroup.cs using Guid(30649d3a9faa99c48a7b1166b86bf2a0) Importer(-1,00000000000000000000000000000000) [PhysX] Initialized MultithreadedTaskDispatcher with 12 workers.
 -> (artifact id: '2cc88476a1b65ae1189e8500bd7fbc0f') in 0.002480 seconds
Start importing Packages/com.unity.ugui/Tests/Runtime/Layout/ContentSizeFitterTests.cs using Guid(309b0604924786544a3786ec4073c5a1) Importer(-1,00000000000000000000000000000000) [PhysX] Initialized MultithreadedTaskDispatcher with 12 workers.
 -> (artifact id: '36fb4b2925e74bbb974d56b7a267bdcb') in 0.001786 seconds
Start importing Packages/com.unity.ugui/Runtime/UI/Core/Layout/LayoutElement.cs using Guid(306cc8c2b49d7114eaa3623786fc2126) Importer(-1,00000000000000000000000000000000) [PhysX] Initialized MultithreadedTaskDispatcher with 12 workers.
 -> (artifact id: 'fb3d34a54b0f96c250f78f57e84d0da3') in 0.001661 seconds
Start importing Packages/com.unity.test-framework/UnityEditor.TestRunner/TestRunner/Messages/ExitPlayMode.cs using Guid(408674d91d506a54aac9a7f07951c018) Importer(-1,00000000000000000000000000000000) [PhysX] Initialized MultithreadedTaskDispatcher with 12 workers.
 -> (artifact id: '9b71d78da2ae8c5d27d2c0278c67ba50') in 0.001606 seconds
Start importing Packages/com.unity.ugui/Tests/Runtime/Graphic/RawImageTestHook.cs using Guid(40c83ba6a1a64cb4baac27028dd1acc1) Importer(-1,00000000000000000000000000000000) [PhysX] Initialized MultithreadedTaskDispatcher with 12 workers.
 -> (artifact id: 'b696bad4293d236855823abc449f678c') in 0.001498 seconds
Start importing Assets/_Game/Tests/EditMode/CampaignHubScreenTests.cs using Guid(40ea2d8915585704989b9b107f25ff97) Importer(-1,00000000000000000000000000000000) [PhysX] Initialized MultithreadedTaskDispatcher with 12 workers.
 -> (artifact id: 'cee8db0a5e4d398b88895ba67554bccf') in 0.001909 seconds
Start importing Packages/com.unity.test-framework/UnityEditor.TestRunner/GUI/TestAssets/IActiveFolderTemplateAssetCreator.cs using Guid(409ee14a63784dc0ab5d002081211814) Importer(-1,00000000000000000000000000000000) [PhysX] Initialized MultithreadedTaskDispatcher with 12 workers.
 -> (artifact id: '3f4f7e35b66a40a701fde339ff8eb718') in 0.001784 seconds
Start importing Packages/com.unity.ugui/Tests/Runtime/Toggle/ToggleGroupTests.cs using Guid(50081206855385544a5ddd0e3b6ba9be) Importer(-1,00000000000000000000000000000000) [PhysX] Initialized MultithreadedTaskDispatcher with 12 workers.
 -> (artifact id: 'f533992a3fd933159f6ed5851ecb4439') in 0.001670 seconds
Start importing Assets/_Game/Editor/MadDragonCliBuild.cs using Guid(6088e426701ce4145a3f619488324a0c) Importer(-1,00000000000000000000000000000000) [PhysX] Initialized MultithreadedTaskDispatcher with 12 workers.
 -> (artifact id: 'c6bfe7ca8407a35c1d529224270801ce') in 0.001978 seconds
Start importing Packages/com.unity.test-framework/UnityEngine.TestRunner/NUnitExtensions/Attributes/UnityTearDownAttribute.cs using Guid(600f4b74746dbf944901257f81a8af6d) Importer(-1,00000000000000000000000000000000) [PhysX] Initialized MultithreadedTaskDispatcher with 12 workers.
 -> (artifact id: '72f97ccf60410339215310cd57906392') in 0.001656 seconds
Start importing Packages/com.unity.test-framework/UnityEditor.TestRunner/TestRunner/Utils/ITestListCacheData.cs using Guid(7043e9a330ac2d84a80a965ada4589ad) Importer(-1,00000000000000000000000000000000) [PhysX] Initialized MultithreadedTaskDispatcher with 12 workers.
 -> (artifact id: '596e7f62e79e691c88f611a3cbb112cc') in 0.001657 seconds
Start importing Assets/_Game/Scripts/Units/Unit.cs using Guid(70472362c33f8cf418163695b3c49c34) Importer(-1,00000000000000000000000000000000) [PhysX] Initialized MultithreadedTaskDispatcher with 12 workers.
 -> (artifact id: 'e3103d2063d68575293e9312c183cfb9') in 0.001584 seconds
Start importing Assets/_Game/Scripts/Economy/ResourceProductionBuilding.cs using Guid(707cf751388eac246b4226d631d7c612) Importer(-1,00000000000000000000000000000000) [PhysX] Initialized MultithreadedTaskDispatcher with 12 workers.
 -> (artifact id: '8c16b29caee190c049e4eb25c8e2633e') in 0.001963 seconds
Start importing Packages/com.unity.test-framework/UnityEditor.TestRunner/GUI/UITestRunnerFilter.cs using Guid(8069e1fc631e461ababf11f19a9c0df3) Importer(-1,00000000000000000000000000000000) [PhysX] Initialized MultithreadedTaskDispatcher with 12 workers.
 -> (artifact id: '8d3215f8bad69ead19b6047a9780309f') in 0.001788 seconds
Start importing Packages/com.unity.test-framework/UnityEditor.TestRunner/Api/ITestAdaptorFactory.cs using Guid(803abab0f7e17044db56f8760186dbd1) Importer(-1,00000000000000000000000000000000) [PhysX] Initialized MultithreadedTaskDispatcher with 12 workers.
 -> (artifact id: '87b5a240d00dd8753b633fe59bbaa2b0') in 0.001540 seconds
Start importing Packages/com.unity.test-framework/UnityEditor.TestRunner/TestRun/Data/TestJobData.cs using Guid(80ac8f5b2a7fa904dbc80111be88c8be) Importer(-1,00000000000000000000000000000000) [PhysX] Initialized MultithreadedTaskDispatcher with 12 workers.
 -> (artifact id: '25c9742df4ace2aad0c60e16122cd105') in 0.001585 seconds
Start importing Packages/com.unity.test-framework/UnityEditor.TestRunner/UnityTestProtocol/IUtpLogger.cs using Guid(9014630255533ed42915965b4065cde8) Importer(-1,00000000000000000000000000000000) [PhysX] Initialized MultithreadedTaskDispatcher with 12 workers.
 -> (artifact id: '7b15ce618c7eee67565e8dbcc1dee846') in 0.002316 seconds
Start importing Packages/com.unity.ugui/Runtime/UI/Core/Toggle.cs using Guid(9085046f02f69544eb97fd06b6048fe2) Importer(-1,00000000000000000000000000000000) [PhysX] Initialized MultithreadedTaskDispatcher with 12 workers.
 -> (artifact id: '7f5f1a80dc88bc2b27eeb93e090791af') in 0.001564 seconds
Start importing Packages/com.unity.test-framework/UnityEditor.TestRunner/UnityTestProtocol/UnityTestProtocolListener.cs using Guid(900aac3710bc14542a8d164e3f0ff820) Importer(-1,00000000000000000000000000000000) [PhysX] Initialized MultithreadedTaskDispatcher with 12 workers.
 -> (artifact id: 'a3c24916c3808b3ac49fab52cf1d6ddd') in 0.001653 seconds
Start importing Packages/com.unity.test-framework/UnityEditor.TestRunner/TestRunner/EnumeratorStepHelper.cs using Guid(901b761c5c1e22d4e8a3ba7d95bc1f5d) Importer(-1,00000000000000000000000000000000) [PhysX] Initialized MultithreadedTaskDispatcher with 12 workers.
 -> (artifact id: '0647c0044f16d92392f1867a18ce2a48') in 0.001637 seconds
Start importing Packages/com.unity.ugui/Tests/Runtime/NestedLayout/SceneWithNestedLayoutElementsLoadScript.cs using Guid(a021b6d2ca2e9404b8a4d94343ecd068) Importer(-1,00000000000000000000000000000000) [PhysX] Initialized MultithreadedTaskDispatcher with 12 workers.
 -> (artifact id: '7efb37099e5211e6b9031a3d4c0beeae') in 0.001824 seconds
Start importing Packages/com.unity.test-framework/UnityEngine.TestRunner/Utils/MonoBehaviourTest/IMonoBehaviourTest.cs using Guid(a002d3737b873954395b7cf862873ab8) Importer(-1,00000000000000000000000000000000) [PhysX] Initialized MultithreadedTaskDispatcher with 12 workers.
 -> (artifact id: '0915f5f5a169f8de797a95baa86fe2c4') in 0.001894 seconds
Start importing Packages/com.unity.test-framework/UnityEngine.TestRunner/TestRunner/RuntimeTestRunnerFilter.cs using Guid(a025ba7ee40d0104db8d08b1d9eabb0d) Importer(-1,00000000000000000000000000000000) [PhysX] Initialized MultithreadedTaskDispatcher with 12 workers.
 -> (artifact id: 'fdc6a8a2c8f6493baae7bff36d07531c') in 0.001651 seconds
Start importing Packages/com.unity.test-framework/UnityEditor.TestRunner/TestRun/Tasks/BuildTestTreeTask.cs using Guid(a0288e1c9324e824bab7e2044a72a434) Importer(-1,00000000000000000000000000000000) [PhysX] Initialized MultithreadedTaskDispatcher with 12 workers.
 -> (artifact id: 'b64eb7065b9d6754e36d7b9bbaf29f1d') in 0.001944 seconds
Start importing Packages/com.unity.test-framework/UnityEditor.TestRunner/GUI/TestRunnerResult.cs using Guid(a04a45bbed9e1714f9902fc9443669b9) Importer(-1,00000000000000000000000000000000) [PhysX] Initialized MultithreadedTaskDispatcher with 12 workers.
 -> (artifact id: 'de08062c581b60eaa142406bcd001aa9') in 0.001910 seconds
Start importing Packages/com.unity.ugui/Tests/Runtime/Graphic/ImageTests.cs using Guid(a0bae4ff8f5baf64aad3b92b8aea0603) Importer(-1,00000000000000000000000000000000) [PhysX] Initialized MultithreadedTaskDispatcher with 12 workers.
 -> (artifact id: '9ae4735ba8cccb50a8e3c32ca1944900') in 0.001656 seconds
Start importing Packages/com.unity.test-framework/UnityEditor.TestRunner/Api/TestResultAdaptor.cs using Guid(d061ada5d3169454daf54243390b5fdb) Importer(-1,00000000000000000000000000000000) [PhysX] Initialized MultithreadedTaskDispatcher with 12 workers.
 -> (artifact id: 'd334becea37fcea1cfb02a566db3e950') in 0.001573 seconds
Start importing Packages/com.unity.ugui/Runtime/EventSystem/EventTrigger.cs using Guid(d0b148fe25e99eb48b9724523833bab1) Importer(-1,00000000000000000000000000000000) [PhysX] Initialized MultithreadedTaskDispatcher with 12 workers.
 -> (artifact id: '8d0578785070447cdad77f93c1b03588') in 0.001831 seconds
Start importing Packages/com.unity.test-framework/UnityEditor.TestRunner/GUI/GuiHelper.cs using Guid(d0138170d24533e47b8e6c250c6d7fbc) Importer(-1,00000000000000000000000000000000) [PhysX] Initialized MultithreadedTaskDispatcher with 12 workers.
 -> (artifact id: '68f71a383febd9d43e60040516454919') in 0.002212 seconds
Start importing Packages/com.unity.test-framework/UnityEditor.TestRunner/Api/TestAdaptorFactory.cs using Guid(d0663d520c26b7c48a4135599e66acf8) Importer(-1,00000000000000000000000000000000) [PhysX] Initialized MultithreadedTaskDispatcher with 12 workers.
 -> (artifact id: 'dbba3ebb0f09f40a49b6499c6f4edf04') in 0.001611 seconds
Start importing Packages/com.unity.test-framework/UnityEngine.TestRunner/Assertions/AllocatingGCMemoryConstraint.cs using Guid(d09858396dd7adb4bbdb22ea0c8c3a37) Importer(-1,00000000000000000000000000000000) [PhysX] Initialized MultithreadedTaskDispatcher with 12 workers.
 -> (artifact id: '1a2c07fbe7a1e0ff34ac16fe6189c79d') in 0.001579 seconds
Start importing Packages/com.unity.test-framework/UnityEditor.TestRunner/UnityTestProtocol/UtpDebuglogger.cs using Guid(d0abdd8cb6b29a24c8ee19626ef741b9) Importer(-1,00000000000000000000000000000000) [PhysX] Initialized MultithreadedTaskDispatcher with 12 workers.
 -> (artifact id: '191bc124ac7fdac3f58c4a5b09c708a6') in 0.002447 seconds
Start importing Packages/com.unity.ugui/Tests/Runtime/Toggle/TestableToggleGroup.cs using Guid(e0e4f43a3816add4c86c9671d7961f2f) Importer(-1,00000000000000000000000000000000) [PhysX] Initialized MultithreadedTaskDispatcher with 12 workers.
 -> (artifact id: 'c54bb8ad690c8d9b8a1c5ddabcc80304') in 0.001631 seconds
Start importing Packages/com.unity.test-framework/UnityEngine.TestRunner/NUnitExtensions/Commands/SetUpTearDownCommand.cs using Guid(e0db3f3921670cd4ca2e925737c3fba4) Importer(-1,00000000000000000000000000000000) [PhysX] Initialized MultithreadedTaskDispatcher with 12 workers.
 -> (artifact id: '45375167a9689411ea8d1279bfa6b01a') in 0.001609 seconds
Start importing Packages/com.unity.test-framework/UnityEditor.TestRunner/TestRun/Tasks/Scene/RemoveAdditionalUntitledSceneTask.cs using Guid(e02e76bfece9a28408e2e7dcb2e14b8f) Importer(-1,00000000000000000000000000000000) [PhysX] Initialized MultithreadedTaskDispatcher with 12 workers.
 -> (artifact id: 'd7388f6eff6d006d9e3dee6b12bdacb1') in 0.001733 seconds
Start importing Packages/com.unity.test-framework/UnityEditor.TestRunner/GUI/TestAssets/CustomScriptAssemblyMappingFinder.cs using Guid(f03c073fcc564ab582ac38999beb4b6d) Importer(-1,00000000000000000000000000000000) [PhysX] Initialized MultithreadedTaskDispatcher with 12 workers.
 -> (artifact id: '805fa4b0b5335193f327228262e8c00e') in 0.001739 seconds
Start importing Packages/com.unity.test-framework/UnityEngine.TestRunner/NUnitExtensions/Filters/FullNameFilter.cs using Guid(f07fb40f4e944ebeb84eb8f8a6bb5b13) Importer(-1,00000000000000000000000000000000) [PhysX] Initialized MultithreadedTaskDispatcher with 12 workers.
 -> (artifact id: '6d2fa3586c665c507d7b21b6d3c8ee42') in 0.002094 seconds
Start importing Packages/com.unity.test-framework/UnityEditor.TestRunner/TestRun/Tasks/SetupConstructDelegatorTask.cs using Guid(01aa6c4633a44c2ca43e69d35747cb80) Importer(-1,00000000000000000000000000000000) [PhysX] Initialized MultithreadedTaskDispatcher with 12 workers.
 -> (artifact id: 'e3a41cc4467fe30154c9461937b09b48') in 0.002134 seconds
Start importing Packages/com.unity.ugui/Tests/Runtime/NestedLayout/SceneWithNestedLayoutElementsLoads.cs using Guid(01df650e1b86e9f4a8e2b5dc9782506f) Importer(-1,00000000000000000000000000000000) [PhysX] Initialized MultithreadedTaskDispatcher with 12 workers.
 -> (artifact id: 'c57e900c536da160be471a7e7f2de823') in 0.001636 seconds
Start importing Packages/com.unity.ugui/Editor/EventSystem/Physics2DRaycasterEditor.cs using Guid(1143ae6bb91836f4a8f8ebfaabb9396d) Importer(-1,00000000000000000000000000000000) [PhysX] Initialized MultithreadedTaskDispatcher with 12 workers.
 -> (artifact id: '12ecbaed7a148c7c8ca343377d9c5cb6') in 0.002194 seconds
Start importing Packages/com.unity.test-framework/UnityEngine.TestRunner/NUnitExtensions/Runner/CompositeWorkItem.cs using Guid(110d5035a36a6a34580fb65bb40cd78f) Importer(-1,00000000000000000000000000000000) [PhysX] Initialized MultithreadedTaskDispatcher with 12 workers.
 -> (artifact id: 'b992e190146c64b5f00088fff0f0828a') in 0.001842 seconds
Start importing Packages/com.unity.ugui/Editor/UI/InputFieldEditor.cs using Guid(21d2d5d6901f2ca43a8015c60ada4e2c) Importer(-1,00000000000000000000000000000000) [PhysX] Initialized MultithreadedTaskDispatcher with 12 workers.
 -> (artifact id: '80665be714114360ccf297c22123c8f1') in 0.001579 seconds
Start importing Packages/com.unity.ugui/Runtime/UI/Core/Mask.cs using Guid(31a19414c41e5ae4aae2af33fee712f6) Importer(-1,00000000000000000000000000000000) [PhysX] Initialized MultithreadedTaskDispatcher with 12 workers.
 -> (artifact id: '8c465553401f33fa0e70851cdaa4132f') in 0.001863 seconds
Start importing Packages/com.unity.test-framework/UnityEditor.TestRunner/TestRun/Tasks/Platform/PlatformSpecificSuccessfulLaunchTask.cs using Guid(31d26a10516a4ac7a9bfdcac13a6386e) Importer(-1,00000000000000000000000000000000) [PhysX] Initialized MultithreadedTaskDispatcher with 12 workers.
 -> (artifact id: '18709428919c650585d8d545c81c48fa') in 0.001866 seconds
Start importing Packages/com.unity.test-framework/UnityEditor.TestRunner/TestRun/Tasks/Events/RegisterCallbackDelegatorEventsTask.cs using Guid(311d065aced2092409deadf0c0934f61) Importer(-1,00000000000000000000000000000000) [PhysX] Initialized MultithreadedTaskDispatcher with 12 workers.
 -> (artifact id: '72b42b4e9fee259ea114d29e2bf7896a') in 0.001710 seconds
Start importing Packages/com.unity.test-framework/UnityEditor.TestRunner/CommandLineTest/TestState.cs using Guid(317f06562c344e22991ba4117cf7b71c) Importer(-1,00000000000000000000000000000000) [PhysX] Initialized MultithreadedTaskDispatcher with 12 workers.
 -> (artifact id: 'bf671cdf758e29910b62d15c6da9de49') in 0.001634 seconds
Start importing Packages/com.unity.test-framework/UnityEditor.TestRunner/UnityTestProtocol/UtpMessageBuilder.cs using Guid(319fe8cda376431bb7987d94f916819b) Importer(-1,00000000000000000000000000000000) [PhysX] Initialized MultithreadedTaskDispatcher with 12 workers.
 -> (artifact id: 'a42f4f6a9c9f5277809d1af2a11ba87b') in 0.002714 seconds
Start importing Packages/com.unity.test-framework/UnityEngine.TestRunner/TestRunner/RemoteHelpers/PlayerConnectionMessageIds.cs using Guid(41d60936b62cc6d4ca7fe628b22b0e40) Importer(-1,00000000000000000000000000000000) [PhysX] Initialized MultithreadedTaskDispatcher with 12 workers.
 -> (artifact id: 'a9c778ac82526e71d62a4f958e4af814') in 0.001942 seconds
Start importing Packages/com.unity.test-framework/UnityEditor.TestRunner/TestRun/RequiredTestRunDataMissingException.cs using Guid(416b65350c010294db54ceca7fd02072) Importer(-1,00000000000000000000000000000000) [PhysX] Initialized MultithreadedTaskDispatcher with 12 workers.
 -> (artifact id: '665d8797604b2751d03a0f6e802a2d86') in 0.001629 seconds
Start importing Packages/com.unity.ugui/Tests/Runtime/InputField/GenericInputFieldTests.cs using Guid(513613320b52fdb40a26dd5b73d89afe) Importer(-1,00000000000000000000000000000000) [PhysX] Initialized MultithreadedTaskDispatcher with 12 workers.
 -> (artifact id: '86dde1ae015b97ff18fa06f8486d0e12') in 0.001506 seconds
Start importing Packages/com.unity.ugui/Runtime/UI/Core/IMaskable.cs using Guid(61a20120cddc53849bbc10fc805ffe3e) Importer(-1,00000000000000000000000000000000) [PhysX] Initialized MultithreadedTaskDispatcher with 12 workers.
 -> (artifact id: '51395d84bb0c7391c1768e828cb7c189') in 0.002059 seconds
Start importing Packages/com.unity.ugui/Runtime/UI/Core/Navigation.cs using Guid(61d491d99e9292c4a81d7d01a74781ea) Importer(-1,00000000000000000000000000000000) [PhysX] Initialized MultithreadedTaskDispatcher with 12 workers.
 -> (artifact id: '259ffa36c03d7f326d3a73532cb5d07b') in 0.001706 seconds
Start importing Packages/com.unity.test-framework/UnityEditor.TestRunner/TestRun/TestJobDataHolder.cs using Guid(612b00d793cac3c49808ab3ee5428f16) Importer(-1,00000000000000000000000000000000) [PhysX] Initialized MultithreadedTaskDispatcher with 12 workers.
 -> (artifact id: 'a9b1486a40b3916f623ca5e151a5dac8') in 0.001582 seconds
Start importing Packages/com.unity.ugui/Runtime/UI/Core/VertexModifiers/BaseMeshEffect.cs using Guid(718966f960cb50643986195e5fe953ca) Importer(-1,00000000000000000000000000000000) [PhysX] Initialized MultithreadedTaskDispatcher with 12 workers.
 -> (artifact id: '0a75e1cb366bec591f0244caf3f193f3') in 0.001822 seconds
Start importing Packages/com.unity.test-framework/UnityEditor.TestRunner/TestRun/ITestJobRunner.cs using Guid(8173ba5b162e4e5882521d173c36acec) Importer(-1,00000000000000000000000000000000) [PhysX] Initialized MultithreadedTaskDispatcher with 12 workers.
 -> (artifact id: '3a99766ef94c33cca6f2203934b2a085') in 0.002330 seconds
Start importing Packages/com.unity.ugui/Tests/Editor/Text/FontCreatedByScript.cs using Guid(812aaaefaab404448a3e4db49dfa5206) Importer(-1,00000000000000000000000000000000) [PhysX] Initialized MultithreadedTaskDispatcher with 12 workers.
 -> (artifact id: 'cae26f14e0e327665e121521b6e03b5f') in 0.001854 seconds
Start importing Packages/com.unity.ugui/Tests/Runtime/Canvas/RectTransformValidAfterEnable.cs using Guid(811d999912a5f3f459a637aad029fbc8) Importer(-1,00000000000000000000000000000000) [PhysX] Initialized MultithreadedTaskDispatcher with 12 workers.
 -> (artifact id: '8658bb218c09515d51271bcfa4dd3f92') in 0.001616 seconds
Start importing Packages/com.unity.test-framework/UnityEngine.TestRunner/NUnitExtensions/Filters/AssemblyNameFilter.cs using Guid(91319408591cec1478efd3c62f9f418a) Importer(-1,00000000000000000000000000000000) [PhysX] Initialized MultithreadedTaskDispatcher with 12 workers.
 -> (artifact id: '7301059baaabe93b2ba3ee67ec99b6ae') in 0.001634 seconds
Start importing Packages/com.unity.ugui/Runtime/EventSystem/EventData/BaseEventData.cs using Guid(91f495459b6e34f419ac123740d798b1) Importer(-1,00000000000000000000000000000000) [PhysX] Initialized MultithreadedTaskDispatcher with 12 workers.
 -> (artifact id: '5c271083451d220b4a44da6e3c77dbbf') in 0.001635 seconds
Start importing Packages/com.unity.test-framework/UnityEditor.TestRunner/TestRun/Tasks/CleanupConstructDelegatorTask.cs using Guid(a155fee568ce42a4b561ee3a27d88532) Importer(-1,00000000000000000000000000000000) [PhysX] Initialized MultithreadedTaskDispatcher with 12 workers.
 -> (artifact id: '6a93266bf872cdbdb5c6b391f8eb0a5c') in 0.002062 seconds
Start importing Packages/com.unity.ugui/Tests/Runtime/Canvas/CanvasGroupInheritedAlpha.cs using Guid(a14a59f2a5c757e469c3e4e17b798c2e) Importer(-1,00000000000000000000000000000000) [PhysX] Initialized MultithreadedTaskDispatcher with 12 workers.
 -> (artifact id: 'daa81ddf3dedad871113d6d8043d09f7') in 0.001475 seconds
Start importing Packages/com.unity.ugui/Tests/Editor/Dropdown/DropdownOptionsListDrawer.cs using Guid(b180d0cec21671c45a32a9ce99bff2f5) Importer(-1,00000000000000000000000000000000) [PhysX] Initialized MultithreadedTaskDispatcher with 12 workers.
 -> (artifact id: '39b8af41e745f9a9afe39118ce9a50bc') in 0.001528 seconds
Start importing Packages/com.unity.ugui/Runtime/EventSystem/EventData/AxisEventData.cs using Guid(b180fd8310805e44dbbef545d0231418) Importer(-1,00000000000000000000000000000000) [PhysX] Initialized MultithreadedTaskDispatcher with 12 workers.
 -> (artifact id: '821dff6829d6eb8f66a7ad6ea6820370') in 0.002299 seconds
Start importing Packages/com.unity.test-framework/UnityEditor.TestRunner/TestRun/TaskList.cs using Guid(b1516a46a16d458e8debc6b459b107ea) Importer(-1,00000000000000000000000000000000) [PhysX] Initialized MultithreadedTaskDispatcher with 12 workers.
 -> (artifact id: '1002e0e47a8bc4931ac2aece575c3151') in 0.001813 seconds
Start importing Packages/com.unity.test-framework/UnityEngine.TestRunner/TestRunner/RemoteHelpers/RemoteTestData.cs using Guid(b135ec222fdcd11468014c90d11d6821) Importer(-1,00000000000000000000000000000000) [PhysX] Initialized MultithreadedTaskDispatcher with 12 workers.
 -> (artifact id: 'e308706b8d65466d67aace920ffc356d') in 0.001624 seconds
Start importing Packages/com.unity.test-framework/UnityEditor.TestRunner/TestRun/Tasks/PreparePlayModeRunTask.cs using Guid(b1694e597ba745169b292914291c136b) Importer(-1,00000000000000000000000000000000) [PhysX] Initialized MultithreadedTaskDispatcher with 12 workers.
 -> (artifact id: '259a872ab2404e81e0fe584d36680cc8') in 0.001726 seconds
Start importing Packages/com.unity.ugui/Editor/UI/MaskEditor.cs using Guid(b10cb8fee5b39014d8a417bf413f5e5c) Importer(-1,00000000000000000000000000000000) [PhysX] Initialized MultithreadedTaskDispatcher with 12 workers.
 -> (artifact id: 'f7a82fae79a07e61dd98064c2fb8f2b6') in 0.001782 seconds
Start importing Packages/com.unity.ugui/Editor/UI/PropertyDrawers/AnimationTriggersDrawer.cs using Guid(c18288a8d31fc9043a807ee8a9f1ae64) Importer(-1,00000000000000000000000000000000) [PhysX] Initialized MultithreadedTaskDispatcher with 12 workers.
 -> (artifact id: '38549e10c83f1e2a5fbe672b384154ea') in 0.001740 seconds
Start importing Packages/com.unity.test-framework/UnityEditor.TestRunner/TestLaunchers/PlayerLauncherTestRunSettings.cs using Guid(c1cba6f3ed484514097080a3bb835958) Importer(-1,00000000000000000000000000000000) [PhysX] Initialized MultithreadedTaskDispatcher with 12 workers.
 -> (artifact id: 'ec074139055ae7d08ac5c596244d71d1') in 0.001767 seconds
Start importing Packages/com.unity.test-framework/UnityEngine.TestRunner/TestRunner/ITestRunnerListener.cs using Guid(d1b534518943030499685344fd1d476d) Importer(-1,00000000000000000000000000000000) [PhysX] Initialized MultithreadedTaskDispatcher with 12 workers.
 -> (artifact id: '2cf345ec19a709f3e0ff6c6f64dd35e1') in 0.002493 seconds
Start importing Packages/com.unity.test-framework/UnityEngine.TestRunner/Utils/PrebuildSceneSetupAttribute.cs using Guid(d1b7ce919aa8864409412e809073cf96) Importer(-1,00000000000000000000000000000000) [PhysX] Initialized MultithreadedTaskDispatcher with 12 workers.
 -> (artifact id: '05ef0668375e9bd8ef435dda1388dd9f') in 0.001920 seconds
Start importing Packages/com.unity.ugui/Runtime/UI/Core/InputField.cs using Guid(d199490a83bb2b844b9695cbf13b01ef) Importer(-1,00000000000000000000000000000000) [PhysX] Initialized MultithreadedTaskDispatcher with 12 workers.
 -> (artifact id: '669f638b96cf1d917fd77831271cb0b7') in 0.001891 seconds
Start importing Packages/com.unity.ugui/Tests/Runtime/InputField/DesktopInputFieldTests.cs using Guid(e1b0ab339722791498cc804831a17ad3) Importer(-1,00000000000000000000000000000000) [PhysX] Initialized MultithreadedTaskDispatcher with 12 workers.
 -> (artifact id: '53084661343cf0df908bddfa70bfc8a1') in 0.001798 seconds
Start importing Packages/com.unity.ugui/Runtime/UI/Core/VertexModifiers/Outline.cs using Guid(e19747de3f5aca642ab2be37e372fb86) Importer(-1,00000000000000000000000000000000) [PhysX] Initialized MultithreadedTaskDispatcher with 12 workers.
 -> (artifact id: 'b2f069f1bbef96b994c7b8463295b4ba') in 0.001775 seconds
Start importing Packages/com.unity.test-framework/UnityEditor.TestRunner/GUI/TestListBuilder/TestTreeViewBuilder.cs using Guid(e17c88b021c2a4c409b3f15b0d80ac62) Importer(-1,00000000000000000000000000000000) [PhysX] Initialized MultithreadedTaskDispatcher with 12 workers.
 -> (artifact id: '40a9c65b2ca2c1f3f7a1f27f5242a39f') in 0.001711 seconds
Start importing Packages/com.unity.test-framework/UnityEngine.TestRunner/NUnitExtensions/Commands/RetryCommand.cs using Guid(f180b12c4cff494c91056caa03f9c109) Importer(-1,00000000000000000000000000000000) [PhysX] Initialized MultithreadedTaskDispatcher with 12 workers.
 -> (artifact id: 'e3187683fef4b1b544ab1716ffbfdb65') in 0.002024 seconds
Start importing Packages/com.unity.test-framework/UnityEditor.TestRunner/TestRunner/Utils/TestListCacheData.cs using Guid(f1b6399349763114d9361bc6dfcd025b) Importer(-1,00000000000000000000000000000000) [PhysX] Initialized MultithreadedTaskDispatcher with 12 workers.
 -> (artifact id: '5c62abf5abab39dc28ab705a5f3154e7') in 0.002669 seconds
Start importing Packages/com.unity.test-framework/UnityEditor.TestRunner/TestRunner/Utils/TestListProvider.cs using Guid(f15cbb987069826429540d0ea0937442) Importer(-1,00000000000000000000000000000000) [PhysX] Initialized MultithreadedTaskDispatcher with 12 workers.
 -> (artifact id: '5a18fafd93fd388babbdf1fc629dfce8') in 0.002486 seconds
Start importing Packages/com.unity.ugui/Runtime/UI/Core/VertexModifiers/PositionAsUV1.cs using Guid(020ee4c1798a3d243a4b8cbfee6cac2d) Importer(-1,00000000000000000000000000000000) [PhysX] Initialized MultithreadedTaskDispatcher with 12 workers.
 -> (artifact id: '84c5a4e137e2f405fe4be9dc88c10d03') in 0.001660 seconds
Start importing Packages/com.unity.test-framework/UnityEditor.TestRunner/UnityTestProtocol/Messages/EditorVersionMessage.cs using Guid(02ef7627f46742ae83071af8bf22f1af) Importer(-1,00000000000000000000000000000000) [PhysX] Initialized MultithreadedTaskDispatcher with 12 workers.
 -> (artifact id: '668c1b3b9349fd83f1d3af0dbbc32d9b') in 0.001786 seconds
Start importing Packages/com.unity.ugui/Editor/UI/InterceptedEventsPreview.cs using Guid(127023922adddf744b59fa7b0b0c3030) Importer(-1,00000000000000000000000000000000) [PhysX] Initialized MultithreadedTaskDispatcher with 12 workers.
 -> (artifact id: '850bc654e05cef1221e208b2087cecaf') in 0.001589 seconds
Start importing Packages/com.unity.test-framework/UnityEditor.TestRunner/NUnitExtension/TestRunnerStateSerializer.cs using Guid(124533853216377448d786fd7c725701) Importer(-1,00000000000000000000000000000000) [PhysX] Initialized MultithreadedTaskDispatcher with 12 workers.
 -> (artifact id: '51d120e8d2f1c8e0b8fe69b64ad20b83') in 0.001638 seconds
Start importing Packages/com.unity.test-framework/UnityEngine.TestRunner/Utils/AssemblyProvider/IAssemblyLoadProxy.cs using Guid(12dfd4bdbb5c8e6419432fbc54ef25d9) Importer(-1,00000000000000000000000000000000) [PhysX] Initialized MultithreadedTaskDispatcher with 12 workers.
 -> (artifact id: 'a03ebc5f01ce0dbc69c49a3a5f565cb6') in 0.002055 seconds
Start importing Packages/com.unity.test-framework/UnityEditor.TestRunner/GUI/TestAssets/ICustomScriptAssembly.cs using Guid(32829ea9e75c475295f73ff867e2f9d0) Importer(-1,00000000000000000000000000000000) [PhysX] Initialized MultithreadedTaskDispatcher with 12 workers.
 -> (artifact id: '8fe23f8130f471ad4e80a5fdde6806be') in 0.002564 seconds
Start importing Assets/_Game/Scripts/Economy/ResourceType.cs using Guid(32341f7bd49add8418e4f9fec32cf051) Importer(-1,00000000000000000000000000000000) [PhysX] Initialized MultithreadedTaskDispatcher with 12 workers.
 -> (artifact id: '9f7506a1d308eead465a1466b0964fa4') in 0.001614 seconds
Start importing Packages/com.unity.ugui/Tests/Runtime/ScrollBar/ScrollBarClamp.cs using Guid(32a4a0ea998dd6149937d2774781c436) Importer(-1,00000000000000000000000000000000) [PhysX] Initialized MultithreadedTaskDispatcher with 12 workers.
 -> (artifact id: '227537ab191b9b3d3347db3c5a27c9db') in 0.001607 seconds
Start importing Packages/com.unity.ugui/Runtime/UI/Core/Layout/ContentSizeFitter.cs using Guid(3245ec927659c4140ac4f8d17403cc18) Importer(-1,00000000000000000000000000000000) [PhysX] Initialized MultithreadedTaskDispatcher with 12 workers.
 -> (artifact id: '4e9b1079e17761e95d6f62e14221dbc2') in 0.001926 seconds
Start importing Packages/com.unity.test-framework/UnityEditor.TestRunner/CommandLineTest/IExecuter.cs using Guid(3297738ef11b478a8b7ee802953ae768) Importer(-1,00000000000000000000000000000000) [PhysX] Initialized MultithreadedTaskDispatcher with 12 workers.
 -> (artifact id: '32ec9be59b7c736f05adb8b198c039db') in 0.001746 seconds
Start importing Packages/com.unity.test-framework/UnityEngine.TestRunner/Utils/Vector4EqualityComparer.cs using Guid(32da81683c22faf458026716a2b821aa) Importer(-1,00000000000000000000000000000000) [PhysX] Initialized MultithreadedTaskDispatcher with 12 workers.
 -> (artifact id: 'b9abfc84c38d1d967359b903ea2fd04c') in 0.001831 seconds
Start importing Packages/com.unity.test-framework/UnityEditor.TestRunner/UnityTestProtocol/Messages/Message.cs using Guid(321dc2c0720f8dd4f9396ecdc12b8746) Importer(-1,00000000000000000000000000000000) [PhysX] Initialized MultithreadedTaskDispatcher with 12 workers.
 -> (artifact id: '9c891e108cb07aedbedb5fee8eb26b01') in 0.001914 seconds
Start importing Packages/com.unity.test-framework/UnityEditor.TestRunner/Api/ITestTreeRebuildCallbacks.cs using Guid(4230e406313f1db43a4b548e7a3ad2e2) Importer(-1,00000000000000000000000000000000) [PhysX] Initialized MultithreadedTaskDispatcher with 12 workers.
 -> (artifact id: '540c88b70d391155fa855511edb923ab') in 0.001517 seconds
Start importing Packages/com.unity.ugui/Runtime/EventSystem/Raycasters/BaseRaycaster.cs using Guid(426106349a0ff964fa4e7178c1d3a4f5) Importer(-1,00000000000000000000000000000000) [PhysX] Initialized MultithreadedTaskDispatcher with 12 workers.
 -> (artifact id: 'a840db47fa802d325710520d85eea699') in 0.002028 seconds
Start importing Packages/com.unity.test-framework/UnityEditor.TestRunner/UnityTestProtocol/Messages/TestFinishedMessage.cs using Guid(423fe2ef878fa1140a7e1f7f9e365815) Importer(-1,00000000000000000000000000000000) [PhysX] Initialized MultithreadedTaskDispatcher with 12 workers.
 -> (artifact id: '7913117392105d4ec3ec5993140abf1f') in 0.001653 seconds
Start importing Packages/com.unity.test-framework/UnityEditor.TestRunner/GUI/TestListTreeView/TestListTreeViewGUI.cs using Guid(52c907c81459f324497af504b84fd557) Importer(-1,00000000000000000000000000000000) [PhysX] Initialized MultithreadedTaskDispatcher with 12 workers.
 -> (artifact id: '388aeed1ca69dd8e4bddc40407b32139') in 0.001535 seconds
Start importing Packages/com.unity.test-framework/UnityEngine.TestRunner/NUnitExtensions/Attributes/PreservedValuesAttribute.cs using Guid(528c8790cf844716aead80624be893aa) Importer(-1,00000000000000000000000000000000) [PhysX] Initialized MultithreadedTaskDispatcher with 12 workers.
 -> (artifact id: 'a3203b906d30953d7a639b1a41e3b73a') in 0.001840 seconds
Start importing Packages/com.unity.ugui/Tests/Runtime/MaskClipping/RectMask2DClipping.cs using Guid(529fde071171dfd4e99d45ca81a3ac7b) Importer(-1,00000000000000000000000000000000) [PhysX] Initialized MultithreadedTaskDispatcher with 12 workers.
 -> (artifact id: '076b60f5b49e5aeac9c2436a17b249ae') in 0.001552 seconds
Start importing Packages/com.unity.ugui/Tests/Runtime/Util/GraphicTestHelper.cs using Guid(621a76c0c3927aa45aba7d2ad0c8e1c8) Importer(-1,00000000000000000000000000000000) [PhysX] Initialized MultithreadedTaskDispatcher with 12 workers.
 -> (artifact id: 'f4f8a4cf015d2ff8e23d088b86abd77b') in 0.002169 seconds
Start importing Packages/com.unity.ugui/Runtime/EventSystem/ExecuteEvents.cs using Guid(623c79a1e113b4941afdbfc88d19e8fd) Importer(-1,00000000000000000000000000000000) [PhysX] Initialized MultithreadedTaskDispatcher with 12 workers.
 -> (artifact id: '8c3c296f2c5d45dc3fb187658744ffd4') in 0.001496 seconds
Start importing Packages/com.unity.test-framework/UnityEngine.TestRunner/Utils/PostBuildCleanupAttribute.cs using Guid(621fd19bcb071b64aa1d68f0271aa780) Importer(-1,00000000000000000000000000000000) [PhysX] Initialized MultithreadedTaskDispatcher with 12 workers.
 -> (artifact id: 'e1160539214ce9bb57596a2189b5e190') in 0.001692 seconds
Start importing Packages/com.unity.ugui/Editor/UI/PropertyDrawers/SpriteStateDrawer.cs using Guid(728d2c19676ea3743aaa087aa28c4a16) Importer(-1,00000000000000000000000000000000) [PhysX] Initialized MultithreadedTaskDispatcher with 12 workers.
 -> (artifact id: '284fc137a389ff9fef1e72caa05aff01') in 0.002430 seconds
Start importing Packages/com.unity.ugui/Runtime/UI/Core/Misc.cs using Guid(828075bc53f2de84982a943870529b7b) Importer(-1,00000000000000000000000000000000) [PhysX] Initialized MultithreadedTaskDispatcher with 12 workers.
 -> (artifact id: 'ecbc683df8cee1146fcdcab280d76851') in 0.001994 seconds
Start importing Packages/com.unity.test-framework/UnityEditor.TestRunner/TestRunner/Callbacks/WindowResultUpdaterDataHolder.cs using Guid(82075836be5e0c64bbe84e1f9436682e) Importer(-1,00000000000000000000000000000000) [PhysX] Initialized MultithreadedTaskDispatcher with 12 workers.
 -> (artifact id: '6adc001edc87e74cca14f46f2b5bd8a2') in 0.001629 seconds
Start importing Packages/com.unity.test-framework/UnityEngine.TestRunner/TestRunner/RemoteHelpers/RemoteTestResultDataFactory.cs using Guid(826b6becaef90fb458eedebe4c2f3664) Importer(-1,00000000000000000000000000000000) [PhysX] Initialized MultithreadedTaskDispatcher with 12 workers.
 -> (artifact id: 'cce4adb098c044c9d3b5128321254a94') in 0.001559 seconds
Start importing Packages/com.unity.test-framework/UnityEditor.TestRunner/TestRun/Tasks/CleanupTestControllerTask.cs using Guid(822fa0a65be2467b95721422157c93f0) Importer(-1,00000000000000000000000000000000) [PhysX] Initialized MultithreadedTaskDispatcher with 12 workers.
 -> (artifact id: '69718b00f3175fc0305f78562a026cb7') in 0.002004 seconds
Start importing Packages/com.unity.ugui/Runtime/UI/Core/Layout/LayoutUtility.cs using Guid(82bf3f737dec0be43a60891958a8da87) Importer(-1,00000000000000000000000000000000) [PhysX] Initialized MultithreadedTaskDispatcher with 12 workers.
 -> (artifact id: 'ce3be4f66f34b8a896708ce7c40b225c') in 0.001555 seconds
Start importing Packages/com.unity.test-framework/UnityEditor.TestRunner/TestRunner/Messages/RecompileScripts.cs using Guid(9202fbba95ea8294cb5e718f028f21b0) Importer(-1,00000000000000000000000000000000) [PhysX] Initialized MultithreadedTaskDispatcher with 12 workers.
 -> (artifact id: 'be1f7deed3f27fba426d3e4d6010823e') in 0.001588 seconds
Start importing Packages/com.unity.ugui/Runtime/UI/Core/IGraphicEnabledDisabled.cs using Guid(928dc55e2c8c3ee4dad33b6d561cb6ea) Importer(-1,00000000000000000000000000000000) [PhysX] Initialized MultithreadedTaskDispatcher with 12 workers.
 -> (artifact id: 'd5fb0b2743f10070dd90fd9f6dad8d1c') in 0.002451 seconds
Start importing Packages/com.unity.test-framework/UnityEditor.TestRunner/GUI/Controls/ISelectionDropDownContentProvider.cs using Guid(c2247a4dfeae4607949780b219a7d3c8) Importer(-1,00000000000000000000000000000000) [PhysX] Initialized MultithreadedTaskDispatcher with 12 workers.
 -> (artifact id: '4da9645c47d14f44970a20fec183bc93') in 0.001978 seconds
Start importing Packages/com.unity.test-framework/UnityEditor.TestRunner/TestRun/Tasks/BuildActionTaskBase.cs using Guid(c2441d353f9c42a44af6e224e4901b52) Importer(-1,00000000000000000000000000000000) [PhysX] Initialized MultithreadedTaskDispatcher with 12 workers.
 -> (artifact id: '1b13299f2e633ca9c7eff1e4ffbef58e') in 0.001623 seconds
Start importing Assets/_Game/Scripts/Economy/RaidOutcome.cs using Guid(c257bc7f08009294fbe0b473b9d3a6d0) Importer(-1,00000000000000000000000000000000) [PhysX] Initialized MultithreadedTaskDispatcher with 12 workers.
 -> (artifact id: '769ce995ca25bafb39a5f485ba1dda4a') in 0.001720 seconds
Start importing Packages/com.unity.test-framework/UnityEditor.TestRunner/TestRun/Tasks/Scene/ISceneWrapper.cs using Guid(c24a1e88fc49dce47930834ff9997443) Importer(-1,00000000000000000000000000000000) [PhysX] Initialized MultithreadedTaskDispatcher with 12 workers.
 -> (artifact id: '0e9318938a019ef1054c6c3948b95f7b') in 0.001801 seconds
Start importing Packages/com.unity.test-framework/UnityEditor.TestRunner/RequirePlatformSupportAttribute.cs using Guid(d2146428d3f1ad54eb7326c9a44b3284) Importer(-1,00000000000000000000000000000000) [PhysX] Initialized MultithreadedTaskDispatcher with 12 workers.
 -> (artifact id: '477c5a7ffc509ace6d5479a5d1a25645') in 0.001888 seconds
Start importing Packages/com.unity.test-framework/UnityEditor.TestRunner/TestSettings/ITestSettingsDeserializer.cs using Guid(d208a1684f8aa6a40ad91d6aa9600c14) Importer(-1,00000000000000000000000000000000) [PhysX] Initialized MultithreadedTaskDispatcher with 12 workers.
 -> (artifact id: '54d7b764b2e758999308c1782074cd49') in 0.001619 seconds
Start importing Packages/com.unity.test-framework/UnityEngine.TestRunner/NUnitExtensions/Commands/UnityTestMethodCommand.cs using Guid(d2ca9278c9dd49df877d622d0f657ecf) Importer(-1,00000000000000000000000000000000) [PhysX] Initialized MultithreadedTaskDispatcher with 12 workers.
 -> (artifact id: '6e7925d67cb47b66b804e53e440deca4') in 0.001662 seconds
Start importing Packages/com.unity.test-framework/UnityEngine.TestRunner/NUnitExtensions/Commands/EnumerableRepeatedTestCommand.cs using Guid(e273462feb9a65948826739f683cc9a9) Importer(-1,00000000000000000000000000000000) [PhysX] Initialized MultithreadedTaskDispatcher with 12 workers.
 -> (artifact id: 'b79b2375d0c33ef5ee21ed1663a61a63') in 0.002357 seconds
Start importing Packages/com.unity.test-framework/UnityEditor.TestRunner/TestRun/Tasks/Events/CreateEventsTask.cs using Guid(f2675f346a0926b4aa7928805fd8bc9c) Importer(-1,00000000000000000000000000000000) [PhysX] Initialized MultithreadedTaskDispatcher with 12 workers.
 -> (artifact id: '2555136cd2d2c7c71ada5afb85ca2a5d') in 0.002712 seconds
Start importing Assets/_Game/Scripts/Buildings/Building.cs using Guid(f23aea034533590459e73fd1d1a75bdb) Importer(-1,00000000000000000000000000000000) [PhysX] Initialized MultithreadedTaskDispatcher with 12 workers.
 -> (artifact id: '6de3101636b0ab3e4f34b479b77f25a4') in 0.001920 seconds
Start importing Packages/com.unity.test-framework/UnityEngine.TestRunner/TestRunner/RemoteHelpers/RemoteTestResultData.cs using Guid(03e4d63665d06f04c8a6cf68133c1592) Importer(-1,00000000000000000000000000000000) [PhysX] Initialized MultithreadedTaskDispatcher with 12 workers.
 -> (artifact id: '931534c2c582660d2de4436409d5b90f') in 0.001746 seconds
Start importing Assets/_Game/Scripts/UI/ResultUI.cs using Guid(03d7dc40cbd018c42904c936fdce3776) Importer(-1,00000000000000000000000000000000) [PhysX] Initialized MultithreadedTaskDispatcher with 12 workers.
 -> (artifact id: '285e4caa6e60dde25b4ebdfbc6991487') in 0.001665 seconds
Start importing Packages/com.unity.test-framework/UnityEditor.TestRunner/TestRunner/Utils/EditorLoadedTestAssemblyProvider.cs using Guid(033c884ba52437d49bc55935939ef1c6) Importer(-1,00000000000000000000000000000000) [PhysX] Initialized MultithreadedTaskDispatcher with 12 workers.
 -> (artifact id: '3a7e34b852f31299c57c38062bd7d655') in 0.001842 seconds
Start importing Packages/com.unity.ugui/Tests/Runtime/Canvas/CanvasScalerWithChildTextObjectDoesNotCrash.cs using Guid(13d161b14bb3ab74e8a9634e26fb7a5e) Importer(-1,00000000000000000000000000000000) [PhysX] Initialized MultithreadedTaskDispatcher with 12 workers.
 -> (artifact id: '48113129df1d1b3d19781a5ee98aab40') in 0.001556 seconds
Start importing Packages/com.unity.ugui/Runtime/UI/Core/RawImage.cs using Guid(1344c3c82d62a2a41a3576d8abb8e3ea) Importer(-1,00000000000000000000000000000000) [PhysX] Initialized MultithreadedTaskDispatcher with 12 workers.
 -> (artifact id: '810723779170fbfe683f8cbd9b029a75') in 0.002849 seconds
Start importing Packages/com.unity.ugui/Editor/UI/PropertyDrawers/DropdownOptionListDrawer.cs using Guid(1385bc74f3945c943be16ecbb1381063) Importer(-1,00000000000000000000000000000000) [PhysX] Initialized MultithreadedTaskDispatcher with 12 workers.
 -> (artifact id: '3245adbe44cc696697ad3d3e31c3f32d') in 0.001808 seconds
Start importing Packages/com.unity.ugui/Editor/UI/TextEditor.cs using Guid(1336690ece4db2740b4ba38873e00dfb) Importer(-1,00000000000000000000000000000000) [PhysX] Initialized MultithreadedTaskDispatcher with 12 workers.
 -> (artifact id: 'cb2a6cd0c7b897ba849397d87244f27b') in 0.002609 seconds
Start importing Packages/com.unity.test-framework/UnityEditor.TestRunner/CommandLineParser/CommandLineOptionSet.cs using Guid(139c5eac101a4dc4fb3098e30c29f15e) Importer(-1,00000000000000000000000000000000) [PhysX] Initialized MultithreadedTaskDispatcher with 12 workers.
 -> (artifact id: 'a1bfcb828c35ef0014dfb097757f8689') in 0.001926 seconds
Start importing Packages/com.unity.ugui/Tests/Runtime/EventSystem/InputModuleTests/FakeBaseInput.cs using Guid(138dbec4f8742654fbceb0a19d68b9c5) Importer(-1,00000000000000000000000000000000) [PhysX] Initialized MultithreadedTaskDispatcher with 12 workers.
 -> (artifact id: '88007b14ab7c69564b1f81060011d9b6') in 0.001566 seconds
Start importing Packages/com.unity.ugui/Runtime/UI/Core/FontData.cs using Guid(13cd966480ec3354bb318ee1aeccff6f) Importer(-1,00000000000000000000000000000000) [PhysX] Initialized MultithreadedTaskDispatcher with 12 workers.
 -> (artifact id: '8abd228a4b22fbfaf85e094dbc4ea3f4') in 0.001571 seconds
Start importing Packages/com.unity.test-framework/UnityEditor.TestRunner/TestRun/Tasks/MarkRunAsPlayModeTask.cs using Guid(23383565f01f46dfa583710e5108e443) Importer(-1,00000000000000000000000000000000) [PhysX] Initialized MultithreadedTaskDispatcher with 12 workers.
 -> (artifact id: '660f622775ce3855924d8fd01f5afa44') in 0.002045 seconds
Start importing Packages/com.unity.ugui/Runtime/EventSystem/EventInterfaces.cs using Guid(2359c66dee10c454c97f6aea84e3fe22) Importer(-1,00000000000000000000000000000000) [PhysX] Initialized MultithreadedTaskDispatcher with 12 workers.
 -> (artifact id: '5057c9920e0e4be2b66f0527d119eae8') in 0.001912 seconds
Start importing Packages/com.unity.ugui/Tests/Runtime/InputField/InputFieldTests.cs using Guid(3371106faf8d06f47a73979a3c8d82a1) Importer(-1,00000000000000000000000000000000) [PhysX] Initialized MultithreadedTaskDispatcher with 12 workers.
 -> (artifact id: '7a7e12ebef6648126fa1ff01a5299921') in 0.001764 seconds
Start importing Packages/com.unity.ugui/Runtime/UI/Core/RectMask2D.cs using Guid(3312d7739989d2b4e91e6319e9a96d76) Importer(-1,00000000000000000000000000000000) [PhysX] Initialized MultithreadedTaskDispatcher with 12 workers.
 -> (artifact id: '497e9b61d943029bfd8c54ad482e20fe') in 0.001905 seconds
Start importing Packages/com.unity.test-framework/UnityEngine.TestRunner/NUnitExtensions/Commands/TestCommandPcHelper.cs using Guid(33e6b78c96bb0694e96383e3c56b7b54) Importer(-1,00000000000000000000000000000000) [PhysX] Initialized MultithreadedTaskDispatcher with 12 workers.
 -> (artifact id: '5328663d311c17ffc3e57320baad4a7b') in 0.001622 seconds
Start importing Assets/_Game/Scripts/Buildings/BuildingEffectSystem.cs using Guid(333931f6ae2fba449a6419f9f38dd1a7) Importer(-1,00000000000000000000000000000000) [PhysX] Initialized MultithreadedTaskDispatcher with 12 workers.
 -> (artifact id: '19abf48c3d1d0c054fcb5bf70a2d2645') in 0.001642 seconds
Start importing Packages/com.unity.test-framework/UnityEditor.TestRunner/TestRun/Tasks/Scene/RestoreSceneSetupTask.cs using Guid(337f28535644395459f6de8c60d9db37) Importer(-1,00000000000000000000000000000000) [PhysX] Initialized MultithreadedTaskDispatcher with 12 workers.
 -> (artifact id: '561c8122fe235c65be54c959be90007a') in 0.001541 seconds
Start importing Packages/com.unity.test-framework/UnityEditor.TestRunner/TestRun/Tasks/Scene/SceneWrapper.cs using Guid(43c24fd91e60170469bfb8d79c565ad3) Importer(-1,00000000000000000000000000000000) [PhysX] Initialized MultithreadedTaskDispatcher with 12 workers.
 -> (artifact id: '7d083ee1e32024d3e1cff85190c129ce') in 0.001582 seconds
Start importing Packages/com.unity.test-framework/UnityEngine.TestRunner/Utils/AssemblyProvider/PlayerTestAssemblyProvider.cs using Guid(43a3aec217baa9644a7cf34b5f93fed9) Importer(-1,00000000000000000000000000000000) [PhysX] Initialized MultithreadedTaskDispatcher with 12 workers.
 -> (artifact id: '13bfa8338d1d698a326ad6489750b5fe') in 0.002539 seconds
Start importing Packages/com.unity.test-framework/UnityEditor.TestRunner/CommandLineTest/RunStateCallbacks.cs using Guid(43db38ca7188900429bf8be95ebbe197) Importer(-1,00000000000000000000000000000000) [PhysX] Initialized MultithreadedTaskDispatcher with 12 workers.
 -> (artifact id: 'a6a95e59d1c7835476ed153c3777e7de') in 0.002019 seconds
Start importing Packages/com.unity.ugui/Tests/Editor/UI/PropertyDrawers/PropertyDrawerTests.cs using Guid(433d3b96b2a40a5479d3d7d8495882ed) Importer(-1,00000000000000000000000000000000) [PhysX] Initialized MultithreadedTaskDispatcher with 12 workers.
 -> (artifact id: '3d2a8cdceb695f24f3e58e98e12e9563') in 0.001538 seconds
Start importing Assets/_Game/Tests/EditMode/RaidLossCalculatorTests.cs using Guid(539fddfdc59620745b2ff0da46dc7d94) Importer(-1,00000000000000000000000000000000) [PhysX] Initialized MultithreadedTaskDispatcher with 12 workers.
 -> (artifact id: '6cd85c753aac455d2f8d513c2ab34d20') in 0.001552 seconds
Start importing Packages/com.unity.test-framework/UnityEditor.TestRunner/CommandLineTest/SetupException.cs using Guid(63572993f2104574099a48392460b211) Importer(-1,00000000000000000000000000000000) [PhysX] Initialized MultithreadedTaskDispatcher with 12 workers.
 -> (artifact id: '47b91d296ec1f61999b374ab46d4869a') in 0.001818 seconds
Start importing Packages/com.unity.test-framework/UnityEditor.TestRunner/GUI/Controls/GenericItemContentProvider.cs using Guid(7348ecf02a70497d9a09bd05ad2038ac) Importer(-1,00000000000000000000000000000000) [PhysX] Initialized MultithreadedTaskDispatcher with 12 workers.
 -> (artifact id: 'd9f082beb1b71b071bfb29d6b23fad37') in 0.001710 seconds
Start importing Packages/com.unity.ugui/Tests/Runtime/Canvas/RectMask2DWithNestedCanvasCullsUsingCorrectCanvasRect.cs using Guid(735d54f21944f834f931716514c87a84) Importer(-1,00000000000000000000000000000000) [PhysX] Initialized MultithreadedTaskDispatcher with 12 workers.
 -> (artifact id: '63d9ffcc7c9bc92bde97373d5b1f82c2') in 0.001535 seconds
Start importing Packages/com.unity.test-framework/UnityEngine.TestRunner/TestRunner/TestListenerWrapper.cs using Guid(73deb9b8722aa284eab27c4dc90956c6) Importer(-1,00000000000000000000000000000000) [PhysX] Initialized MultithreadedTaskDispatcher with 12 workers.
 -> (artifact id: 'b73ee36b10b204076aaa7bb475e33438') in 0.001666 seconds
Start importing Packages/com.unity.ugui/Tests/Runtime/EventSystem/PhysicsRaycasterTests.cs using Guid(833143c443f979e44ae0b8ed899e3b59) Importer(-1,00000000000000000000000000000000) [PhysX] Initialized MultithreadedTaskDispatcher with 12 workers.
 -> (artifact id: '5f99ef0941a957fd82da6bdb805b6ba3') in 0.002276 seconds
Start importing Packages/com.unity.test-framework/UnityEditor.TestRunner/TestRun/Tasks/InitializeTestProgressTask.cs using Guid(83d2df796f82ab847a190a706f00d6eb) Importer(-1,00000000000000000000000000000000) [PhysX] Initialized MultithreadedTaskDispatcher with 12 workers.
 -> (artifact id: 'cc26d0655c3c131b21cd7be9b0694dca') in 0.001926 seconds
Start importing Packages/com.unity.ugui/Runtime/UI/Core/ColorBlock.cs using Guid(83088ba2132cbc940b7ca0c679a02b0d) Importer(-1,00000000000000000000000000000000) [PhysX] Initialized MultithreadedTaskDispatcher with 12 workers.
 -> (artifact id: 'd6d9c5ce3e3dcfff30535989824cf676') in 0.001907 seconds
Start importing Packages/com.unity.test-framework/UnityEngine.TestRunner/NUnitExtensions/Commands/ImmediateEnumerableCommand.cs using Guid(8349e42a2b30c7a4abd8678c203428ba) Importer(-1,00000000000000000000000000000000) [PhysX] Initialized MultithreadedTaskDispatcher with 12 workers.
 -> (artifact id: 'f4d0b15de836f5c8885a019fc3a2f889') in 0.001705 seconds
Start importing Packages/com.unity.test-framework/UnityEditor.TestRunner/TestSettings/ITestSettings.cs using Guid(83eda34b7da01e04aa894f268158b0c0) Importer(-1,00000000000000000000000000000000) [PhysX] Initialized MultithreadedTaskDispatcher with 12 workers.
 -> (artifact id: 'fd84f740b7745be763130a865cefbfb7') in 0.001694 seconds
Start importing Packages/com.unity.ugui/Tests/Runtime/Canvas/CheckMeshColorsAndColors32Match.cs using Guid(9390296e78291b543b2f4a9761ef8139) Importer(-1,00000000000000000000000000000000) [PhysX] Initialized MultithreadedTaskDispatcher with 12 workers.
 -> (artifact id: 'db4ea7c3f8a232e09ebc2cb3e1df2dd0') in 0.001806 seconds
Start importing Packages/com.unity.test-framework/UnityEditor.TestRunner/TestRunner/Utils/IEditorLoadedTestAssemblyProvider.cs using Guid(936b6288befc460409cfdff3ac92fc95) Importer(-1,00000000000000000000000000000000) [PhysX] Initialized MultithreadedTaskDispatcher with 12 workers.
 -> (artifact id: '6780fabd6f49f5f044c33d463d62de43') in 0.001865 seconds
Start importing Packages/com.unity.test-framework/UnityEditor.TestRunner/TestRun/Tasks/CleanupVerificationTask.cs using Guid(93eb6389f4fb6924987867ce0bc339ee) Importer(-1,00000000000000000000000000000000) [PhysX] Initialized MultithreadedTaskDispatcher with 12 workers.
 -> (artifact id: 'cb83965cc27dff23aad151eb8d7a92cc') in 0.001568 seconds
Start importing Packages/com.unity.test-framework/UnityEditor.TestRunner/Api/ICallbacks.cs using Guid(93eea84e53d0226479c9a584f19427b5) Importer(-1,00000000000000000000000000000000) [PhysX] Initialized MultithreadedTaskDispatcher with 12 workers.
 -> (artifact id: '6c9910e5637fca37978834d4130f10f8') in 0.002708 seconds
Start importing Packages/com.unity.test-framework/UnityEditor.TestRunner/CommandLineParser/CommandLineOption.cs using Guid(a3529368f4cd0424a89aa51080a16b06) Importer(-1,00000000000000000000000000000000) [PhysX] Initialized MultithreadedTaskDispatcher with 12 workers.
 -> (artifact id: 'f952ed1f89a78cf31cdbe870072a14e3') in 0.001664 seconds
Start importing Assets/_Game/Tests/EditMode/ResourceStorageSystemTests.cs using Guid(a3661188ce774154d8f7c550c9193599) Importer(-1,00000000000000000000000000000000) [PhysX] Initialized MultithreadedTaskDispatcher with 12 workers.
 -> (artifact id: 'c709239e6c7624c2861a973a7835205e') in 0.001669 seconds
Start importing Packages/com.unity.test-framework/UnityEditor.TestRunner/TestRun/Tasks/RegisterFilesForCleanupVerificationTask.cs using Guid(a398fde47a0349a40a9bdf8988c392c9) Importer(-1,00000000000000000000000000000000) [PhysX] Initialized MultithreadedTaskDispatcher with 12 workers.
 -> (artifact id: '16ff713cd95a9163ff2686f2a5e08830') in 0.001612 seconds
Start importing Packages/com.unity.test-framework/UnityEditor.TestRunner/CommandLineTest/ExecutionSettings.cs using Guid(c3a75354f6ceac94ca15ca9d96593290) Importer(-1,00000000000000000000000000000000) [PhysX] Initialized MultithreadedTaskDispatcher with 12 workers.
 -> (artifact id: '6dfc4b4fc4d3ece8ab49be9f10e42744') in 0.001707 seconds
Start importing Packages/com.unity.test-framework/UnityEngine.TestRunner/UnityTestProtocol/TestState.cs using Guid(c3a9378562b345c4ac08e605d35c0d93) Importer(-1,00000000000000000000000000000000) [PhysX] Initialized MultithreadedTaskDispatcher with 12 workers.
 -> (artifact id: '9b88c1f78dca9a453bc8341c4f6e7181') in 0.001183 seconds
Start importing Packages/com.unity.test-framework/UnityEditor.TestRunner/TestLaunchers/PlatformSetup/LuminPlatformSetup.cs using Guid(c38ae0585d6a55042a2d678330689685) Importer(-1,00000000000000000000000000000000) [PhysX] Initialized MultithreadedTaskDispatcher with 12 workers.
 -> (artifact id: '6f2667c6219fcb190191b987c6b7f641') in 0.001604 seconds
Start importing Packages/com.unity.test-framework/UnityEngine.TestRunner/NUnitExtensions/IAsyncTestAssemblyBuilder.cs using Guid(c3aa5c3d59b94854e843f10b75b3ad63) Importer(-1,00000000000000000000000000000000) [PhysX] Initialized MultithreadedTaskDispatcher with 12 workers.
 -> (artifact id: '926a50f46ccde59e63c5a9f10c62c03e') in 0.001528 seconds
Start importing Packages/com.unity.ugui/Tests/Runtime/Canvas/SiblingOrderChangesLayout.cs using Guid(c32df609537c54c46adf92992a673693) Importer(-1,00000000000000000000000000000000) [PhysX] Initialized MultithreadedTaskDispatcher with 12 workers.
 -> (artifact id: '52dd0c5f0a05523fa70d2b66f0d59005') in 0.002313 seconds
Start importing Packages/com.unity.test-framework/UnityEditor.TestRunner/TestLaunchers/PlaymodeLauncher.cs using Guid(d3217d58bbd1d2b4aaee933e2e8b9195) Importer(-1,00000000000000000000000000000000) [PhysX] Initialized MultithreadedTaskDispatcher with 12 workers.
 -> (artifact id: 'cc378ddf9bb702ecde8b55d9e500b144') in 0.002136 seconds
Start importing Packages/com.unity.test-framework/UnityEditor.TestRunner/GUI/Controls/FlagEnumContentProvider.cs using Guid(d31403ec6b334194bdeb4c5ebad64097) Importer(-1,00000000000000000000000000000000) [PhysX] Initialized MultithreadedTaskDispatcher with 12 workers.
 -> (artifact id: 'e2e83ae5dbf31a72ecdc1b96ab78278d') in 0.001954 seconds
Start importing Packages/com.unity.ugui/Editor/UI/ToggleEditor.cs using Guid(d36a7c7a1ed377c4b8008e53032d7dcf) Importer(-1,00000000000000000000000000000000) [PhysX] Initialized MultithreadedTaskDispatcher with 12 workers.
 -> (artifact id: '879485f6a247b0fb872d9409d26b9d66') in 0.001784 seconds
Start importing Assets/_Game/Scripts/UI/MobileBattleHud.cs using Guid(d36b3065497e35e4aae2d7df62872a72) Importer(-1,00000000000000000000000000000000) [PhysX] Initialized MultithreadedTaskDispatcher with 12 workers.
 -> (artifact id: 'dfc221e87c9f7499c6aeb3f676d16a74') in 0.001745 seconds
Start importing Packages/com.unity.test-framework/UnityEngine.TestRunner/Utils/AssemblyProvider/ScriptingRuntimeProxy.cs using Guid(f3a361a6ad1aff14ba8f48976e94ad76) Importer(-1,00000000000000000000000000000000) [PhysX] Initialized MultithreadedTaskDispatcher with 12 workers.
 -> (artifact id: 'eda9d200225f976b4797ebc414806357') in 0.001633 seconds
Start importing Packages/com.unity.ugui/Tests/Runtime/Toggle/ToggleTests.cs using Guid(14427eecd0bccea468addc3492aaef57) Importer(-1,00000000000000000000000000000000) [PhysX] Initialized MultithreadedTaskDispatcher with 12 workers.
 -> (artifact id: '7a86dfe4b6386b56b950689fb3088bb9') in 0.001468 seconds
Start importing Packages/com.unity.test-framework/UnityEngine.TestRunner/Utils/CoroutineRunner.cs using Guid(24a158219395ebf44a60547b97784ddc) Importer(-1,00000000000000000000000000000000) [PhysX] Initialized MultithreadedTaskDispatcher with 12 workers.
 -> (artifact id: '66fb30f59eba17b24b3e75615dcf05a7') in 0.002246 seconds
Start importing Packages/com.unity.test-framework/UnityEditor.TestRunner/GUI/Controls/BitUtility.cs using Guid(24a5f331fec74c9aa9e1e5d74b5a9589) Importer(-1,00000000000000000000000000000000) [PhysX] Initialized MultithreadedTaskDispatcher with 12 workers.
 -> (artifact id: '83363c9a5b8ef706bc57f57f2a07dfa0') in 0.001722 seconds
Start importing Packages/com.unity.test-framework/UnityEditor.TestRunner/TestRun/WaitForPlayerRunTask.cs using Guid(241a47157da9420aaafa8cda2afd41a0) Importer(-1,00000000000000000000000000000000) [PhysX] Initialized MultithreadedTaskDispatcher with 12 workers.
 -> (artifact id: '5532546023a9c399d0a638d28223724b') in 0.001757 seconds
Start importing Packages/com.unity.test-framework/UnityEditor.TestRunner/TestBuildAssemblyFilter.cs using Guid(3411e19edd44cfd46b548b058c3bc36c) Importer(-1,00000000000000000000000000000000) [PhysX] Initialized MultithreadedTaskDispatcher with 12 workers.
 -> (artifact id: '963b7a5fee8afd7978652f9fdfcb2769') in 0.001586 seconds
Start importing Packages/com.unity.test-framework/UnityEditor.TestRunner/TestRun/Tasks/TestTaskBase.cs using Guid(342d9ef4da0a19b49877f576c2deec14) Importer(-1,00000000000000000000000000000000) [PhysX] Initialized MultithreadedTaskDispatcher with 12 workers.
 -> (artifact id: 'c7a76bf5cbeab1270354ee5b7303d900') in 0.001543 seconds
Start importing Packages/com.unity.test-framework/UnityEditor.TestRunner/TestRun/Tasks/CreateBootstrapSceneTask.cs using Guid(4400cdda235b4ea48b9078953ffc8e89) Importer(-1,00000000000000000000000000000000) [PhysX] Initialized MultithreadedTaskDispatcher with 12 workers.
 -> (artifact id: 'bcf890adbe3cd354231ec09d49d85c33') in 0.001478 seconds
Start importing Packages/com.unity.test-framework/UnityEngine.TestRunner/Utils/Vector4ComparerWithEqualsOperator.cs using Guid(44100f5f60f351348b9719b46d46cebe) Importer(-1,00000000000000000000000000000000) [PhysX] Initialized MultithreadedTaskDispatcher with 12 workers.
 -> (artifact id: 'fb0e7a23a3d5520685d6168b8ef0bb46') in 0.001540 seconds
Start importing Packages/com.unity.ugui/Tests/Editor/RectMask2D/RectMask2DCulling.cs using Guid(4402dcee6e9969549bf5b33f11533208) Importer(-1,00000000000000000000000000000000) [PhysX] Initialized MultithreadedTaskDispatcher with 12 workers.
 -> (artifact id: 'ca75c4323ab50961293dbfcb03f5dce2') in 0.001413 seconds
Start importing Assets/_Game/Scripts/Grid/GridSystem.cs using Guid(44167fe584c50e14190add830a444a55) Importer(-1,00000000000000000000000000000000) [PhysX] Initialized MultithreadedTaskDispatcher with 12 workers.
 -> (artifact id: '5b61a895e2de73df56e3e9ef0649308e') in 0.001439 seconds
Start importing Packages/com.unity.ugui/Runtime/UI/Core/GraphicRebuildTracker.cs using Guid(445cdcfc747eba94288b97f5869aa2fb) Importer(-1,00000000000000000000000000000000) [PhysX] Initialized MultithreadedTaskDispatcher with 12 workers.
 -> (artifact id: '03dd077ecc7fbd0ffd889f878b2633b1') in 0.002570 seconds
Start importing Packages/com.unity.test-framework/UnityEngine.TestRunner/NUnitExtensions/Attributes/UnityPlatformAttribute.cs using Guid(5440c1153b397e14c9c7b1d6eb83b9f9) Importer(-1,00000000000000000000000000000000) [PhysX] Initialized MultithreadedTaskDispatcher with 12 workers.
 -> (artifact id: '1ef7c04af0bab4a8748378dc06c750d2') in 0.001838 seconds
Start importing Packages/com.unity.test-framework/UnityEditor.TestRunner/TestRun/Tasks/DeleteBootstrapSceneTask.cs using Guid(6465fa5b49fc4c739059189aca21f391) Importer(-1,00000000000000000000000000000000) [PhysX] Initialized MultithreadedTaskDispatcher with 12 workers.
 -> (artifact id: 'cfaf8b105d75bf5e8718ee767c84bb4f') in 0.001679 seconds
Start importing Packages/com.unity.test-framework/UnityEditor.TestRunner/TestRunner/Utils/ITestListProvider.cs using Guid(64689f8b25eadac4da519e96f514b653) Importer(-1,00000000000000000000000000000000) [PhysX] Initialized MultithreadedTaskDispatcher with 12 workers.
 -> (artifact id: 'edac67de18d5ad3a6fe9c76010624eeb') in 0.001522 seconds
Start importing Packages/com.unity.test-framework/UnityEditor.TestRunner/TestRun/Tasks/Platform/PlatformSpecificPostBuildTask.cs using Guid(646cce3bdb8d461d980d11d729ab3312) Importer(-1,00000000000000000000000000000000) [PhysX] Initialized MultithreadedTaskDispatcher with 12 workers.
 -> (artifact id: 'd9573216f63a3a51ffe16663383708eb') in 0.001550 seconds
Start importing Packages/com.unity.test-framework/UnityEngine.TestRunner/TestRunner/TestPlatform.cs using Guid(743879b4db4bc1a4b829aae4386f4acf) Importer(-1,00000000000000000000000000000000) [PhysX] Initialized MultithreadedTaskDispatcher with 12 workers.
 -> (artifact id: '19d06ef2e16562fb62bd8da23621171d') in 0.001717 seconds
Start importing Packages/com.unity.test-framework/UnityEngine.TestRunner/NUnitExtensions/Commands/ParametrizedIgnoreCommand.cs using Guid(74987b94d22047d8b286a727906b7019) Importer(-1,00000000000000000000000000000000) [PhysX] Initialized MultithreadedTaskDispatcher with 12 workers.
 -> (artifact id: 'd856bf14452c4407862c32a0c4252277') in 0.001995 seconds
Start importing Packages/com.unity.test-framework/UnityEditor.TestRunner/GUI/AssetsDatabaseHelper.cs using Guid(740b3785866edda4b8d1e1a05570a5f8) Importer(-1,00000000000000000000000000000000) [PhysX] Initialized MultithreadedTaskDispatcher with 12 workers.
 -> (artifact id: '9a69b602f9682e79b4db67e7fb7ebd5a') in 0.001899 seconds
Start importing Packages/com.unity.test-framework/UnityEngine.TestRunner/NUnitExtensions/Filters/AndFilterExtended.cs using Guid(94cf1990d9304aff8063ceaa4bc68f6d) Importer(-1,00000000000000000000000000000000) [PhysX] Initialized MultithreadedTaskDispatcher with 12 workers.
 -> (artifact id: 'baab6cc33102507ecca0d5bb1fe3c515') in 0.001903 seconds
Start importing Packages/com.unity.test-framework/UnityEditor.TestRunner/TestRun/Tasks/EditModeRunTask.cs using Guid(b4246555189b5ee43b4857220f9fd29b) Importer(-1,00000000000000000000000000000000) [PhysX] Initialized MultithreadedTaskDispatcher with 12 workers.
 -> (artifact id: '9a8430fef45e3595ff39ffb050e268eb') in 0.001758 seconds
Start importing Packages/com.unity.test-framework/UnityEngine.TestRunner/NUnitExtensions/ConstructDelegator.cs using Guid(b42e1db66fe9c634798674cb9e1df2ca) Importer(-1,00000000000000000000000000000000) [PhysX] Initialized MultithreadedTaskDispatcher with 12 workers.
 -> (artifact id: 'b41e138b621612a0b9b1cb2d2d48b9ee') in 0.001481 seconds
Start importing Packages/com.unity.ugui/Runtime/UI/Core/Utility/VertexHelper.cs using Guid(c459424081436584c8cec10767f9ac38) Importer(-1,00000000000000000000000000000000) [PhysX] Initialized MultithreadedTaskDispatcher with 12 workers.
 -> (artifact id: '794aa8856757563f1614725c7e853cc4') in 0.001872 seconds
Start importing Packages/com.unity.ugui/Runtime/EventSystem/Raycasters/PhysicsRaycaster.cs using Guid(c49b4cc203aa6414fae5c798d1d0e7d6) Importer(-1,00000000000000000000000000000000) [PhysX] Initialized MultithreadedTaskDispatcher with 12 workers.
 -> (artifact id: 'c564bb086de5400a928e88350ad3cd15') in 0.001778 seconds
Start importing Packages/com.unity.ugui/Tests/Runtime/Canvas/CanvasResizeCorrectlyForRenderTexture.cs using Guid(d4dbe29df1b294c4f8f0a2fb529d19fd) Importer(-1,00000000000000000000000000000000) [PhysX] Initialized MultithreadedTaskDispatcher with 12 workers.
 -> (artifact id: '96e3ffc3d4a4201f8b5e92d492ed0586') in 0.002178 seconds
Start importing Packages/com.unity.ugui/Tests/Runtime/EventSystem/InputModuleTests.cs using Guid(e4e290d31ab7fb54880746bb8f818e0d) Importer(-1,00000000000000000000000000000000) [PhysX] Initialized MultithreadedTaskDispatcher with 12 workers.
 -> (artifact id: '67407c5f40006284386c01d87af6be0b') in 0.001637 seconds
Start importing Assets/_Game/Scripts/Base/BaseBuilderUI.cs using Guid(f4b23d8e004de7a4a8f8c147523c96cd) Importer(-1,00000000000000000000000000000000) [PhysX] Initialized MultithreadedTaskDispatcher with 12 workers.
 -> (artifact id: '9e587acbdef22001732f219d1bcfbe4a') in 0.001995 seconds
Start importing Packages/com.unity.test-framework/UnityEditor.TestRunner/CommandLineParser/ICommandLineOption.cs using Guid(f445ca0c614a846449fcd8ae648c24e2) Importer(-1,00000000000000000000000000000000) [PhysX] Initialized MultithreadedTaskDispatcher with 12 workers.
 -> (artifact id: '7040b6610c2ab5ad3556503379df55ac') in 0.001797 seconds
Start importing Packages/com.unity.test-framework/UnityEditor.TestRunner/GUI/TestAssets/ActiveFolderTemplateAssetCreator.cs using Guid(f47c66e80010e4020b6803b930eb432c) Importer(-1,00000000000000000000000000000000) [PhysX] Initialized MultithreadedTaskDispatcher with 12 workers.
 -> (artifact id: '355cdda65759c6ce044e77591255d3b7') in 0.001704 seconds
Start importing Packages/com.unity.test-framework/UnityEngine.TestRunner/NUnitExtensions/Runner/TestCommandBuilder.cs using Guid(f40df9c8cf926b241b093a37028d8815) Importer(-1,00000000000000000000000000000000) [PhysX] Initialized MultithreadedTaskDispatcher with 12 workers.
 -> (artifact id: 'c89c3c2cc8bbbecccc46488f3707008c') in 0.001627 seconds
Start importing Packages/com.unity.ugui/Tests/Runtime/EventSystem/InputModuleTests/PointerClickCallbackCheck.cs using Guid(0573713975c6b8246b7544ed524ef1dc) Importer(-1,00000000000000000000000000000000) [PhysX] Initialized MultithreadedTaskDispatcher with 12 workers.
 -> (artifact id: '0b9ab91f3c960a38c375d6b9f562e7c9') in 0.001632 seconds
Start importing Packages/com.unity.ugui/Editor/UI/DropdownEditor.cs using Guid(05f582d4fbc8e0c40afccb76bbbe0935) Importer(-1,00000000000000000000000000000000) [PhysX] Initialized MultithreadedTaskDispatcher with 12 workers.
 -> (artifact id: '333374a2a5faee0ba9393c7588b39b54') in 0.002268 seconds
Start importing Packages/com.unity.test-framework/UnityEditor.TestRunner/CommandLineTest/LogWriter.cs using Guid(05778dd1de4433d418793b6f3d3c18cf) Importer(-1,00000000000000000000000000000000) [PhysX] Initialized MultithreadedTaskDispatcher with 12 workers.
 -> (artifact id: 'fbd46f6eaea6a7ba70754f7e61004387') in 0.001689 seconds
Start importing Packages/com.unity.test-framework/UnityEditor.TestRunner/Api/Filter.cs using Guid(05f92e4a2414cb144a92157752dfa324) Importer(-1,00000000000000000000000000000000) [PhysX] Initialized MultithreadedTaskDispatcher with 12 workers.
 -> (artifact id: '9ad191581d2cbb3624954b49b69ec73e') in 0.001579 seconds
Start importing Packages/com.unity.ugui/Runtime/EventSystem/InputModules/BaseInput.cs using Guid(1511ccae7919cfc46b603b9b337fdc94) Importer(-1,00000000000000000000000000000000) [PhysX] Initialized MultithreadedTaskDispatcher with 12 workers.
 -> (artifact id: '39502bbedf068a6c31248183c6025742') in 0.002177 seconds
Start importing Packages/com.unity.test-framework/UnityEditor.TestRunner/GUI/TestRunnerUIFilter.cs using Guid(15f870c6975ad6449b5b52514b90dc2b) Importer(-1,00000000000000000000000000000000) [PhysX] Initialized MultithreadedTaskDispatcher with 12 workers.
 -> (artifact id: '34acd024e9f6b56e3fbf22ca37aa2f5c') in 0.001831 seconds
Start importing Packages/com.unity.ugui/Runtime/UI/Core/SpriteState.cs using Guid(25b01819c6e1649428db2a9b274cf364) Importer(-1,00000000000000000000000000000000) [PhysX] Initialized MultithreadedTaskDispatcher with 12 workers.
 -> (artifact id: '9aa86c0be502a563e3befe0d892c651e') in 0.001768 seconds
Start importing Packages/com.unity.ugui/Runtime/EventSystem/RaycastResult.cs using Guid(3550d8ec6f29ab34d895ae9a43d560c2) Importer(-1,00000000000000000000000000000000) [PhysX] Initialized MultithreadedTaskDispatcher with 12 workers.
 -> (artifact id: '6004657ae86ba5710b35a8d27a8f3c6d') in 0.001728 seconds
Start importing Packages/com.unity.ugui/Tests/Editor/Canvas/CanvasElementsMaintainValidPositionsWhenCameraOrthoSizeIsZero.cs using Guid(35a0d10199de49f4db0128003bfd3bda) Importer(-1,00000000000000000000000000000000) [PhysX] Initialized MultithreadedTaskDispatcher with 12 workers.
 -> (artifact id: '824b5df97fc4bfcb67246eb92c9c3d40') in 0.001881 seconds
Start importing Packages/com.unity.ugui/Editor/UI/ContentSizeFitterEditor.cs using Guid(35d143b352678294ab0f5feb97b67f88) Importer(-1,00000000000000000000000000000000) [PhysX] Initialized MultithreadedTaskDispatcher with 12 workers.
 -> (artifact id: '04133f9e88ed2f27fc594ae783d1d1af') in 0.012336 seconds
Start importing Packages/com.unity.test-framework/UnityEngine.TestRunner/Assertions/LogScope/ILogScope.cs using Guid(3504aa04cda851b44a65973f9aead6f7) Importer(-1,00000000000000000000000000000000) [PhysX] Initialized MultithreadedTaskDispatcher with 12 workers.
 -> (artifact id: '0802590a215383b83a75c9e3e949451b') in 0.002126 seconds
Start importing Packages/com.unity.test-framework/UnityEngine.TestRunner/NUnitExtensions/Commands/EnumerableTestState.cs using Guid(356852e4738840b4b1ab533d3a66f0e1) Importer(-1,00000000000000000000000000000000) [PhysX] Initialized MultithreadedTaskDispatcher with 12 workers.
 -> (artifact id: 'c0fd4ef4bb599d6ed94a16d62343485f') in 0.001930 seconds
Start importing Packages/com.unity.ugui/Tests/Runtime/Dropdown/DropdownTests.cs using Guid(358a618bc6bd9354d81cc206fd2ed80e) Importer(-1,00000000000000000000000000000000) [PhysX] Initialized MultithreadedTaskDispatcher with 12 workers.
 -> (artifact id: '8e03f173f71287780fb2ceb63c55687c') in 0.001634 seconds
Start importing Packages/com.unity.ugui/Tests/Editor/Canvas/CanvasWidthAssertionErrorWithRectTransform.cs using Guid(4585b5feb801bdb44b0e5eafdd95a3be) Importer(-1,00000000000000000000000000000000) [PhysX] Initialized MultithreadedTaskDispatcher with 12 workers.
 -> (artifact id: 'd00e51662f06f370955eb73e791f730b') in 0.001433 seconds
Start importing Packages/com.unity.test-framework/UnityEditor.TestRunner/TestResultSerializer.cs using Guid(559482fe33c79e44882d3a6cedc55fb5) Importer(-1,00000000000000000000000000000000) [PhysX] Initialized MultithreadedTaskDispatcher with 12 workers.
 -> (artifact id: '3c21769b2784ec9177cf6f7b9efc3e09') in 0.002144 seconds
Start importing Packages/com.unity.test-framework/UnityEngine.TestRunner/Utils/Vector2ComparerWithEqualsOperator.cs using Guid(65701ebe8bada6b4785e9c7afe7f5bee) Importer(-1,00000000000000000000000000000000) [PhysX] Initialized MultithreadedTaskDispatcher with 12 workers.
 -> (artifact id: '8ce9340b9f556373f6bc9874c00a02fb') in 0.001710 seconds
Start importing Assets/_Game/Scripts/Core/GameManager.cs using Guid(65cac433ceb6a884ea34f6e1da95ef82) Importer(-1,00000000000000000000000000000000) [PhysX] Initialized MultithreadedTaskDispatcher with 12 workers.
 -> (artifact id: 'a3079d0f862240b560c5a406a13bbba2') in 0.001567 seconds
Start importing Packages/com.unity.test-framework/UnityEngine.TestRunner/NUnitExtensions/TestResultExtensions.cs using Guid(65fb6da362a78334ab360a125cfafdaf) Importer(-1,00000000000000000000000000000000) [PhysX] Initialized MultithreadedTaskDispatcher with 12 workers.
 -> (artifact id: '32aa269200c1aec9a2a97a63b01dfbf8') in 0.001714 seconds
Start importing Packages/com.unity.test-framework/UnityEditor.TestRunner/TestSettings/TestSettingsDeserializer.cs using Guid(75e7d7a9a57458841a85fe42d9c9141f) Importer(-1,00000000000000000000000000000000) [PhysX] Initialized MultithreadedTaskDispatcher with 12 workers.
 -> (artifact id: 'aa6bd2106f204647f20de474b4ca8887') in 0.001700 seconds
Start importing Packages/com.unity.test-framework/UnityEditor.TestRunner/TestLaunchers/Helpers/FilePathMetaInfo.cs using Guid(759855a435cd4b22ade51836cc8b00d6) Importer(-1,00000000000000000000000000000000) [PhysX] Initialized MultithreadedTaskDispatcher with 12 workers.
 -> (artifact id: '1a2ac45fe180c2fbc700501485968a9a') in 0.001616 seconds
Start importing Packages/com.unity.test-framework/UnityEngine.TestRunner/NUnitExtensions/Attributes/TestEnumerator.cs using Guid(750aad009559b814dbc27001341fc1c3) Importer(-1,00000000000000000000000000000000) [PhysX] Initialized MultithreadedTaskDispatcher with 12 workers.
 -> (artifact id: 'e4c259907ff90c9af272c38114d016d1') in 0.001504 seconds
Start importing Packages/com.unity.ugui/Runtime/EventSystem/EventData/PointerEventData.cs using Guid(75df57ccb1e44c64085399277405e1ca) Importer(-1,00000000000000000000000000000000) [PhysX] Initialized MultithreadedTaskDispatcher with 12 workers.
 -> (artifact id: 'b02904bdc3352d58b322768895f8ba10') in 0.001608 seconds
Start importing Packages/com.unity.ugui/Tests/Runtime/Canvas/CoroutineWorksIfUIObjectIsAttached.cs using Guid(8573c56c34e616248a3881b2c56280ef) Importer(-1,00000000000000000000000000000000) [PhysX] Initialized MultithreadedTaskDispatcher with 12 workers.
 -> (artifact id: '29cbbaf7b6e462d0fa52ce92f60cfe16') in 0.002271 seconds
Start importing Packages/com.unity.ugui/Runtime/UI/Core/VertexModifiers/IMeshModifier.cs using Guid(85f3c3a3c2623cd4da1661b0479e2ef2) Importer(-1,00000000000000000000000000000000) [PhysX] Initialized MultithreadedTaskDispatcher with 12 workers.
 -> (artifact id: '22d07939b883489ce34b6d3d22ebf951') in 0.001741 seconds
Start importing Packages/com.unity.test-framework/UnityEditor.TestRunner/Api/ITestAdaptor.cs using Guid(85dd7af03f02aea4aae13a3945e3b313) Importer(-1,00000000000000000000000000000000) [PhysX] Initialized MultithreadedTaskDispatcher with 12 workers.
 -> (artifact id: 'a6653d147ce0072a3984739a11806488') in 0.001948 seconds
Start importing Packages/com.unity.test-framework/UnityEngine.TestRunner/NUnitExtensions/Commands/RepeatCommand.cs using Guid(851f94140ec64b7db846948429a87f01) Importer(-1,00000000000000000000000000000000) [PhysX] Initialized MultithreadedTaskDispatcher with 12 workers.
 -> (artifact id: 'd9ca75562c893e4576b5aacff9bcc65b') in 0.002037 seconds
Start importing Packages/com.unity.test-framework/UnityEngine.TestRunner/Utils/Utils.cs using Guid(9502550ba4785e3499d6c9251fa2114b) Importer(-1,00000000000000000000000000000000) [PhysX] Initialized MultithreadedTaskDispatcher with 12 workers.
 -> (artifact id: 'ee4920e2d1026b3d0f10c916f9d2a74e') in 0.001680 seconds
Start importing Packages/com.unity.test-framework/UnityEditor.TestRunner/UnityTestProtocol/IUtpMessageReporter.cs using Guid(952b3dc7b47846947b37c8d3ae46579a) Importer(-1,00000000000000000000000000000000) [PhysX] Initialized MultithreadedTaskDispatcher with 12 workers.
 -> (artifact id: 'e37550fbbaa8d9d65ec22227f97e2b0a') in 0.001864 seconds
Start importing Packages/com.unity.test-framework/UnityEditor.TestRunner/TestLaunchers/EditModeLauncherContextSettings.cs using Guid(a582090813554df479fb9ca03e9857d3) Importer(-1,00000000000000000000000000000000) [PhysX] Initialized MultithreadedTaskDispatcher with 12 workers.
 -> (artifact id: '541970ba1454c95e76fed16a25656a63') in 0.001773 seconds
Start importing Packages/com.unity.ugui/Runtime/UI/Core/Layout/HorizontalOrVerticalLayoutGroup.cs using Guid(a5c214e5846a99242b348c37e49b2f59) Importer(-1,00000000000000000000000000000000) [PhysX] Initialized MultithreadedTaskDispatcher with 12 workers.
 -> (artifact id: 'd67371c21554a156a2dda2b6d6b38218') in 0.001636 seconds
Start importing Assets/_Game/Scripts/Economy/ResourceWallet.cs using Guid(a5f4fd94a94e0e84287367bf7cb11b4c) Importer(-1,00000000000000000000000000000000) [PhysX] Initialized MultithreadedTaskDispatcher with 12 workers.
 -> (artifact id: 'c8e2cbf7b481db44a4db84ff010c238d') in 0.002048 seconds
Start importing Packages/com.unity.ugui/Tests/Runtime/Image/ImageTests.cs using Guid(a598580d0cfc7224ebed8d2b627d9e00) Importer(-1,00000000000000000000000000000000) [PhysX] Initialized MultithreadedTaskDispatcher with 12 workers.
 -> (artifact id: '6cc0cdedc6cadef6e42b3c564017a510') in 0.001264 seconds
Start importing Packages/com.unity.ugui/Tests/Runtime/TextEditor/TextEditorBackspaceDelete.cs using Guid(b5f31b7e60df3e64796fb7ab6f54f489) Importer(-1,00000000000000000000000000000000) [PhysX] Initialized MultithreadedTaskDispatcher with 12 workers.
 -> (artifact id: '2dab37bdf4b7dca456a4ac47bf901744') in 0.001594 seconds
Start importing Packages/com.unity.test-framework/UnityEngine.TestRunner/NUnitExtensions/Runner/CoroutineTestWorkItem.cs using Guid(b557515fff172984e8c4400b43f1c631) Importer(-1,00000000000000000000000000000000) [PhysX] Initialized MultithreadedTaskDispatcher with 12 workers.
 -> (artifact id: 'e1f0e1c6ba10f2e8f2e104d9591e208e') in 0.001710 seconds
Start importing Packages/com.unity.ugui/Editor/UI/AspectRatioFitterEditor.cs using Guid(b5f70efd2f7b286498ca6c00adbb4a13) Importer(-1,00000000000000000000000000000000) [PhysX] Initialized MultithreadedTaskDispatcher with 12 workers.
 -> (artifact id: '8594cd6f1bde394dfee63b792c7225cf') in 0.001652 seconds
Start importing Packages/com.unity.test-framework/UnityEditor.TestRunner/TestRun/Tasks/Events/UpdateTestProgressTask.cs using Guid(c5c78f2ef0d32a948bbb93266ef69a6a) Importer(-1,00000000000000000000000000000000) [PhysX] Initialized MultithreadedTaskDispatcher with 12 workers.
 -> (artifact id: '0088587bb4010bf94626adfe11e025e7') in 0.001891 seconds
Start importing Packages/com.unity.ugui/Editor/Properties/AssemblyInfo.cs using Guid(d51458b261e0ecc4a98904e53924dc1c) Importer(-1,00000000000000000000000000000000) [PhysX] Initialized MultithreadedTaskDispatcher with 12 workers.
 -> (artifact id: '286cc99b6bf58b9589c5baa5afd65c28') in 0.001613 seconds
Start importing Packages/com.unity.ugui/Tests/Runtime/Util/UIBehaviourExtensions.cs using Guid(d548f82e7e9c0ed49ae5b4a5eecfb2f7) Importer(-1,00000000000000000000000000000000) [PhysX] Initialized MultithreadedTaskDispatcher with 12 workers.
 -> (artifact id: '22794c712adc69ec096eea891dd90012') in 0.001741 seconds
Start importing Packages/com.unity.test-framework/UnityEditor.TestRunner/UnityTestProtocol/Data/PlayerSettings.cs using Guid(d52ad1cdc75642419ac24e88b43a3821) Importer(-1,00000000000000000000000000000000) [PhysX] Initialized MultithreadedTaskDispatcher with 12 workers.
 -> (artifact id: '755650f93408618545df3bb4a8e85121') in 0.002391 seconds
Start importing Packages/com.unity.ugui/Tests/Runtime/ScrollRect/ScrollRectClamp.cs using Guid(d56dbb97f857c8040beef6dd1bfc97df) Importer(-1,00000000000000000000000000000000) [PhysX] Initialized MultithreadedTaskDispatcher with 12 workers.
 -> (artifact id: 'b8a331733ac70192caad2cdaad476b89') in 0.001776 seconds
Start importing Packages/com.unity.test-framework/UnityEditor.TestRunner/CommandLineTest/IRunData.cs using Guid(d56e34a052c646e39a3317c404303e5f) Importer(-1,00000000000000000000000000000000) [PhysX] Initialized MultithreadedTaskDispatcher with 12 workers.
 -> (artifact id: '24b4dd3ea880cc1d111c67effcd6ba86') in 0.001601 seconds
Start importing Assets/_Game/Scripts/Economy/RaidForecast.cs using Guid(e524efc7fe7e4214aa464444ff7eee74) Importer(-1,00000000000000000000000000000000) [PhysX] Initialized MultithreadedTaskDispatcher with 12 workers.
 -> (artifact id: '1e1b17b1aed935567228935986c0b9ad') in 0.001565 seconds
Start importing Packages/com.unity.test-framework/UnityEditor.TestRunner/GUI/TestAssets/IFolderPathTestCompilationContextProvider.cs using Guid(e5f4a89476c1448abc7e0a9719b13b36) Importer(-1,00000000000000000000000000000000) [PhysX] Initialized MultithreadedTaskDispatcher with 12 workers.
 -> (artifact id: 'bf9a4ba270360ec9a032bff1cebe7661') in 0.001521 seconds
Start importing Packages/com.unity.test-framework/UnityEngine.TestRunner/NUnitExtensions/Commands/IgnoreTestCommand.cs using Guid(e55eddf2afda488db58fb17f985fee99) Importer(-1,00000000000000000000000000000000) [PhysX] Initialized MultithreadedTaskDispatcher with 12 workers.
 -> (artifact id: 'add8d885dcb0e8c4dc816029777e6335') in 0.001698 seconds
Start importing Packages/com.unity.test-framework/UnityEditor.TestRunner/Api/Analytics/AnalyticsTestCallback.cs using Guid(f5e82966bb8646269e2e46b6ddf2d89f) Importer(-1,00000000000000000000000000000000) [PhysX] Initialized MultithreadedTaskDispatcher with 12 workers.
 -> (artifact id: 'ace370f357e0bf6f2d65314068b4afaf') in 0.001570 seconds
Start importing Packages/com.unity.test-framework/UnityEditor.TestRunner/TestRun/Data/TaskMode.cs using Guid(06e624de88cb4a808350b63994eb39ed) Importer(-1,00000000000000000000000000000000) [PhysX] Initialized MultithreadedTaskDispatcher with 12 workers.
 -> (artifact id: '71b118d88bee5c68081ee9b9d3af25eb') in 0.001503 seconds
Start importing Packages/com.unity.ugui/Tests/Runtime/InputField/FakeInputModule.cs using Guid(16c6414b77a90ff4098767dce485c495) Importer(-1,00000000000000000000000000000000) [PhysX] Initialized MultithreadedTaskDispatcher with 12 workers.
 -> (artifact id: 'ad128a24b064ae987154165b0afea5ac') in 0.002236 seconds
Start importing Packages/com.unity.test-framework/UnityEngine.TestRunner/Utils/MonoBehaviourTest/MonoBehaviourTest.cs using Guid(164c9b1458eaab743a4b45c37a4d720d) Importer(-1,00000000000000000000000000000000) [PhysX] Initialized MultithreadedTaskDispatcher with 12 workers.
 -> (artifact id: '120b17a31cf26943ac78a15fe9c2d952') in 0.001829 seconds
Start importing Packages/com.unity.test-framework/UnityEngine.TestRunner/NUnitExtensions/Runner/RestoreTestContextAfterDomainReload.cs using Guid(26721f9940339264fb14bdbfe1290e21) Importer(-1,00000000000000000000000000000000) [PhysX] Initialized MultithreadedTaskDispatcher with 12 workers.
 -> (artifact id: '05a059ea24fc59b000924de6df14a813') in 0.001571 seconds
Start importing Packages/com.unity.test-framework/UnityEditor.TestRunner/TestRunner/Utils/CachingTestListProvider.cs using Guid(26f3e7301af463c4ca72fa98d59b429e) Importer(-1,00000000000000000000000000000000) [PhysX] Initialized MultithreadedTaskDispatcher with 12 workers.
 -> (artifact id: 'f0f2877ab4e2812c4782b0304dc58017') in 0.001582 seconds
Start importing Packages/com.unity.ugui/Runtime/EventSystem/RaycasterManager.cs using Guid(26570be2af04195458e6f1ac1f5c48e0) Importer(-1,00000000000000000000000000000000) [PhysX] Initialized MultithreadedTaskDispatcher with 12 workers.
 -> (artifact id: '437a8dfc977248525878851091da5c52') in 0.001463 seconds
Start importing Packages/com.unity.ugui/Editor/UI/SpriteDrawUtility.cs using Guid(260b531edc40677429c0198d6961e448) Importer(-1,00000000000000000000000000000000) [PhysX] Initialized MultithreadedTaskDispatcher with 12 workers.
 -> (artifact id: '3971ad6924f8343bd470acdc794695b0') in 0.001614 seconds
Start importing Packages/com.unity.ugui/Runtime/UI/Core/Layout/ILayoutElement.cs using Guid(368d3a0498e78014da578aa5f45e2797) Importer(-1,00000000000000000000000000000000) [PhysX] Initialized MultithreadedTaskDispatcher with 12 workers.
 -> (artifact id: 'c98ed3d006292d9656f7d3fb22cca15e') in 0.001466 seconds
Start importing Packages/com.unity.test-framework/UnityEditor.TestRunner/TestRun/Tasks/BuildNUnitFilterTask.cs using Guid(5640d0c51961421997c9f36f0ec45480) Importer(-1,00000000000000000000000000000000) [PhysX] Initialized MultithreadedTaskDispatcher with 12 workers.
 -> (artifact id: '00523638a213b3ed53fe8836651b352f') in 0.001756 seconds
Start importing Packages/com.unity.ugui/Runtime/EventSystem/Raycasters/Physics2DRaycaster.cs using Guid(56666c5a40171f54783dd416a44f42bf) Importer(-1,00000000000000000000000000000000) [PhysX] Initialized MultithreadedTaskDispatcher with 12 workers.
 -> (artifact id: '8e258d4aec7a5b02e7dff75f03366db5') in 0.001751 seconds
Start importing Packages/com.unity.ugui/Editor/UI/ScrollRectEditor.cs using Guid(56ba6cb160ebfc042b48224bd1a35614) Importer(-1,00000000000000000000000000000000) [PhysX] Initialized MultithreadedTaskDispatcher with 12 workers.
 -> (artifact id: 'b27ca50164cfb65e07009fbe1189a2b6') in 0.001820 seconds
Start importing Packages/com.unity.test-framework/UnityEditor.TestRunner/TestLaunchers/PlatformSetup/UwpPlatformSetup.cs using Guid(667c6ad86a0b7a548aaa5c287f2c2861) Importer(-1,00000000000000000000000000000000) [PhysX] Initialized MultithreadedTaskDispatcher with 12 workers.
 -> (artifact id: '06776752f11b736b583a9ca64b42ea6c') in 0.001498 seconds
Start importing Assets/_Game/Scripts/Progression/SaveSystem.cs using Guid(664faf5437e955642946941a2c0a8900) Importer(-1,00000000000000000000000000000000) [PhysX] Initialized MultithreadedTaskDispatcher with 12 workers.
 -> (artifact id: '650d7a0064d8e5e74edcf7093c2c1030') in 0.001569 seconds
Start importing Packages/com.unity.ugui/Editor/UI/LayoutElementEditor.cs using Guid(7693972390a4ed841a986c0c452c1058) Importer(-1,00000000000000000000000000000000) [PhysX] Initialized MultithreadedTaskDispatcher with 12 workers.
 -> (artifact id: 'ece5d2c550223b38ae1357588521701c') in 0.001684 seconds
Start importing Packages/com.unity.test-framework/UnityEngine.TestRunner/Utils/TestRunCallbackAttribute.cs using Guid(76b3a3296de548f48b0c3d088fb4b490) Importer(-1,00000000000000000000000000000000) [PhysX] Initialized MultithreadedTaskDispatcher with 12 workers.
 -> (artifact id: '60c981d72fa3722798575186b9f3c36d') in 0.001831 seconds
Start importing Packages/com.unity.ugui/Runtime/EventSystem/EventSystem.cs using Guid(76c392e42b5098c458856cdf6ecaaaa1) Importer(-1,00000000000000000000000000000000) [PhysX] Initialized MultithreadedTaskDispatcher with 12 workers.
 -> (artifact id: '379e918216e23ea0a222219aac28a41e') in 0.001790 seconds
Start importing Packages/com.unity.ugui/Tests/Runtime/EventSystem/InputModuleTests/DragCallbackCheck.cs using Guid(76c82729ad712f14bae1a8a279c52ac3) Importer(-1,00000000000000000000000000000000) [PhysX] Initialized MultithreadedTaskDispatcher with 12 workers.
 -> (artifact id: '81cc939f3f3710c5377f487662cfc7cd') in 0.001770 seconds
Start importing Packages/com.unity.ugui/Runtime/UI/Core/Layout/AspectRatioFitter.cs using Guid(86710e43de46f6f4bac7c8e50813a599) Importer(-1,00000000000000000000000000000000) [PhysX] Initialized MultithreadedTaskDispatcher with 12 workers.
 -> (artifact id: '3d339353cfb91f9b37abcd9a89630c5d') in 0.001764 seconds
Start importing Packages/com.unity.test-framework/UnityEngine.TestRunner/Assertions/InvalidSignatureException.cs using Guid(9650d910fcaefb34cb45f121c1993892) Importer(-1,00000000000000000000000000000000) [PhysX] Initialized MultithreadedTaskDispatcher with 12 workers.
 -> (artifact id: '753b8ad5c16f6e65bce113f9aa5288e5') in 0.002086 seconds
Start importing Packages/com.unity.test-framework/UnityEditor.TestRunner/TestLaunchers/PlatformSetup/AndroidPlatformSetup.cs using Guid(961642509dec50b44a293d26240140ec) Importer(-1,00000000000000000000000000000000) [PhysX] Initialized MultithreadedTaskDispatcher with 12 workers.
 -> (artifact id: '27a319f137e4a4da4a6a9f388dafb161') in 0.001684 seconds
Start importing Packages/com.unity.ugui/Runtime/UI/Core/Graphic.cs using Guid(a6238e9452bfc704f82ff36791fe1a45) Importer(-1,00000000000000000000000000000000) [PhysX] Initialized MultithreadedTaskDispatcher with 12 workers.
 -> (artifact id: '3693b61608a83ec4776e2257e25bc2e6') in 0.001568 seconds
Start importing Packages/com.unity.ugui/Editor/UI/PrefabLayoutRebuilder.cs using Guid(a62706dc421fc9b4fa368a8050a930f7) Importer(-1,00000000000000000000000000000000) [PhysX] Initialized MultithreadedTaskDispatcher with 12 workers.
 -> (artifact id: '325c414e3055b4a1f013898dccae059e') in 0.001584 seconds
Start importing Packages/com.unity.test-framework/UnityEditor.TestRunner/RequireApiProfileAttribute.cs using Guid(a667f6654ad7a9548b8c8e68b51c8895) Importer(-1,00000000000000000000000000000000) [PhysX] Initialized MultithreadedTaskDispatcher with 12 workers.
 -> (artifact id: '41ddf1720ee6d9b9f5a0a8580d973c68') in 0.001744 seconds
Start importing Packages/com.unity.ugui/Tests/Runtime/Graphic/MaskTests.cs using Guid(b611b0a598aeada419afa9737807c598) Importer(-1,00000000000000000000000000000000) [PhysX] Initialized MultithreadedTaskDispatcher with 12 workers.
 -> (artifact id: '0619b1ca133779e351a2c646f46df3d8') in 0.001497 seconds
Start importing Packages/com.unity.ugui/Runtime/UI/Core/Culling/RectangularVertexClipper.cs using Guid(c606041f02fc7d542b1429806872292b) Importer(-1,00000000000000000000000000000000) [PhysX] Initialized MultithreadedTaskDispatcher with 12 workers.
 -> (artifact id: '13f2b5ce77c6d15f9d6b93de62c88428') in 0.001807 seconds
Start importing Packages/com.unity.ugui/Runtime/UI/Core/AnimationTriggers.cs using Guid(c67ac6e40bbb6fe47a095b949b609ce0) Importer(-1,00000000000000000000000000000000) [PhysX] Initialized MultithreadedTaskDispatcher with 12 workers.
 -> (artifact id: '3bfc3ca204f2e51f715cda9d83fe15b6') in 0.001572 seconds
Start importing Packages/com.unity.test-framework/UnityEngine.TestRunner/Utils/ColorEqualityComparer.cs using Guid(d6105bc8cf5ce544487daca4cbc62583) Importer(-1,00000000000000000000000000000000) [PhysX] Initialized MultithreadedTaskDispatcher with 12 workers.
 -> (artifact id: '8829a11aa0dda9611f9458cb0c952162') in 0.002266 seconds
Start importing Packages/com.unity.test-framework/UnityEditor.TestRunner/TestRunner/Utils/TestListCache.cs using Guid(d685d97a1eb004f49afea0cc982ff728) Importer(-1,00000000000000000000000000000000) [PhysX] Initialized MultithreadedTaskDispatcher with 12 workers.
 -> (artifact id: '58d97f3d7714f5979a1e2675a568c949') in 0.001705 seconds
Start importing Packages/com.unity.ugui/Editor/UI/RawImageEditor.cs using Guid(e6413f4090046814d802ddbff9890878) Importer(-1,00000000000000000000000000000000) [PhysX] Initialized MultithreadedTaskDispatcher with 12 workers.
 -> (artifact id: 'b85c06e8ae2116a4eb0c0fd39acc4bc3') in 0.001507 seconds
Start importing Packages/com.unity.ugui/Tests/Runtime/EventSystem/GraphicRaycasterTests.cs using Guid(e6323ebef616fee4486ee155cd56d191) Importer(-1,00000000000000000000000000000000) [PhysX] Initialized MultithreadedTaskDispatcher with 12 workers.
 -> (artifact id: 'a948449ceca14b8a1dcf7edaeb05e3d5') in 0.001583 seconds
Start importing Packages/com.unity.test-framework/UnityEditor.TestRunner/TestLaunchers/PlatformSetup/ApplePlatformSetup.cs using Guid(f6c189a159d3bde4c964cee562e508ea) Importer(-1,00000000000000000000000000000000) [PhysX] Initialized MultithreadedTaskDispatcher with 12 workers.
 -> (artifact id: '89c580fa72665ce22529475dbd2c5777') in 0.001530 seconds
Start importing Packages/com.unity.test-framework/UnityEditor.TestRunner/UnityTestProtocol/Data/BuildSettings.cs using Guid(f699428dfee64165b017dced94d8ca70) Importer(-1,00000000000000000000000000000000) [PhysX] Initialized MultithreadedTaskDispatcher with 12 workers.
 -> (artifact id: '4eefa5c0ae3843dc73bd91dcbcbde033') in 0.001558 seconds
Start importing Assets/_Game/Scripts/Progression/UnitUpgradeSystem.cs using Guid(f69f92a11e265f34294fb13a0e511b08) Importer(-1,00000000000000000000000000000000) [PhysX] Initialized MultithreadedTaskDispatcher with 12 workers.
 -> (artifact id: 'b601e408b13ec39c95e512cefb3725b4') in 0.001684 seconds
Start importing Packages/com.unity.test-framework/UnityEditor.TestRunner/GUI/TestListTreeView/Icons.cs using Guid(27769e9b00b038d47aefe306a4d20bec) Importer(-1,00000000000000000000000000000000) [PhysX] Initialized MultithreadedTaskDispatcher with 12 workers.
 -> (artifact id: 'b32889ea784912b13e954f936adafa84') in 0.001921 seconds
Start importing Packages/com.unity.test-framework/UnityEngine.TestRunner/TestRunner/PlaymodeTestsControllerSettings.cs using Guid(2799eb4c84e72e54092a292cf626936b) Importer(-1,00000000000000000000000000000000) [PhysX] Initialized MultithreadedTaskDispatcher with 12 workers.
 -> (artifact id: 'aefb8528dd7f497893628631c940201f') in 0.002039 seconds
Start importing Packages/com.unity.test-framework/UnityEditor.TestRunner/TestRun/Tasks/SetInteractionModeTask.cs using Guid(3710fe6aef52449b9c9bbf0b17ae6960) Importer(-1,00000000000000000000000000000000) [PhysX] Initialized MultithreadedTaskDispatcher with 12 workers.
 -> (artifact id: 'aa7ccba39bad5743f775982a07b95212') in 0.001699 seconds
Start importing Packages/com.unity.ugui/Editor/EventSystem/EventTriggerEditor.cs using Guid(37b164a494cd92a498526852ecceedef) Importer(-1,00000000000000000000000000000000) [PhysX] Initialized MultithreadedTaskDispatcher with 12 workers.
 -> (artifact id: 'ac7f3ef6e5555c7b33dff560f13f143e') in 0.001517 seconds
Start importing Packages/com.unity.ugui/Runtime/UI/Core/Culling/IClipRegion.cs using Guid(371b6b9c8adc50745ace66a6fdf67481) Importer(-1,00000000000000000000000000000000) [PhysX] Initialized MultithreadedTaskDispatcher with 12 workers.
 -> (artifact id: '3c416dc81a955c44434263848dd88808') in 0.001503 seconds
Start importing Packages/com.unity.ugui/Tests/Editor/Slider/SliderRectReferences.cs using Guid(373b4c78c0396334288fa5ff8e7b7350) Importer(-1,00000000000000000000000000000000) [PhysX] Initialized MultithreadedTaskDispatcher with 12 workers.
 -> (artifact id: '17ae6b4299ae811e1b7d078a54332ecf') in 0.001672 seconds
Start importing Packages/com.unity.test-framework/UnityEngine.TestRunner/NUnitExtensions/BaseDelegator.cs using Guid(37cea569bfefafe49a1513c4d7f0e9eb) Importer(-1,00000000000000000000000000000000) [PhysX] Initialized MultithreadedTaskDispatcher with 12 workers.
 -> (artifact id: 'cd9844e502933366fe9086e13de8cd8e') in 0.002001 seconds
Start importing Packages/com.unity.test-framework/UnityEditor.TestRunner/TestRun/Tasks/PlayModeRunTask.cs using Guid(4769fe1e7475c8843b092338acbcad25) Importer(-1,00000000000000000000000000000000) [PhysX] Initialized MultithreadedTaskDispatcher with 12 workers.
 -> (artifact id: '612e3018317ca7001217696ad97c42be') in 0.001787 seconds
Start importing Packages/com.unity.ugui/Editor/UI/ButtonEditor.cs using Guid(472a6f18dd2f97c41af72271d22db869) Importer(-1,00000000000000000000000000000000) [PhysX] Initialized MultithreadedTaskDispatcher with 12 workers.
 -> (artifact id: 'cfe993c68b6c35f7575357c009c14833') in 0.001719 seconds
Start importing Packages/com.unity.test-framework/UnityEngine.TestRunner/TestRunner/RemoteHelpers/RemoteTestResultDataWithTestData.cs using Guid(475e3699f219c854f8581a9838135002) Importer(-1,00000000000000000000000000000000) [PhysX] Initialized MultithreadedTaskDispatcher with 12 workers.
 -> (artifact id: 'd1386f2a63b2d43df72d1d6bc1eb387d') in 0.001972 seconds
Start importing Assets/_Game/Tests/EditMode/GeneratedArtLibraryTests.cs using Guid(57c468e751fd7a342a98334aedefa3ec) Importer(-1,00000000000000000000000000000000) [PhysX] Initialized MultithreadedTaskDispatcher with 12 workers.
 -> (artifact id: '71b93985db5c54e0205f18f1ce81d131') in 0.001576 seconds
Start importing Packages/com.unity.test-framework/UnityEditor.TestRunner/TestRun/Tasks/Platform/PlatformSpecificSuccessfulBuildTask.cs using Guid(57e7d752d8e6494b9aca2f2724b98761) Importer(-1,00000000000000000000000000000000) [PhysX] Initialized MultithreadedTaskDispatcher with 12 workers.
 -> (artifact id: '447e2ee8e5cd111e9e83fc399630777c') in 0.001678 seconds
Start importing Packages/com.unity.ugui/Runtime/UI/Core/Culling/Clipping.cs using Guid(67e3583b91179094094c6a188b232262) Importer(-1,00000000000000000000000000000000) [PhysX] Initialized MultithreadedTaskDispatcher with 12 workers.
 -> (artifact id: '2eccbcbc74a5ddcfdb5a5997e2585f56') in 0.001820 seconds
Start importing Packages/com.unity.ugui/Runtime/UI/Core/Slider.cs using Guid(67db9e8f0e2ae9c40bc1e2b64352a6b4) Importer(-1,00000000000000000000000000000000) [PhysX] Initialized MultithreadedTaskDispatcher with 12 workers.
 -> (artifact id: '99da924a6f7ec68fa8731583a00a0c0e') in 0.002104 seconds
Start importing Packages/com.unity.test-framework/UnityEditor.TestRunner/UnityTestProtocol/TestState.cs using Guid(77f432980bb30084299a138e15c6f571) Importer(-1,00000000000000000000000000000000) [PhysX] Initialized MultithreadedTaskDispatcher with 12 workers.
 -> (artifact id: '4481bdff25525ff91f34be1b3a7a7192') in 0.001243 seconds
Start importing Packages/com.unity.test-framework/UnityEngine.TestRunner/TestRunner/RemoteHelpers/IRemoteTestResultDataFactory.cs using Guid(874c0713cdc44f549b0161750b48d2c2) Importer(-1,00000000000000000000000000000000) [PhysX] Initialized MultithreadedTaskDispatcher with 12 workers.
 -> (artifact id: '0a2cf3f4430e6075ecf34fbd688925ee') in 0.001825 seconds
Start importing Packages/com.unity.test-framework/UnityEngine.TestRunner/NUnitExtensions/Runner/UnityTestAssemblyRunner.cs using Guid(874e40a588dbb1e48bc128d686337d4e) Importer(-1,00000000000000000000000000000000) [PhysX] Initialized MultithreadedTaskDispatcher with 12 workers.
 -> (artifact id: 'bc99205f257df39bb0d65d61f497b4e0') in 0.001993 seconds
Start importing Packages/com.unity.ugui/Tests/Editor/UnityEvent/UnityEventInvoke.cs using Guid(977190a4db46de442aed27279d247df4) Importer(-1,00000000000000000000000000000000) [PhysX] Initialized MultithreadedTaskDispatcher with 12 workers.
 -> (artifact id: '316de5f65e0cc8e6d304d5af1fdb5381') in 0.001684 seconds
Start importing Packages/com.unity.ugui/Tests/Runtime/Image/TestableImage.cs using Guid(9713795381722eb43b623dffba25d115) Importer(-1,00000000000000000000000000000000) [PhysX] Initialized MultithreadedTaskDispatcher with 12 workers.
 -> (artifact id: 'd2614a96b3f19bd77e65444f5b91912b') in 0.001583 seconds
Start importing Packages/com.unity.test-framework/UnityEditor.TestRunner/TestRun/Tasks/UnlockReloadAssembliesTask.cs using Guid(9729063e08c4a4e438070c8319aff5f5) Importer(-1,00000000000000000000000000000000) [PhysX] Initialized MultithreadedTaskDispatcher with 12 workers.
 -> (artifact id: '4aaaad079f7e0b0c4edb1cb23d553637') in 0.001897 seconds
Start importing Packages/com.unity.ugui/Runtime/UI/Core/MaskableGraphic.cs using Guid(976acc75bfafe594cb01142ba21947be) Importer(-1,00000000000000000000000000000000) [PhysX] Initialized MultithreadedTaskDispatcher with 12 workers.
 -> (artifact id: 'ee0cd6ae79b7d60f7ba03b20e2e532f4') in 0.001635 seconds
Start importing Packages/com.unity.test-framework/UnityEditor.TestRunner/TestRunner/Utils/ITestListCache.cs using Guid(a704c010bcdb1ec4a9f3417b3c393164) Importer(-1,00000000000000000000000000000000) [PhysX] Initialized MultithreadedTaskDispatcher with 12 workers.
 -> (artifact id: '2f6b32a24d4b65fd78ef8d77fbe7c3bb') in 0.001615 seconds
Start importing Packages/com.unity.test-framework/UnityEditor.TestRunner/Api/ITestRunnerApi.cs using Guid(a7842a837a4b13e41ae16193db753418) Importer(-1,00000000000000000000000000000000) [PhysX] Initialized MultithreadedTaskDispatcher with 12 workers.
 -> (artifact id: '35fbc916cb51083a313ce199e6e4ea4b') in 0.001555 seconds
Start importing Packages/com.unity.test-framework/UnityEditor.TestRunner/Api/IgnoreTest.cs using Guid(a785dd14005a471483d6732fabeee0ea) Importer(-1,00000000000000000000000000000000) [PhysX] Initialized MultithreadedTaskDispatcher with 12 workers.
 -> (artifact id: '4414c1c1699faeb77e9ab511ea42cade') in 0.001914 seconds
Start importing Packages/com.unity.test-framework/UnityEditor.TestRunner/CommandLineTest/SettingsBuilder.cs using Guid(b7468a027a77337478e133b40b42b4f9) Importer(-1,00000000000000000000000000000000) [PhysX] Initialized MultithreadedTaskDispatcher with 12 workers.
 -> (artifact id: '299e0068b24f0ecc79f17a880a613062') in 0.001974 seconds
Start importing Packages/com.unity.ugui/Editor/UI/ImageEditor.cs using Guid(b759d61544e231c41bc88530b1d94ee8) Importer(-1,00000000000000000000000000000000) [PhysX] Initialized MultithreadedTaskDispatcher with 12 workers.
 -> (artifact id: 'e9195fdd64521e938fbb7b14f96ab8bb') in 0.001861 seconds
Start importing Packages/com.unity.test-framework/UnityEngine.TestRunner/NUnitExtensions/Runner/DefaultTestWorkItem.cs using Guid(c7cfda246e604b945b12b7afedb094ce) Importer(-1,00000000000000000000000000000000) [PhysX] Initialized MultithreadedTaskDispatcher with 12 workers.
 -> (artifact id: '4d38fda8731a98261ae5265a1e8aafd2') in 0.001713 seconds
Start importing Packages/com.unity.test-framework/UnityEditor.TestRunner/Api/ICallbacksHolder.cs using Guid(d742f2caefd9f934d9f19dad07a08e6f) Importer(-1,00000000000000000000000000000000) [PhysX] Initialized MultithreadedTaskDispatcher with 12 workers.
 -> (artifact id: '74cdd1061d041a792504589f28874ef5') in 0.001707 seconds
Start importing Packages/com.unity.test-framework/UnityEditor.TestRunner/GUI/TestAssets/ITestScriptAssetsCreator.cs using Guid(e7f72702c2f04b999739380ef9c0de5f) Importer(-1,00000000000000000000000000000000) [PhysX] Initialized MultithreadedTaskDispatcher with 12 workers.
 -> (artifact id: '217d2eda87279133cab560f2154c553a') in 0.002032 seconds
Start importing Assets/_Game/Scripts/Testing/TestBuffBuildingAI.cs using Guid(e75b715116d277742b5ab59f3b96fc00) Importer(-1,00000000000000000000000000000000) [PhysX] Initialized MultithreadedTaskDispatcher with 12 workers.
 -> (artifact id: '2c6e58f0077b440f55346e10feb8e2bb') in 0.001647 seconds
Start importing Packages/com.unity.ugui/Editor/UI/ScrollbarEditor.cs using Guid(f700f31b2e40d7f4bb69753fdbbbc2b5) Importer(-1,00000000000000000000000000000000) [PhysX] Initialized MultithreadedTaskDispatcher with 12 workers.
 -> (artifact id: '107d533ef6fffee16e6a76f3358bcb2e') in 0.001736 seconds
Start importing Packages/com.unity.test-framework/UnityEditor.TestRunner/GUI/Controls/SelectableItemContent.cs using Guid(f7d5e5417ccd4aa0bfa39228c674f142) Importer(-1,00000000000000000000000000000000) [PhysX] Initialized MultithreadedTaskDispatcher with 12 workers.
 -> (artifact id: '886017e0e1f9fe4bc70aee6ff42dd0b8') in 0.003629 seconds
Start importing Assets/_Game/Tests/EditMode/GridSystemTests.cs using Guid(f7a86c0368529af44ad9e8e8ef837360) Importer(-1,00000000000000000000000000000000) [PhysX] Initialized MultithreadedTaskDispatcher with 12 workers.
 -> (artifact id: 'fe7f23f9d1e95d4eded3122941e46c9c') in 0.002003 seconds
Start importing Packages/com.unity.ugui/Tests/Runtime/Canvas/RectangleContainsScreenPointTest.cs using Guid(08a8587e5f07fb64f88a0cbe2ebe327e) Importer(-1,00000000000000000000000000000000) [PhysX] Initialized MultithreadedTaskDispatcher with 12 workers.
 -> (artifact id: '2d88f58b31b363a0186735a277dcc86a') in 0.001899 seconds
Start importing Packages/com.unity.test-framework/UnityEditor.TestRunner/CommandLineTest/Executer.cs using Guid(083c6a3a5426382449369ddc12b691d8) Importer(-1,00000000000000000000000000000000) [PhysX] Initialized MultithreadedTaskDispatcher with 12 workers.
 -> (artifact id: '8a29480366f7c2794c44658015b1d9a5') in 0.001824 seconds
Start importing Packages/com.unity.test-framework/UnityEditor.TestRunner/UnityTestProtocol/Messages/TestPlanMessage.cs using Guid(28f79a0d7e64c2345bc46f8c4cf788f8) Importer(-1,00000000000000000000000000000000) [PhysX] Initialized MultithreadedTaskDispatcher with 12 workers.
 -> (artifact id: '2bd3e1d5866ff5f247c2bc73f43ea4cc') in 0.001776 seconds
Start importing Packages/com.unity.test-framework/UnityEditor.TestRunner/TestRunner/Utils/IEditorCompilationInterfaceProxy.cs using Guid(28c8fcb831e6e734a9f564bc4f495eba) Importer(-1,00000000000000000000000000000000) [PhysX] Initialized MultithreadedTaskDispatcher with 12 workers.
 -> (artifact id: 'a31e1b9524c026a3fe449ce10afd8d89') in 0.001699 seconds
Start importing Packages/com.unity.test-framework/UnityEngine.TestRunner/Utils/ITestRunCallback.cs using Guid(38d0b8a87b967304da08a2ae9b955066) Importer(-1,00000000000000000000000000000000) [PhysX] Initialized MultithreadedTaskDispatcher with 12 workers.
 -> (artifact id: '92ec280365570e5419584d1956a8c96d') in 0.001748 seconds
Start importing Packages/com.unity.test-framework/UnityEngine.TestRunner/NUnitExtensions/Attributes/TestMustExpectAllLogsAttribute.cs using Guid(3803f736886e77842995ddbc3531afaa) Importer(-1,00000000000000000000000000000000) [PhysX] Initialized MultithreadedTaskDispatcher with 12 workers.
 -> (artifact id: '4401ca9a9f1a9546cbfa93ac88dbc7ca') in 0.002546 seconds
Start importing Packages/com.unity.test-framework/UnityEngine.TestRunner/NUnitExtensions/Runner/UnityLogCheckDelegatingCommand.cs using Guid(48230e4e90fb4d14a9d56bddea898413) Importer(-1,00000000000000000000000000000000) [PhysX] Initialized MultithreadedTaskDispatcher with 12 workers.
 -> (artifact id: '7dfbaec316b0c434f6d43381655e18ed') in 0.001754 seconds
Start importing Packages/com.unity.test-framework/UnityEditor.TestRunner/Api/CallbacksHolder.cs using Guid(4884ccc3528cb2e40a0e6f0a19a2b35b) Importer(-1,00000000000000000000000000000000) [PhysX] Initialized MultithreadedTaskDispatcher with 12 workers.
 -> (artifact id: '6b645cc30bcfb0200c98c73b3ae503cd') in 0.001665 seconds
Start importing Packages/com.unity.test-framework/UnityEditor.TestRunner/TestRun/Tasks/ExitPlayModeTask.cs using Guid(5842bd968af34a328bb5a3f3c78db54a) Importer(-1,00000000000000000000000000000000) [PhysX] Initialized MultithreadedTaskDispatcher with 12 workers.
 -> (artifact id: '7f95cfb4e8b3a03d6611c6237e245a59') in 0.001752 seconds
Start importing Packages/com.unity.test-framework/UnityEditor.TestRunner/UnityTestProtocol/Data/ScreenSettings.cs using Guid(58a43a62ecbe444d963930822e17d4cd) Importer(-1,00000000000000000000000000000000) [PhysX] Initialized MultithreadedTaskDispatcher with 12 workers.
 -> (artifact id: '941341fe0961b96b3f7881d3a477caac') in 0.001752 seconds
Start importing Packages/com.unity.ugui/Tests/Runtime/Layout/LayoutGroupScaling.cs using Guid(589533fb2413e3e4fba7df13a6a75bf2) Importer(-1,00000000000000000000000000000000) [PhysX] Initialized MultithreadedTaskDispatcher with 12 workers.
 -> (artifact id: '7d0ffcca4e19c54994c494925dee85ac') in 0.001513 seconds
Start importing Packages/com.unity.ugui/Editor/UI/RectMask2DEditor.cs using Guid(58e7d991249847640b1534192721c5ea) Importer(-1,00000000000000000000000000000000) [PhysX] Initialized MultithreadedTaskDispatcher with 12 workers.
 -> (artifact id: 'b2076a0b28f1a3b12abcbc9fd3991e3b') in 0.001679 seconds
Start importing Assets/_Game/Scripts/Battle/BattleManager.cs using Guid(58a8e12af39ee1e4fb21ba57de5ff520) Importer(-1,00000000000000000000000000000000) [PhysX] Initialized MultithreadedTaskDispatcher with 12 workers.
 -> (artifact id: '7f7e690ba98feeeee8f7f44e60b88cf2') in 0.001972 seconds
Start importing Packages/com.unity.test-framework/UnityEngine.TestRunner/Utils/Vector2EqualityComparer.cs using Guid(58ad09607a0d62d458a78d7174665566) Importer(-1,00000000000000000000000000000000) [PhysX] Initialized MultithreadedTaskDispatcher with 12 workers.
 -> (artifact id: '5303b3f781f5d0da17c210490d195702') in 0.003137 seconds
Start importing Packages/com.unity.test-framework/UnityEngine.TestRunner/Utils/TestRunCallbackListener.cs using Guid(68f09f0f82599b5448579854e622a4c1) Importer(-1,00000000000000000000000000000000) [PhysX] Initialized MultithreadedTaskDispatcher with 12 workers.
 -> (artifact id: '06d976a3963c81c6ca7fa0678308955e') in 0.002002 seconds
Start importing Packages/com.unity.test-framework/UnityEngine.TestRunner/Assertions/ConstraintsExtensions.cs using Guid(68a48d1900320ed458e118415857faf6) Importer(-1,00000000000000000000000000000000) [PhysX] Initialized MultithreadedTaskDispatcher with 12 workers.
 -> (artifact id: '2a98640210b3b83339c1f7174e94bd3b') in 0.001626 seconds
Start importing Packages/com.unity.test-framework/UnityEngine.TestRunner/NUnitExtensions/Runner/FailCommand.cs using Guid(68e5dc8bfd5d72647a93b7f2e1da831a) Importer(-1,00000000000000000000000000000000) [PhysX] Initialized MultithreadedTaskDispatcher with 12 workers.
 -> (artifact id: 'a80bb15f6b74cf87138dc86236ac334c') in 0.001770 seconds
Start importing Packages/com.unity.test-framework/UnityEditor.TestRunner/Api/TestRunnerApi.cs using Guid(68993ba529ae04440916cb7c23bf3279) Importer(-1,00000000000000000000000000000000) [PhysX] Initialized MultithreadedTaskDispatcher with 12 workers.
 -> (artifact id: 'ebdd00c103f1e41dda89b23e432822d8') in 0.001920 seconds
Start importing Packages/com.unity.ugui/Tests/Runtime/ScrollRect/ScrollRectStableLayout.cs using Guid(7883cd788d83a71478342eef943e8150) Importer(-1,00000000000000000000000000000000) [PhysX] Initialized MultithreadedTaskDispatcher with 12 workers.
 -> (artifact id: 'aa22f5ba94bf3d02124af2318b02cdd4') in 0.001897 seconds
Start importing Packages/com.unity.test-framework/UnityEditor.TestRunner/TestRun/Tasks/Scene/SaveModifiedSceneTask.cs using Guid(881143a1a3652e343bdcc07166d6f6f6) Importer(-1,00000000000000000000000000000000) [PhysX] Initialized MultithreadedTaskDispatcher with 12 workers.
 -> (artifact id: '5d7fd2f11a5ebb1e454b2dd9ea9e3406') in 0.003064 seconds
Start importing Packages/com.unity.test-framework/UnityEditor.TestRunner/TestRun/Data/TestProgress.cs using Guid(881a6e4afaf6d1744a7aacea7f268f4c) Importer(-1,00000000000000000000000000000000) [PhysX] Initialized MultithreadedTaskDispatcher with 12 workers.
 -> (artifact id: '8416194c516f2489752cb8254f4f6479') in 0.002713 seconds
Start importing Packages/com.unity.test-framework/UnityEditor.TestRunner/TestRunner/Utils/IEditorAssembliesProxy.cs using Guid(98808b11e78f6c84a841a6b4bc5a29d2) Importer(-1,00000000000000000000000000000000) [PhysX] Initialized MultithreadedTaskDispatcher with 12 workers.
 -> (artifact id: '36abdbe6a99b9284ebf663ae5e293acc') in 0.002621 seconds
Start importing Packages/com.unity.test-framework/UnityEngine.TestRunner/NUnitExtensions/UnityTestAssemblyBuilder.cs using Guid(98ba0396e4b4ee8498a8f097affcfddf) Importer(-1,00000000000000000000000000000000) [PhysX] Initialized MultithreadedTaskDispatcher with 12 workers.
 -> (artifact id: 'c4252ce4b1fd6badec887db955e93b8e') in 0.002160 seconds
Start importing Packages/com.unity.ugui/Runtime/UI/Core/SpecializedCollections/IndexedSet.cs using Guid(a8604e8f13b3be84b8bc0c1507d8f3f6) Importer(-1,00000000000000000000000000000000) [PhysX] Initialized MultithreadedTaskDispatcher with 12 workers.
 -> (artifact id: 'da09ef2d179649a4fe323b2a9e8a8249') in 0.002104 seconds
Start importing Packages/com.unity.test-framework/UnityEditor.TestRunner/Api/Analytics/AnalyticsReporter.cs using Guid(a85430cc5a4a4279a992be322de12b29) Importer(-1,00000000000000000000000000000000) [PhysX] Initialized MultithreadedTaskDispatcher with 12 workers.
 -> (artifact id: '92f350aa9c084ef3031d9f2bc8a9dd2c') in 0.002169 seconds
Start importing Packages/com.unity.test-framework/UnityEditor.TestRunner/TestRun/Tasks/Events/RunFinishedInvocationEvent.cs using Guid(a8ea9765889ae054c9b32cce583af855) Importer(-1,00000000000000000000000000000000) [PhysX] Initialized MultithreadedTaskDispatcher with 12 workers.
 -> (artifact id: 'eb550d7168103cd2490850bf2bad1d50') in 0.002482 seconds
Start importing Packages/com.unity.test-framework/UnityEngine.TestRunner/Assertions/UnhandledLogMessageException.cs using Guid(a8ed4063f2beecd41a234a582202f3c4) Importer(-1,00000000000000000000000000000000) [PhysX] Initialized MultithreadedTaskDispatcher with 12 workers.
 -> (artifact id: 'aaf02d582de67aef54bac2d41cc53d37') in 0.002029 seconds
Start importing Packages/com.unity.ugui/Editor/UI/PropertyDrawers/ColorBlockDrawer.cs using Guid(b825fd5f27403b84f97726dd9c5a5e6f) Importer(-1,00000000000000000000000000000000) [PhysX] Initialized MultithreadedTaskDispatcher with 12 workers.
 -> (artifact id: 'd5b46d791257b5aaa59ab73e6e865c5b') in 0.002481 seconds
Start importing Packages/com.unity.test-framework/UnityEditor.TestRunner/GUI/Views/TestListGUIBase.cs using Guid(b8abb41ceb6f62c45a00197ae59224c1) Importer(-1,00000000000000000000000000000000) [PhysX] Initialized MultithreadedTaskDispatcher with 12 workers.
 -> (artifact id: '97bbdbe9e0d8ad9b8b3040beb73a2d82') in 0.002820 seconds
Start importing Packages/com.unity.test-framework/UnityEditor.TestRunner/NUnitExtension/Attributes/AssetPipelineIgnore.cs using Guid(b88caca58e05ee74486d86fb404c48e2) Importer(-1,00000000000000000000000000000000) [PhysX] Initialized MultithreadedTaskDispatcher with 12 workers.
 -> (artifact id: 'a603c446a6700302e6f86fdbcd94b393') in 0.001941 seconds
Start importing Packages/com.unity.ugui/Editor/UI/GraphicEditor.cs using Guid(c890977a36bfdc849872b9337ab89098) Importer(-1,00000000000000000000000000000000) [PhysX] Initialized MultithreadedTaskDispatcher with 12 workers.
 -> (artifact id: '0b74c165c5f370f331d89c811d2730cb') in 0.001832 seconds
Start importing Packages/com.unity.ugui/Tests/Editor/CanvasRenderer/ChangingHierarchyOfCanvasRenderer.cs using Guid(c825bad77a42dd341a8f0a5ef9cd5f4c) Importer(-1,00000000000000000000000000000000) [PhysX] Initialized MultithreadedTaskDispatcher with 12 workers.
 -> (artifact id: '1d8e6d097c168cae81198aa281e08674') in 0.003570 seconds
Start importing Packages/com.unity.test-framework/UnityEngine.TestRunner/NUnitExtensions/Attributes/ConditionalIgnoreAttribute.cs using Guid(c82a8473f4a8f7b42a004c91e06d2f2b) Importer(-1,00000000000000000000000000000000) [PhysX] Initialized MultithreadedTaskDispatcher with 12 workers.
 -> (artifact id: '4df3fdafa8416232cfe400451982fe34') in 0.002604 seconds
Start importing Assets/_Game/Editor/ToonyRtsManifestBuilder.cs using Guid(c8af4bc85d9afa846b9bb7bef296f00d) Importer(-1,00000000000000000000000000000000) [PhysX] Initialized MultithreadedTaskDispatcher with 12 workers.
 -> (artifact id: '71b75788cc302655f4a783f4e7d4c3e2') in 0.002135 seconds
Start importing Packages/com.unity.ugui/Tests/Runtime/Graphic/GraphicTests.cs using Guid(e88a766c2b8b47841936c136f4afbba9) Importer(-1,00000000000000000000000000000000) [PhysX] Initialized MultithreadedTaskDispatcher with 12 workers.
 -> (artifact id: 'cd325c9d43c1a43c4cdf9abad3b1c953') in 0.001659 seconds
Start importing Packages/com.unity.ugui/Tests/Runtime/InputField/TouchInputFieldTests.cs using Guid(e89ff5e7c669f70409de18c9948164d4) Importer(-1,00000000000000000000000000000000) [PhysX] Initialized MultithreadedTaskDispatcher with 12 workers.
 -> (artifact id: '5cb1723cea0501ae2a976543885635c3') in 0.001491 seconds
Start importing Packages/com.unity.ugui/Editor/UI/MenuOptions.cs using Guid(f867743975592a743a3581ff042bcc25) Importer(-1,00000000000000000000000000000000) [PhysX] Initialized MultithreadedTaskDispatcher with 12 workers.
 -> (artifact id: '6948a2d5744e3b3114db04645b92c3d6') in 0.001535 seconds
Start importing Assets/_Game/Scripts/Battle/ResourceManager.cs using Guid(f87737192be66424a800f67f7ef20d47) Importer(-1,00000000000000000000000000000000) [PhysX] Initialized MultithreadedTaskDispatcher with 12 workers.
 -> (artifact id: '729e33aa1cf8548076b08216079fb2f7') in 0.001707 seconds
Start importing Packages/com.unity.test-framework/UnityEditor.TestRunner/GUI/Controls/SelectionDropDown.cs using Guid(f8f9b43d4e034c2d997f4eb6a0d85a96) Importer(-1,00000000000000000000000000000000) [PhysX] Initialized MultithreadedTaskDispatcher with 12 workers.
 -> (artifact id: 'b07bcd73dc36549b3f9f6d857f580b71') in 0.002155 seconds
Start importing Packages/com.unity.test-framework/UnityEngine.TestRunner/TestRunner/Callbacks/PlayerQuitHandler.cs using Guid(f8ed0b11850145c4995dd76170bb2500) Importer(-1,00000000000000000000000000000000) [PhysX] Initialized MultithreadedTaskDispatcher with 12 workers.
 -> (artifact id: '060d82a0867bc096374c9ea5f54537ec') in 0.001710 seconds
Start importing Packages/com.unity.test-framework/UnityEngine.TestRunner/NUnitExtensions/Commands/EnumerableTestMethodCommand.cs using Guid(19a6f000f81e24c4a826c1abd43e77c7) Importer(-1,00000000000000000000000000000000) [PhysX] Initialized MultithreadedTaskDispatcher with 12 workers.
 -> (artifact id: '843f548f8d2696f1d1732b6c6769d3c0') in 0.001653 seconds
Start importing Packages/com.unity.ugui/Tests/Runtime/EventSystem/InputModuleTests/MouseUpdate.cs using Guid(19c6f364c1e81cb4f829a057824639ad) Importer(-1,00000000000000000000000000000000) [PhysX] Initialized MultithreadedTaskDispatcher with 12 workers.
 -> (artifact id: '3a9178631297a5fae9f315a308768c38') in 0.001598 seconds
Start importing Packages/com.unity.test-framework/UnityEditor.TestRunner/TestRun/Data/RunProgress.cs using Guid(19bb2cdbf1454aae9b90c628fb83ad9b) Importer(-1,00000000000000000000000000000000) [PhysX] Initialized MultithreadedTaskDispatcher with 12 workers.
 -> (artifact id: 'bd118a86a9aa5b67e8e587109a32f8fb') in 0.001935 seconds
Start importing Assets/_Game/Tests/EditMode/PlayableStartupTests.cs using Guid(29f31985fc364374396a99c0d2af78f5) Importer(-1,00000000000000000000000000000000) [PhysX] Initialized MultithreadedTaskDispatcher with 12 workers.
 -> (artifact id: 'db6964cfa0fff7a065b582f4cf515b39') in 0.001781 seconds
Start importing Packages/com.unity.test-framework/UnityEditor.TestRunner/Api/ResultsWriter.cs using Guid(29d603e0a726a9043b3503112271844a) Importer(-1,00000000000000000000000000000000) [PhysX] Initialized MultithreadedTaskDispatcher with 12 workers.
 -> (artifact id: '7a1dab9d7c8e0c503ad28f64690292fd') in 0.001734 seconds
Start importing Packages/com.unity.test-framework/UnityEditor.TestRunner/UnityTestProtocol/Messages/ScreenSettingsMessage.cs using Guid(3936a208997f4266b0b2d48aaca1e904) Importer(-1,00000000000000000000000000000000) [PhysX] Initialized MultithreadedTaskDispatcher with 12 workers.
 -> (artifact id: 'b4b7e26d48ea93c63a6d5292f230dd15') in 0.002142 seconds
Start importing Packages/com.unity.ugui/Tests/Editor/TestBehaviourBase.cs using Guid(393b15da08c88194dbbcacd6ee15a89c) Importer(-1,00000000000000000000000000000000) [PhysX] Initialized MultithreadedTaskDispatcher with 12 workers.
 -> (artifact id: '83f75e9f8dccf4cdd4aa59fff6547a8c') in 0.001646 seconds
Start importing Packages/com.unity.ugui/Runtime/UI/Core/FontUpdateTracker.cs using Guid(39ab466162988eb4f83443f911bbf5c8) Importer(-1,00000000000000000000000000000000) [PhysX] Initialized MultithreadedTaskDispatcher with 12 workers.
 -> (artifact id: '113ce8053778e6ee8b07498e130fc4e3') in 0.001797 seconds
Start importing Packages/com.unity.ugui/Tests/Runtime/EventSystem/SelectableTests.cs using Guid(39dcddcb5895328489c92214aa73e3bb) Importer(-1,00000000000000000000000000000000) [PhysX] Initialized MultithreadedTaskDispatcher with 12 workers.
 -> (artifact id: '9554b4f97a1587a14d168bab90b6c40a') in 0.001637 seconds
Start importing Packages/com.unity.test-framework/UnityEditor.TestRunner/TestRun/Tasks/Platform/PlatformSpecificSetupTask.cs using Guid(49284fdc918b491aa9f4439e6cc59c9c) Importer(-1,00000000000000000000000000000000) [PhysX] Initialized MultithreadedTaskDispatcher with 12 workers.
 -> (artifact id: 'b265e1565cd6dd72789e3025679f43a4') in 0.002076 seconds
Start importing Packages/com.unity.test-framework/UnityEditor.TestRunner/CommandLineTest/RunSettings.cs using Guid(59d3f5586b341a74c84c8f72144a4568) Importer(-1,00000000000000000000000000000000) [PhysX] Initialized MultithreadedTaskDispatcher with 12 workers.
 -> (artifact id: '3145e7b172711c7f63bd7213afbfc069') in 0.001658 seconds
Start importing Packages/com.unity.test-framework/UnityEditor.TestRunner/TestRun/Tasks/Events/RunStartedInvocationEvent.cs using Guid(59267e29055f657429098a57e13debe1) Importer(-1,00000000000000000000000000000000) [PhysX] Initialized MultithreadedTaskDispatcher with 12 workers.
 -> (artifact id: '66b3e44ac5841e3bfd2c51613c0e9e5a') in 0.001894 seconds
Start importing Packages/com.unity.ugui/Runtime/UI/Core/Layout/VerticalLayoutGroup.cs using Guid(59f8146938fff824cb5fd77236b75775) Importer(-1,00000000000000000000000000000000) [PhysX] Initialized MultithreadedTaskDispatcher with 12 workers.
 -> (artifact id: '4dcb3deda044ad31b583b9cddd436a3d') in 0.001681 seconds
Start importing Packages/com.unity.test-framework/UnityEngine.TestRunner/NUnitExtensions/Runner/UnityTestExecutionContext.cs using Guid(59ff995fabb3bac45afa0f96f333e5dc) Importer(-1,00000000000000000000000000000000) [PhysX] Initialized MultithreadedTaskDispatcher with 12 workers.
 -> (artifact id: '83221aeed5121c56672ebe36300f4a6a') in 0.003321 seconds
Start importing Packages/com.unity.ugui/Runtime/UI/Core/GraphicRegistry.cs using Guid(69e3979b7029e8a4da2d96b714ba5c3a) Importer(-1,00000000000000000000000000000000) [PhysX] Initialized MultithreadedTaskDispatcher with 12 workers.
 -> (artifact id: '5266356ec7a4656625374e10ad81d755') in 0.001788 seconds
Start importing Packages/com.unity.test-framework/UnityEditor.TestRunner/TestLaunchers/PlayerLauncherContextSettings.cs using Guid(6965880f76f40194593cb53a88f74005) Importer(-1,00000000000000000000000000000000) [PhysX] Initialized MultithreadedTaskDispatcher with 12 workers.
 -> (artifact id: '9afa929e88d43a0cf8af4e77126eb83f') in 0.001784 seconds
Start importing Packages/com.unity.test-framework/UnityEditor.TestRunner/Api/Analytics/TestTreeData.cs using Guid(697ab794770540d6951f83d62b8fa444) Importer(-1,00000000000000000000000000000000) [PhysX] Initialized MultithreadedTaskDispatcher with 12 workers.
 -> (artifact id: '64975ab3795da0fdad2637330fd5e762') in 0.001477 seconds
Start importing Packages/com.unity.ugui/Runtime/UI/Core/StencilMaterial.cs using Guid(69ae55f76840b2849ba56cfb53a17df0) Importer(-1,00000000000000000000000000000000) [PhysX] Initialized MultithreadedTaskDispatcher with 12 workers.
 -> (artifact id: '913b1e2a943662fcf61c2372e6a68c45') in 0.001686 seconds
Start importing Packages/com.unity.ugui/Tests/Editor/Canvas/RootCanvasTests.cs using Guid(798968d841703b54bb9d08b1da6bc52f) Importer(-1,00000000000000000000000000000000) [PhysX] Initialized MultithreadedTaskDispatcher with 12 workers.
 -> (artifact id: '75d01835ad2562515ded0a9abf4042c6') in 0.001817 seconds
Start importing Packages/com.unity.test-framework/UnityEngine.TestRunner/NUnitExtensions/Runner/UnityWorkItem.cs using Guid(79ced2556f0af814a840b86232613ff1) Importer(-1,00000000000000000000000000000000) [PhysX] Initialized MultithreadedTaskDispatcher with 12 workers.
 -> (artifact id: '9ee2af6ae8268d2d9d8fd4f0f9b5a6b9') in 0.004452 seconds
Start importing Packages/com.unity.ugui/Editor/UI/LayoutPropertiesPreview.cs using Guid(794f3951c48395848920fdb593a2ae38) Importer(-1,00000000000000000000000000000000) [PhysX] Initialized MultithreadedTaskDispatcher with 12 workers.
 -> (artifact id: 'eacf9655bf3b898342116465296b9893') in 0.002485 seconds
Start importing Packages/com.unity.test-framework/UnityEngine.TestRunner/TestRunner/Messages/IEditModeTestYieldInstruction.cs using Guid(898bc38486fc899428fbe5bd6adfe473) Importer(-1,00000000000000000000000000000000) [PhysX] Initialized MultithreadedTaskDispatcher with 12 workers.
 -> (artifact id: '8a3b14d7bd2f7871aae1fb3d0eff6ee0') in 0.002495 seconds
Start importing Packages/com.unity.test-framework/UnityEngine.TestRunner/Assertions/LogScope/LogMatch.cs using Guid(9945ffed4692c6044b6d3acf81efd694) Importer(-1,00000000000000000000000000000000) [PhysX] Initialized MultithreadedTaskDispatcher with 12 workers.
 -> (artifact id: '639918f7dd2c2ee47261f296fcd9cdc7') in 0.002526 seconds
Start importing Packages/com.unity.test-framework/UnityEditor.TestRunner/TestLaunchers/Helpers/DelayedCallback.cs using Guid(b9d121df8c444236a5b38ccfadfdd1a7) Importer(-1,00000000000000000000000000000000) [PhysX] Initialized MultithreadedTaskDispatcher with 12 workers.
 -> (artifact id: '095a47957f41d3daf7051454619ed3a9') in 0.002782 seconds
Start importing Packages/com.unity.test-framework/UnityEngine.TestRunner/Utils/IOuterUnityTestAction.cs using Guid(b9c2a6302985d3846b7b9f6fd9e2da9a) Importer(-1,00000000000000000000000000000000) [PhysX] Initialized MultithreadedTaskDispatcher with 12 workers.
 -> (artifact id: '40ebefa64f9bb1cc8c11382a9886ebb4') in 0.003328 seconds
Start importing Packages/com.unity.test-framework/UnityEngine.TestRunner/NUnitExtensions/Runner/FeatureFlags.cs using Guid(b97961a82e5e4e66b8f6fa0ce8b5b9e2) Importer(-1,00000000000000000000000000000000) [PhysX] Initialized MultithreadedTaskDispatcher with 12 workers.
 -> (artifact id: 'f5298fde1f03120b57ce992b91f7b07f') in 0.002318 seconds
Start importing Packages/com.unity.ugui/Runtime/UI/Core/SetPropertyUtility.cs using Guid(b9ba34e0b1884454fbc4257260e22b64) Importer(-1,00000000000000000000000000000000) [PhysX] Initialized MultithreadedTaskDispatcher with 12 workers.
 -> (artifact id: 'ace0959ef76ae94a1badc079f9a87f39') in 0.002054 seconds
Start importing Packages/com.unity.ugui/Tests/Runtime/Layout/GridLayoutGroupTests.cs using Guid(b9eb962217e00bf4fbc734e109991fca) Importer(-1,00000000000000000000000000000000) [PhysX] Initialized MultithreadedTaskDispatcher with 12 workers.
 -> (artifact id: '794d980c82437cdd7850b6caf6c5be29') in 0.001776 seconds
Start importing Packages/com.unity.test-framework/UnityEngine.TestRunner/TestRunner/SynchronousFilter.cs using Guid(b9aec9d3b0a86466ab4647d01e8fc87d) Importer(-1,00000000000000000000000000000000) [PhysX] Initialized MultithreadedTaskDispatcher with 12 workers.
 -> (artifact id: 'e0c50d4f9d20d55177992aea9d4d97fc') in 0.004532 seconds
Start importing Packages/com.unity.test-framework/UnityEditor.TestRunner/TestRun/Tasks/LegacyPlayerRunTask.cs using Guid(b93fe5bbea454ae438fcec241c5fa85b) Importer(-1,00000000000000000000000000000000) [PhysX] Initialized MultithreadedTaskDispatcher with 12 workers.
 -> (artifact id: '5b4429b2e5500022a63155e9113c70de') in 0.001692 seconds
Start importing Packages/com.unity.test-framework/UnityEditor.TestRunner/TestRunner/EditModeRunner.cs using Guid(c9219e99d466b7741a057132d1994f35) Importer(-1,00000000000000000000000000000000) [PhysX] Initialized MultithreadedTaskDispatcher with 12 workers.
 -> (artifact id: '6ba00e8e45b2dca29a3a59fcbb2375a5') in 0.002751 seconds
Start importing Packages/com.unity.test-framework/UnityEditor.TestRunner/TestRunner/Utils/EditorCompilationInterfaceProxy.cs using Guid(c9b23632c77de204abfe8bf7168d48c0) Importer(-1,00000000000000000000000000000000) [PhysX] Initialized MultithreadedTaskDispatcher with 12 workers.
 -> (artifact id: 'a51ca3dc16520efee940fa8b6316d268') in 0.001944 seconds
Start importing Packages/com.unity.test-framework/UnityEngine.TestRunner/Assertions/LogAssert.cs using Guid(c97b794b51780d349a16826a4c7898d7) Importer(-1,00000000000000000000000000000000) [PhysX] Initialized MultithreadedTaskDispatcher with 12 workers.
 -> (artifact id: '22f95c176b19c05253b483cb96ebb127') in 0.001905 seconds
Start importing Packages/com.unity.test-framework/UnityEditor.TestRunner/TestLaunchers/PlayerLauncher.cs using Guid(d973fc1524e4d724081553934c55958c) Importer(-1,00000000000000000000000000000000) [PhysX] Initialized MultithreadedTaskDispatcher with 12 workers.
 -> (artifact id: '558beb5bb1a68decfb79547dc97b273f') in 0.001997 seconds
Start importing Packages/com.unity.test-framework/UnityEditor.TestRunner/TestRun/Tasks/Events/RegisterTestRunCallbackEventsTask.cs using Guid(d9b3520efe42f4ee887f8b99b7e1deae) Importer(-1,00000000000000000000000000000000) [PhysX] Initialized MultithreadedTaskDispatcher with 12 workers.
 -> (artifact id: '22c35d96e0f992e42be6ec48331a5a86') in 0.001882 seconds
Start importing Packages/com.unity.ugui/Tests/Runtime/ScrollRect/ScrollRectTests.cs using Guid(d925cabd9ecd5074aadab0726b96c38f) Importer(-1,00000000000000000000000000000000) [PhysX] Initialized MultithreadedTaskDispatcher with 12 workers.
 -> (artifact id: 'ede79064e8520463370427026b484e72') in 0.001600 seconds
Start importing Assets/_Game/Scripts/Testing/TestBootstrap.cs using Guid(d9e97971463f1b044b04d7203b6213b4) Importer(-1,00000000000000000000000000000000) [PhysX] Initialized MultithreadedTaskDispatcher with 12 workers.
 -> (artifact id: '4379105dcee5dad89cf411ca7b2618af') in 0.001551 seconds
Start importing Packages/com.unity.ugui/Tests/Runtime/LayoutGroup/LayoutGroupArrangement.cs using Guid(e9a32780b69dcdb438da3e3f43202f54) Importer(-1,00000000000000000000000000000000) [PhysX] Initialized MultithreadedTaskDispatcher with 12 workers.
 -> (artifact id: 'cd60be06d43c918aa441da527cb4199d') in 0.002520 seconds
Start importing Packages/com.unity.ugui/Editor/UI/SelectableEditor.cs using Guid(e9253e696cd45794d9aec6d4de366b6e) Importer(-1,00000000000000000000000000000000) [PhysX] Initialized MultithreadedTaskDispatcher with 12 workers.
 -> (artifact id: 'f1751620508edf78ce39f65197ae7e79') in 0.001672 seconds
Start importing Packages/com.unity.test-framework/UnityEngine.TestRunner/NUnitExtensions/Attributes/ParametrizedIgnoreAttribute.cs using Guid(e9c53c5109a7498ca4408e53f2593b1a) Importer(-1,00000000000000000000000000000000) [PhysX] Initialized MultithreadedTaskDispatcher with 12 workers.
 -> (artifact id: '8cbc2dd8bdc221563db36d2e27a6b1ab') in 0.001870 seconds
Start importing Packages/com.unity.ugui/Editor/EventSystem/PhysicsRaycasterEditor.cs using Guid(e976a5e755c7016418f66e15223c1b90) Importer(-1,00000000000000000000000000000000) [PhysX] Initialized MultithreadedTaskDispatcher with 12 workers.
 -> (artifact id: '68d39307cbb820e4cf0fa15d327cddf9') in 0.001660 seconds
Start importing Packages/com.unity.test-framework/UnityEngine.TestRunner/NUnitExtensions/Filters/NonExplicitFilter.cs using Guid(e948790d8b7e42e2abef6c45c5bc4c76) Importer(-1,00000000000000000000000000000000) [PhysX] Initialized MultithreadedTaskDispatcher with 12 workers.
 -> (artifact id: 'c003a97092fe6ce0f06246d79d3127d2') in 0.001631 seconds
Start importing Packages/com.unity.ugui/Tests/Runtime/ScrollRect/ScrollRectScale.cs using Guid(e9cac674d67385249b2805670e618c24) Importer(-1,00000000000000000000000000000000) [PhysX] Initialized MultithreadedTaskDispatcher with 12 workers.
 -> (artifact id: '461249e3ec79a81720563693021e98e5') in 0.001507 seconds
Start importing Assets/_Game/Scripts/UI/BattleHUD.cs using Guid(e99d7c87eb94de44ea6c60cf45832229) Importer(-1,00000000000000000000000000000000) [PhysX] Initialized MultithreadedTaskDispatcher with 12 workers.
 -> (artifact id: '84504d8643346c6a3278b9cab9fb51a0') in 0.001652 seconds
Start importing Packages/com.unity.test-framework/UnityEditor.TestRunner/TestRunner/Utils/EditorAssembliesProxy.cs using Guid(f96d0ea807c081145a1170ed1b6d71e0) Importer(-1,00000000000000000000000000000000) [PhysX] Initialized MultithreadedTaskDispatcher with 12 workers.
 -> (artifact id: '2df72c8a93ee2272b1854663bb46f17f') in 0.001625 seconds
Start importing Packages/com.unity.ugui/Runtime/EventSystem/UIBehaviour.cs using Guid(0aaa057ce5566e940b18a0ccd0344693) Importer(-1,00000000000000000000000000000000) [PhysX] Initialized MultithreadedTaskDispatcher with 12 workers.
 -> (artifact id: '0776c19390cb8ad1573102823992e804') in 0.002172 seconds
Start importing Packages/com.unity.ugui/Tests/Runtime/Image/ImageFilledGenerateWork.cs using Guid(1a70a790a43cd0d4a96f75746841f764) Importer(-1,00000000000000000000000000000000) [PhysX] Initialized MultithreadedTaskDispatcher with 12 workers.
 -> (artifact id: '1a8817f6e07f7dc3b79aacc36a765f46') in 0.001590 seconds
Start importing Packages/com.unity.ugui/Runtime/UI/Core/ScrollRect.cs using Guid(1aa08ab6e0800fa44ae55d278d1423e3) Importer(-1,00000000000000000000000000000000) [PhysX] Initialized MultithreadedTaskDispatcher with 12 workers.
 -> (artifact id: '6d7ce8e025a33e4827b486b97ab2e818') in 0.001639 seconds
Start importing Packages/com.unity.test-framework/UnityEditor.TestRunner/UnityTestProtocol/UnityTestProtocolStarter.cs using Guid(1ac58cb55fc8daf4abd3945a2bbbb0c5) Importer(-1,00000000000000000000000000000000) [PhysX] Initialized MultithreadedTaskDispatcher with 12 workers.
 -> (artifact id: '0cdd91cc540ff4d82950e5b8082a678d') in 0.001613 seconds
Start importing Packages/com.unity.test-framework/UnityEditor.TestRunner/Api/IErrorCallbacks.cs using Guid(1a06c562b0c5eb046bcb876a29f93c98) Importer(-1,00000000000000000000000000000000) [PhysX] Initialized MultithreadedTaskDispatcher with 12 workers.
 -> (artifact id: 'c00c3ba66842993bca5e4b577da38f01') in 0.001738 seconds
Start importing Packages/com.unity.ugui/Tests/Runtime/Canvas/BridgeScriptForRetainingObjects.cs using Guid(1a26e19d51cbfac42a02631ad1f9e39e) Importer(-1,00000000000000000000000000000000) [PhysX] Initialized MultithreadedTaskDispatcher with 12 workers.
 -> (artifact id: 'd46180bf5348af037b61a77b3a0d624f') in 0.001761 seconds
Start importing Packages/com.unity.test-framework/UnityEditor.TestRunner/TestRun/Tasks/EnableTestOutLoggerTask.cs using Guid(1a9f3fcee3bd2334593373b00d7b5ca2) Importer(-1,00000000000000000000000000000000) [PhysX] Initialized MultithreadedTaskDispatcher with 12 workers.
 -> (artifact id: 'f14d47891c2fa6228174f3906dbb1b94') in 0.001667 seconds
Start importing Packages/com.unity.test-framework/UnityEditor.TestRunner/Api/ITestRunSettings.cs using Guid(2ae2ce6274819484fa8747a28cebdf3a) Importer(-1,00000000000000000000000000000000) [PhysX] Initialized MultithreadedTaskDispatcher with 12 workers.
 -> (artifact id: '1779ac68b8e9e10ccc3e6a1c6ca4d50d') in 0.002661 seconds
Start importing Packages/com.unity.test-framework/UnityEditor.TestRunner/TestLaunchers/Helpers/PlayerLauncherBuildOptions.cs using Guid(2a0bd678385f98e4d8eabdfc07d62b4f) Importer(-1,00000000000000000000000000000000) [PhysX] Initialized MultithreadedTaskDispatcher with 12 workers.
 -> (artifact id: '5036839df746d38546ad96c0b92264bb') in 0.002550 seconds
Start importing Packages/com.unity.ugui/Runtime/UI/Core/Scrollbar.cs using Guid(2a4db7a114972834c8e4117be1d82ba3) Importer(-1,00000000000000000000000000000000) [PhysX] Initialized MultithreadedTaskDispatcher with 12 workers.
 -> (artifact id: '70e28e3050c6af38ecdfc7c8aed132f2') in 0.001648 seconds
Start importing Packages/com.unity.ugui/Tests/Editor/EventSystem/InterceptedEventsPreviewTests.cs using Guid(2aff4fada0516c64a8537a20bfe1b699) Importer(-1,00000000000000000000000000000000) [PhysX] Initialized MultithreadedTaskDispatcher with 12 workers.
 -> (artifact id: 'e7f840e8fbdaa970166335e3b0aa09d6') in 0.001594 seconds
Start importing Assets/_Game/Scripts/Data/StageData.cs using Guid(3a2a22eaa2358d849a08163feb5048ef) Importer(-1,00000000000000000000000000000000) [PhysX] Initialized MultithreadedTaskDispatcher with 12 workers.
 -> (artifact id: '6384ac594948a35d0aaae33477e634bb') in 0.001690 seconds
Start importing Assets/_Game/Scripts/Units/UnitAI.cs using Guid(3a9dd6ac9d76aa249acf1479b0b04012) Importer(-1,00000000000000000000000000000000) [PhysX] Initialized MultithreadedTaskDispatcher with 12 workers.
 -> (artifact id: '7d3c4622fe15ce301e543f5dc2beb6ba') in 0.001669 seconds
Start importing Packages/com.unity.ugui/Tests/Editor/EventSystem/EventTriggerRemoveDuringExecution.cs using Guid(4adb1f65bbae8004a88d8f5bc3523298) Importer(-1,00000000000000000000000000000000) [PhysX] Initialized MultithreadedTaskDispatcher with 12 workers.
 -> (artifact id: '732560e592e349da0b56c469c9632e0d') in 0.001451 seconds
Start importing Packages/com.unity.ugui/Tests/Runtime/Layout/HorizonalLayoutGroupTests.cs using Guid(5af3322745e78aa488fca5a2090f8755) Importer(-1,00000000000000000000000000000000) [PhysX] Initialized MultithreadedTaskDispatcher with 12 workers.
 -> (artifact id: '81b7dd5025d9540799164fbec82cbf0a') in 0.001437 seconds
Start importing Packages/com.unity.test-framework/UnityEngine.TestRunner/TestRunner/TestTaskWrapper.cs using Guid(5aec7938f118041779fb739b38477100) Importer(-1,00000000000000000000000000000000) [PhysX] Initialized MultithreadedTaskDispatcher with 12 workers.
 -> (artifact id: 'abaf754fc8982c9615ba360d1dd899d9') in 0.002821 seconds
Start importing Packages/com.unity.test-framework/UnityEditor.TestRunner/GUI/TestRunnerGUI.cs using Guid(5a0dfda606a24736913c00edd76e55f6) Importer(-1,00000000000000000000000000000000) [PhysX] Initialized MultithreadedTaskDispatcher with 12 workers.
 -> (artifact id: 'd58bd2a365bb5b54c781d8d224f35c9e') in 0.001681 seconds
Start importing Packages/com.unity.ugui/Tests/Editor/InputField/ContentValidation.cs using Guid(5a2e98b03511c6f43bc645238cd40857) Importer(-1,00000000000000000000000000000000) [PhysX] Initialized MultithreadedTaskDispatcher with 12 workers.
 -> (artifact id: '999f19b6f3e1cd5eea29e0013356565b') in 0.001462 seconds
Start importing Packages/com.unity.ugui/Editor/UI/GridLayoutGroupEditor.cs using Guid(6a981cd1456bec84b86e1c66773f57f5) Importer(-1,00000000000000000000000000000000) [PhysX] Initialized MultithreadedTaskDispatcher with 12 workers.
 -> (artifact id: '1d40cc611743e9c198e05a07e6f42b22') in 0.001502 seconds
Start importing Packages/com.unity.test-framework/UnityEngine.TestRunner/NUnitExtensions/OrderedTestSuiteModifier.cs using Guid(6a3af79041a1431ab3a2a9395a7ed2ae) Importer(-1,00000000000000000000000000000000) [PhysX] Initialized MultithreadedTaskDispatcher with 12 workers.
 -> (artifact id: 'ad387b042af0e153cdcee67d3bf4c75b') in 0.001431 seconds
Start importing Assets/_Game/Scripts/Base/BaseBuilderManager.cs using Guid(7a54497def127c446bc0159ce891bf0e) Importer(-1,00000000000000000000000000000000) [PhysX] Initialized MultithreadedTaskDispatcher with 12 workers.
 -> (artifact id: 'e83bd6f3edaada5d6dc60a1c775696c7') in 0.001524 seconds
Start importing Packages/com.unity.test-framework/UnityEngine.TestRunner/NUnitExtensions/Attributes/UnityCombinatorialStrategy.cs using Guid(7af6ac3e6b51b8d4aab04adc85b8de2f) Importer(-1,00000000000000000000000000000000) [PhysX] Initialized MultithreadedTaskDispatcher with 12 workers.
 -> (artifact id: 'cbaff2e68dbf9575ef8d96ecf1ac59af') in 0.001642 seconds
Start importing Packages/com.unity.ugui/Runtime/UI/Core/Selectable.cs using Guid(7a98125502f715b4b83cfb77b434e436) Importer(-1,00000000000000000000000000000000) [PhysX] Initialized MultithreadedTaskDispatcher with 12 workers.
 -> (artifact id: '9b1160db41df82b5439d7cbb2f71c199') in 0.001731 seconds
Start importing Packages/com.unity.ugui/Runtime/EventSystem/UIElements/PanelRaycaster.cs using Guid(7a79c4e23d4d4b64bfa5fa9e6671a460) Importer(-1,00000000000000000000000000000000) [PhysX] Initialized MultithreadedTaskDispatcher with 12 workers.
 -> (artifact id: 'a2b1c9dd3010eb7339fa1e0a3b5735cb') in 0.002128 seconds
Start importing Assets/_Game/Tests/EditMode/MobileBattleHudTests.cs using Guid(8a300a71845abb841a9d208721e13671) Importer(-1,00000000000000000000000000000000) [PhysX] Initialized MultithreadedTaskDispatcher with 12 workers.
 -> (artifact id: '7a72fa54ceeb976103d57fd70ffebc6a') in 0.001690 seconds
Start importing Packages/com.unity.ugui/Runtime/EventSystem/UIElements/PanelEventHandler.cs using Guid(8a410b213209442fb15a69799f0240a5) Importer(-1,00000000000000000000000000000000) [PhysX] Initialized MultithreadedTaskDispatcher with 12 workers.
 -> (artifact id: '076e0275eba05cd4d164a64254693a60') in 0.001685 seconds
Start importing Packages/com.unity.test-framework/UnityEditor.TestRunner/CommandLineTest/ISettingsBuilder.cs using Guid(8a13cbeb2099aca47bb456f49845f86c) Importer(-1,00000000000000000000000000000000) [PhysX] Initialized MultithreadedTaskDispatcher with 12 workers.
 -> (artifact id: 'a613377fa9c653b456b2051ac5d5605d') in 0.001834 seconds
Start importing Packages/com.unity.test-framework/UnityEditor.TestRunner/Api/TestRunProgress.cs using Guid(8a06b6fbaa6f4191aa47b7e31242f061) Importer(-1,00000000000000000000000000000000) [PhysX] Initialized MultithreadedTaskDispatcher with 12 workers.
 -> (artifact id: 'bfe760dd4c9a5dc267a6d83488d54b58') in 0.001929 seconds
Start importing Packages/com.unity.ugui/Runtime/UI/Core/Layout/GridLayoutGroup.cs using Guid(8a8695521f0d02e499659fee002a26c2) Importer(-1,00000000000000000000000000000000) [PhysX] Initialized MultithreadedTaskDispatcher with 12 workers.
 -> (artifact id: 'd9057d2a83a077cc965f34aac9f3cad7') in 0.001970 seconds
Start importing Packages/com.unity.ugui/Tests/Runtime/Layout/VerticalLayoutGroupTests.cs using Guid(8a4b6301a5afaec4cb87d21383ceb0b3) Importer(-1,00000000000000000000000000000000) [PhysX] Initialized MultithreadedTaskDispatcher with 12 workers.
 -> (artifact id: '764d9f5327dcd1e587833cacba8f92cf') in 0.002080 seconds
Start importing Packages/com.unity.test-framework/UnityEngine.TestRunner/TestRunner/TestEnumeratorWrapper.cs using Guid(9ad0b0c865b01af4ca1b414689e71259) Importer(-1,00000000000000000000000000000000) [PhysX] Initialized MultithreadedTaskDispatcher with 12 workers.
 -> (artifact id: '624692d15ed9044fe3265a8003684ce0') in 0.002591 seconds
Start importing Packages/com.unity.test-framework/UnityEngine.TestRunner/NUnitExtensions/Commands/EnumerableMaxTimeCommand.cs using Guid(aa5dd1a9432747fd89501213ba621de6) Importer(-1,00000000000000000000000000000000) [PhysX] Initialized MultithreadedTaskDispatcher with 12 workers.
 -> (artifact id: '3216811c78d2b1646ebc540340508197') in 0.001893 seconds
Start importing Packages/com.unity.test-framework/UnityEditor.TestRunner/UnityTestProtocol/Messages/PlayerSettingsMessage.cs using Guid(aa5e75ed0aae4030a1720d08f7a5322e) Importer(-1,00000000000000000000000000000000) [PhysX] Initialized MultithreadedTaskDispatcher with 12 workers.
 -> (artifact id: 'aa610e98a9ed41e64b40ddd404a93190') in 0.002079 seconds
Start importing Packages/com.unity.test-framework/UnityEditor.TestRunner/Api/TestMode.cs using Guid(cad095eccea17b741bc4cd264e7441cd) Importer(-1,00000000000000000000000000000000) [PhysX] Initialized MultithreadedTaskDispatcher with 12 workers.
 -> (artifact id: 'ef6e2f44be9905cd38ca61045d823ac1') in 0.001655 seconds
Start importing Assets/_Game/Scripts/Data/UnitData.cs using Guid(da54fbeaeafd2984f95726e21c5c72eb) Importer(-1,00000000000000000000000000000000) [PhysX] Initialized MultithreadedTaskDispatcher with 12 workers.
 -> (artifact id: '09cb7ab6b845a3cd944947dddb67f59d') in 0.001876 seconds
Start importing Assets/_Game/Scripts/Battle/SpawnZone.cs using Guid(ea61d0897ab045945bc6fe329ed3c8b5) Importer(-1,00000000000000000000000000000000) [PhysX] Initialized MultithreadedTaskDispatcher with 12 workers.
 -> (artifact id: '8cff77f59b536b770c7ca9f31679d066') in 0.001638 seconds
Start importing Packages/com.unity.ugui/Tests/Runtime/Util/PrivateFieldSetter.cs using Guid(ea944378afa086f438b3352ad7b0e835) Importer(-1,00000000000000000000000000000000) [PhysX] Initialized MultithreadedTaskDispatcher with 12 workers.
 -> (artifact id: 'b2d6d61fa0ebd6599c9ff08df91bd58b') in 0.002621 seconds
Start importing Packages/com.unity.test-framework/UnityEditor.TestRunner/GUI/Controls/FlagEnumUtility.cs using Guid(ea6cc55375344f10834cf6fa65197525) Importer(-1,00000000000000000000000000000000) [PhysX] Initialized MultithreadedTaskDispatcher with 12 workers.
 -> (artifact id: '3e8012fe00a6070a49def450578c8ddf') in 0.002466 seconds
Start importing Assets/_Game/Scripts/UI/AttackPrepScreen.cs using Guid(fa307ff47218d1943a28112be3b7ecb3) Importer(-1,00000000000000000000000000000000) [PhysX] Initialized MultithreadedTaskDispatcher with 12 workers.
 -> (artifact id: '1a4321622c9937d792f92f020606af99') in 0.001757 seconds
Start importing Packages/com.unity.test-framework/UnityEditor.TestRunner/TestLaunchers/PlatformSetup/StadiaPlatformSetup.cs using Guid(fa19b42bd3dc35e40a618448bd330270) Importer(-1,00000000000000000000000000000000) [PhysX] Initialized MultithreadedTaskDispatcher with 12 workers.
 -> (artifact id: '263f31d009d93f72120a318989d24791') in 0.001760 seconds
Start importing Packages/com.unity.ugui/Tests/Runtime/Util/ExceptionUtils.cs using Guid(0b2706df6fdff50448f84a3f6629b40f) Importer(-1,00000000000000000000000000000000) [PhysX] Initialized MultithreadedTaskDispatcher with 12 workers.
 -> (artifact id: 'eab1cd0fd8b81dd8e60d4fe687b0041d') in 0.002133 seconds
Start importing Packages/com.unity.test-framework/UnityEditor.TestRunner/TestRun/TestJobRunner.cs using Guid(0b677ddfd54046c498a20446baa4f932) Importer(-1,00000000000000000000000000000000) [PhysX] Initialized MultithreadedTaskDispatcher with 12 workers.
 -> (artifact id: '3607c751aa711ccc52c51b30f0c61896') in 0.001881 seconds
Start importing Packages/com.unity.test-framework/UnityEditor.TestRunner/GUI/TestAssets/TestScriptAssetsCreator.cs using Guid(1bace19a170f47bb8d19645cfc580796) Importer(-1,00000000000000000000000000000000) [PhysX] Initialized MultithreadedTaskDispatcher with 12 workers.
 -> (artifact id: 'd018e47a3093e11fbda40047b61f220f') in 0.001981 seconds
Start importing Packages/com.unity.test-framework/UnityEditor.TestRunner/TestRunnerWindowSettings.cs using Guid(2b301b727225f1941974d69e61a55620) Importer(-1,00000000000000000000000000000000) [PhysX] Initialized MultithreadedTaskDispatcher with 12 workers.
 -> (artifact id: 'efd6533203fee5e9d908aa5eeba61023') in 0.002436 seconds
Start importing Assets/_Game/Scripts/Core/GameState.cs using Guid(2b5127045f46638429f054883bf1241d) Importer(-1,00000000000000000000000000000000) [PhysX] Initialized MultithreadedTaskDispatcher with 12 workers.
 -> (artifact id: '7df1619ec7777b3c21d00aa78d5f21e6') in 0.002149 seconds
Start importing Packages/com.unity.ugui/Tests/Runtime/Canvas/RectMask2DReparentedToDifferentCanvas.cs using Guid(2ba506934dc2ce14591a37f3b00dca92) Importer(-1,00000000000000000000000000000000) [PhysX] Initialized MultithreadedTaskDispatcher with 12 workers.
 -> (artifact id: '5a831ada194cdd6b6eeeb111f3074dd3') in 0.001840 seconds
Start importing Assets/_Game/Scripts/Progression/SaveData.cs using Guid(2b8dee6b7e375b443b72243b91dc1a23) Importer(-1,00000000000000000000000000000000) [PhysX] Initialized MultithreadedTaskDispatcher with 12 workers.
 -> (artifact id: 'a147faa0cc27be43be46e8380dddb63e') in 0.001822 seconds
Start importing Packages/com.unity.test-framework/UnityEngine.TestRunner/NUnitExtensions/Commands/EnumerableApplyChangesToContextCommand.cs using Guid(3b4429eff9fcffb48b006e8edcc90338) Importer(-1,00000000000000000000000000000000) [PhysX] Initialized MultithreadedTaskDispatcher with 12 workers.
 -> (artifact id: 'bc6904fa38e381cdfa160377937cacd8') in 0.001721 seconds
Start importing Packages/com.unity.test-framework/UnityEngine.TestRunner/Utils/QuaternionEqualityComparer.cs using Guid(3b28913f21577de429da928d6d05219f) Importer(-1,00000000000000000000000000000000) [PhysX] Initialized MultithreadedTaskDispatcher with 12 workers.
 -> (artifact id: 'da72130d3161914de81bfa26f754adb3') in 0.002417 seconds
Start importing Packages/com.unity.test-framework/UnityEditor.TestRunner/TestRun/Tasks/PostbuildCleanupTask.cs using Guid(3b6931522502d68458016e3cadb89f1b) Importer(-1,00000000000000000000000000000000) [PhysX] Initialized MultithreadedTaskDispatcher with 12 workers.
 -> (artifact id: '4dff7767a96c3ad6f11c5d3886f0565b') in 0.002335 seconds
Start importing Packages/com.unity.test-framework/UnityEditor.TestRunner/UnityTestProtocol/Messages/BuildSettingsMessage.cs using Guid(3b3dcba2081245eb916aee8fd3459fc8) Importer(-1,00000000000000000000000000000000) [PhysX] Initialized MultithreadedTaskDispatcher with 12 workers.
 -> (artifact id: '431df30f53f918e70138b8a9fb925ec0') in 0.002820 seconds
Start importing Packages/com.unity.ugui/Editor/UI/CanvasScalerEditor.cs using Guid(3bce033ee26244e419b3bb3bba95a37d) Importer(-1,00000000000000000000000000000000) [PhysX] Initialized MultithreadedTaskDispatcher with 12 workers.
 -> (artifact id: '83dd977aad8bf43df023c23f2b0ad7cf') in 0.002595 seconds
Start importing Packages/com.unity.test-framework/UnityEngine.TestRunner/Utils/Vector3EqualityComparer.cs using Guid(4bd2bc28ff24d5c488844851cb785db0) Importer(-1,00000000000000000000000000000000) [PhysX] Initialized MultithreadedTaskDispatcher with 12 workers.
 -> (artifact id: '7d36194d2256f19d6d33dbfe314cc0ba') in 0.002701 seconds
Start importing Packages/com.unity.test-framework/UnityEditor.TestRunner/TestRun/Tasks/EnterPlayModeTask.cs using Guid(4b45f42910304b00a63958173ee2c76f) Importer(-1,00000000000000000000000000000000) [PhysX] Initialized MultithreadedTaskDispatcher with 12 workers.
 -> (artifact id: '85ca3c8f8c7f6c1b1324a388825dd102') in 0.002877 seconds
Start importing Assets/_Game/Scripts/Testing/TestSimpleUnitAI.cs using Guid(4bc920a1221baef4d9f94004415cbc8c) Importer(-1,00000000000000000000000000000000) [PhysX] Initialized MultithreadedTaskDispatcher with 12 workers.
 -> (artifact id: 'e96a7e56b005e949552ee299fadf2152') in 0.005062 seconds
Start importing Packages/com.unity.ugui/Tests/Editor/InputField/CharacterLimitValidation.cs using Guid(4b8be68229770db4ea3c78ab0d854325) Importer(-1,00000000000000000000000000000000) [PhysX] Initialized MultithreadedTaskDispatcher with 12 workers.
 -> (artifact id: 'a31b46dd1c889e14b4570bb52422c8a8') in 0.002565 seconds
Start importing Packages/com.unity.test-framework/UnityEngine.TestRunner/Assertions/LogScope/LogScope.cs using Guid(4bbc17b35884fdf468e4b52ae4222882) Importer(-1,00000000000000000000000000000000) [PhysX] Initialized MultithreadedTaskDispatcher with 12 workers.
 -> (artifact id: 'bc9661ef45b49ef91bcf5d597d4f2993') in 0.002615 seconds
Start importing Assets/_Game/Scripts/Visuals/ToonyRtsVisualManifest.cs using Guid(5b5398abdcdd7f448ac332563e5be0e2) Importer(-1,00000000000000000000000000000000) [PhysX] Initialized MultithreadedTaskDispatcher with 12 workers.
 -> (artifact id: 'e0654898bbb1a45e840b2e9a77fe007a') in 0.002478 seconds
Start importing Packages/com.unity.test-framework/UnityEngine.TestRunner/Utils/Vector3ComparerWithEqualsOperator.cs using Guid(5b994928117e3db418da69c821da7e19) Importer(-1,00000000000000000000000000000000) [PhysX] Initialized MultithreadedTaskDispatcher with 12 workers.
 -> (artifact id: '9f1e8623de6936777fa52393494ea03a') in 0.002240 seconds
Start importing Packages/com.unity.test-framework/UnityEngine.TestRunner/Assertions/UnexpectedLogMessageException.cs using Guid(5b2eeca598284bd4abb4a15c30df1576) Importer(-1,00000000000000000000000000000000) [PhysX] Initialized MultithreadedTaskDispatcher with 12 workers.
 -> (artifact id: '9d1916984ba12387647f8cd852d8c6d9') in 0.003651 seconds
Start importing Packages/com.unity.test-framework/UnityEngine.TestRunner/NUnitExtensions/Runner/UnityWorkItemDataHolder.cs using Guid(5b3e90046c38f1d4dad2e0d5a79e871c) Importer(-1,00000000000000000000000000000000) [PhysX] Initialized MultithreadedTaskDispatcher with 12 workers.
 -> (artifact id: '8014490de83eefa3a1514f487193b818') in 0.002557 seconds
Start importing Packages/com.unity.test-framework/UnityEditor.TestRunner/TestSettings/TestSettings.cs using Guid(6b32b6725087a0d4bb1670818d26996e) Importer(-1,00000000000000000000000000000000) [PhysX] Initialized MultithreadedTaskDispatcher with 12 workers.
 -> (artifact id: 'f434462a20ee7d3684238fbf809a38a6') in 0.002576 seconds
Start importing Packages/com.unity.test-framework/UnityEditor.TestRunner/GUI/Controls/ISelectableItem.cs using Guid(7b076e8f3150431baf926fe9ee030b1e) Importer(-1,00000000000000000000000000000000) [PhysX] Initialized MultithreadedTaskDispatcher with 12 workers.
 -> (artifact id: '34a4aaf7cfe8dfebe7e8584f1593df1b') in 0.002383 seconds
Start importing Packages/com.unity.ugui/Runtime/UI/Animation/CoroutineTween.cs using Guid(7be84a49bb2cd7e4a9ed097ba22794d0) Importer(-1,00000000000000000000000000000000) [PhysX] Initialized MultithreadedTaskDispatcher with 12 workers.
 -> (artifact id: 'b0d8c4fca8f323066750e7a4945deb48') in 0.002233 seconds
Start importing Packages/com.unity.ugui/Runtime/UI/Core/MaskUtilities.cs using Guid(7bd96d76711152648a736c4d28d865f2) Importer(-1,00000000000000000000000000000000) [PhysX] Initialized MultithreadedTaskDispatcher with 12 workers.
 -> (artifact id: 'ee6e1207fde14a5c690978bc1faaadfd') in 0.003283 seconds
Start importing Packages/com.unity.test-framework/UnityEditor.TestRunner/Api/RunState.cs using Guid(8bb59cb2f66d156418ca1bd1e2703233) Importer(-1,00000000000000000000000000000000) [PhysX] Initialized MultithreadedTaskDispatcher with 12 workers.
 -> (artifact id: 'cd0ceb6d1e121bfee111e0bace5c08da') in 0.002661 seconds
Start importing Packages/com.unity.test-framework/UnityEngine.TestRunner/NUnitExtensions/TestExtensions.cs using Guid(8bc74398aa3944646ade4ee78cd57484) Importer(-1,00000000000000000000000000000000) [PhysX] Initialized MultithreadedTaskDispatcher with 12 workers.
 -> (artifact id: '8e9f5bf8da20e87453df71d2441e4fd7') in 0.002518 seconds
Start importing Packages/com.unity.test-framework/UnityEditor.TestRunner/TestRunner/Messages/EnterPlayMode.cs using Guid(9bd5a110ed89025499ddee8c7e73778e) Importer(-1,00000000000000000000000000000000) [PhysX] Initialized MultithreadedTaskDispatcher with 12 workers.
 -> (artifact id: 'e63b8b3a353ad2d1467739d5fbba5192') in 0.002407 seconds
Start importing Assets/_Game/Scripts/Economy/ResourceStorageSystem.cs using Guid(9ba8314721c97b445a81fc2e292b2a4f) Importer(-1,00000000000000000000000000000000) [PhysX] Initialized MultithreadedTaskDispatcher with 12 workers.
 -> (artifact id: '80dc668dc3b96c7ce3915bdd1cb9c8c3') in 0.002402 seconds
Start importing Packages/com.unity.test-framework/UnityEngine.TestRunner/NUnitExtensions/Commands/IgnoreTest.cs using Guid(9bbdc426fc0a48e1b66deaac7ea8f64c) Importer(-1,00000000000000000000000000000000) [PhysX] Initialized MultithreadedTaskDispatcher with 12 workers.
 -> (artifact id: 'ee2b187dbb15748c868b821ea2e2a8b7') in 0.002288 seconds
Start importing Packages/com.unity.test-framework/UnityEditor.TestRunner/TestRun/Tasks/Scene/ReloadModifiedScenesTask.cs using Guid(ab19dca503e90904e95faefddb68150d) Importer(-1,00000000000000000000000000000000) [PhysX] Initialized MultithreadedTaskDispatcher with 12 workers.
 -> (artifact id: 'c43e4bea844f428e8680909fa97bf340') in 0.004398 seconds
Start importing Assets/_Game/Tests/EditMode/ToonyRtsVisualLibraryTests.cs using Guid(abaea55c996d5c847ace87c6ca8f17eb) Importer(-1,00000000000000000000000000000000) [PhysX] Initialized MultithreadedTaskDispatcher with 12 workers.
 -> (artifact id: '653e5cdc09f67e3d12c50a5cb799d544') in 0.002223 seconds
Start importing Assets/_Game/Scripts/Base/BuildingPlacer.cs using Guid(bb3c4f42fc1533c4182e4a7e837ebefb) Importer(-1,00000000000000000000000000000000) [PhysX] Initialized MultithreadedTaskDispatcher with 12 workers.
 -> (artifact id: 'e66458456acee7a20fda5ffc3f31cb0b') in 0.002575 seconds
Start importing Packages/com.unity.ugui/Editor/UI/HorizontalOrVerticalLayoutGroupEditor.cs using Guid(cb319974ad8ebd44aa1e1fbb02640b5b) Importer(-1,00000000000000000000000000000000) [PhysX] Initialized MultithreadedTaskDispatcher with 12 workers.
 -> (artifact id: '4a0de16b7fbf41d31d312d2f96698893') in 0.002456 seconds
Start importing Packages/com.unity.ugui/Runtime/EventSystem/InputModules/PointerInputModule.cs using Guid(cbab8835092323a4389f2dc7d8f6c781) Importer(-1,00000000000000000000000000000000) [PhysX] Initialized MultithreadedTaskDispatcher with 12 workers.
 -> (artifact id: 'e4a285fe4f4fb467a5f05d1aa2cf69aa') in 0.003223 seconds
Start importing Packages/com.unity.ugui/Runtime/UI/Core/Layout/LayoutGroup.cs using Guid(cb7c939a806f03341b682c180dc13f08) Importer(-1,00000000000000000000000000000000) [PhysX] Initialized MultithreadedTaskDispatcher with 12 workers.
 -> (artifact id: '7d52df77e6e57ea8dea7b63442d42cc7') in 0.004942 seconds
Start importing Packages/com.unity.test-framework/UnityEngine.TestRunner/NUnitExtensions/Commands/BeforeAfterTestCommandBase.cs using Guid(cbbca1d8a0434be4bbc7f165523763ac) Importer(-1,00000000000000000000000000000000) [PhysX] Initialized MultithreadedTaskDispatcher with 12 workers.
 -> (artifact id: '761ba752f72a51d022b8e291ed7a748e') in 0.002323 seconds
Start importing Assets/_Game/Scripts/Visuals/GeneratedArtBillboard.cs using Guid(cb1db6a376724ac458a1885e95d8b023) Importer(-1,00000000000000000000000000000000) [PhysX] Initialized MultithreadedTaskDispatcher with 12 workers.
 -> (artifact id: '5050a98a56fce9d4de12d115d7a6ed78') in 0.002513 seconds
Start importing Assets/_Game/Scripts/Campaign/CampaignManager.cs using Guid(cb6e6d917ebd81d499fe2d4d396b0205) Importer(-1,00000000000000000000000000000000) [PhysX] Initialized MultithreadedTaskDispatcher with 12 workers.
 -> (artifact id: '8a04d14c04191746e827d9ee7f6a677c') in 0.012775 seconds
Start importing Packages/com.unity.ugui/Tests/Runtime/Canvas/CreateSceneUtility.cs using Guid(db339ef553721e94999125c0b9f909dc) Importer(-1,00000000000000000000000000000000) [PhysX] Initialized MultithreadedTaskDispatcher with 12 workers.
 -> (artifact id: '8389e5a054a6b4c61c3d199dfe880e9d') in 0.002526 seconds
Start importing Packages/com.unity.test-framework/UnityEngine.TestRunner/NUnitExtensions/Runner/IEnumerableTestMethodCommand.cs using Guid(dbd43d8a3b8122d4e89b055f53382b11) Importer(-1,00000000000000000000000000000000) [PhysX] Initialized MultithreadedTaskDispatcher with 12 workers.
 -> (artifact id: 'ccb53bda338a1feb914e226cb170b6c1') in 0.002488 seconds
Start importing Assets/_Game/Scripts/Core/EventBus.cs using Guid(dbf9e82a72a97a945bff11737f94c741) Importer(-1,00000000000000000000000000000000) [PhysX] Initialized MultithreadedTaskDispatcher with 12 workers.
 -> (artifact id: 'b4122ff647b2422e803fc6ff54f9c438') in 0.004337 seconds
Start importing Packages/com.unity.test-framework/UnityEngine.TestRunner/UnityTestProtocol/TestStartedMessage.cs using Guid(db9a20ff62f649c7b64172ebec68370c) Importer(-1,00000000000000000000000000000000) [PhysX] Initialized MultithreadedTaskDispatcher with 12 workers.
 -> (artifact id: '264945931380bc51cb2f40d7ee0d890a') in 0.002390 seconds
Start importing Packages/com.unity.ugui/Runtime/EventSystem/EventHandle.cs using Guid(db7dd43fe1278a9459cd6036f096b91d) Importer(-1,00000000000000000000000000000000) [PhysX] Initialized MultithreadedTaskDispatcher with 12 workers.
 -> (artifact id: 'e8f1bc1b139568e22c45757caaa2f6c5') in 0.002680 seconds
Start importing Packages/com.unity.test-framework/UnityEditor.TestRunner/UnityTestProtocol/UtpMessageReporter.cs using Guid(ebcc5f899d9277642868aeda9a17cbaf) Importer(-1,00000000000000000000000000000000) [PhysX] Initialized MultithreadedTaskDispatcher with 12 workers.
 -> (artifact id: '0ed4eaaf4aae3c7f87ac11e9feef9e91') in 0.002556 seconds
Start importing Packages/com.unity.test-framework/UnityEngine.TestRunner/NUnitExtensions/Filters/CategoryFilterExtended.cs using Guid(ebeedaa04bb53e24ba2e7fb6745e3fd3) Importer(-1,00000000000000000000000000000000) [PhysX] Initialized MultithreadedTaskDispatcher with 12 workers.
 -> (artifact id: '66e8b502c1c0809a04b73b03a305a287') in 0.002445 seconds
Start importing Packages/com.unity.ugui/Tests/Runtime/EventSystem/InputModuleTests/PointerEnterCallbackCheck.cs using Guid(eb4fb871430ff484e9ee3850946c504d) Importer(-1,00000000000000000000000000000000) [PhysX] Initialized MultithreadedTaskDispatcher with 12 workers.
 -> (artifact id: '08f5b93ecefef321764cc03a5b244002') in 0.004095 seconds
Start importing Assets/_Game/Scripts/Visuals/MobileVisualStyle.cs using Guid(ebefd0438789098449907c38ce6d6d64) Importer(-1,00000000000000000000000000000000) [PhysX] Initialized MultithreadedTaskDispatcher with 12 workers.
 -> (artifact id: '89e7d77384913d9dbcb6418c9b9d555c') in 0.002269 seconds
Start importing Packages/com.unity.test-framework/UnityEditor.TestRunner/GUI/Controls/MultiValueContentProvider.cs using Guid(fb736ed47b6da4b499431bf9c6de5890) Importer(-1,00000000000000000000000000000000) [PhysX] Initialized MultithreadedTaskDispatcher with 12 workers.
 -> (artifact id: 'e43919ecbbcbf98783400ec808464ac0') in 0.002842 seconds
Start importing Packages/com.unity.ugui/Tests/Editor/RectMask2D/RectTransformPosition.cs using Guid(fb660d86885d89a499a31c6ab6f26269) Importer(-1,00000000000000000000000000000000) [PhysX] Initialized MultithreadedTaskDispatcher with 12 workers.
 -> (artifact id: '657dcebe36677f5751630bb6582dd196') in 0.001948 seconds
Start importing Packages/com.unity.ugui/Editor/UI/PropertyDrawers/NavigationDrawer.cs using Guid(fb27f3049fe06c246803a4a4c5b7fda3) Importer(-1,00000000000000000000000000000000) [PhysX] Initialized MultithreadedTaskDispatcher with 12 workers.
 -> (artifact id: '6531edfe1506edbaf996ad2f608b3d98') in 0.002469 seconds
Start importing Packages/com.unity.test-framework/UnityEngine.TestRunner/Utils/AssemblyProvider/AssemblyLoadProxy.cs using Guid(fb593906b7b6d824087dcaebf6c082e0) Importer(-1,00000000000000000000000000000000) [PhysX] Initialized MultithreadedTaskDispatcher with 12 workers.
 -> (artifact id: 'd444d797efb659b844e4f892c2be38cf') in 0.003930 seconds
Start importing Packages/com.unity.test-framework/UnityEditor.TestRunner/TestRun/Tasks/PerformUndoTask.cs using Guid(fb1abebffd37bd4458c84e15a5d7ab04) Importer(-1,00000000000000000000000000000000) [PhysX] Initialized MultithreadedTaskDispatcher with 12 workers.
 -> (artifact id: 'af4afec2930facea0d58361c2cf7a69d') in 0.003422 seconds
Start importing Packages/com.unity.test-framework/UnityEditor.TestRunner/GUI/TestAssets/ICustomScriptAssemblyMappingFinder.cs using Guid(0cd0deb81d984e58952ccd7e1dd6b2bb) Importer(-1,00000000000000000000000000000000) [PhysX] Initialized MultithreadedTaskDispatcher with 12 workers.
 -> (artifact id: 'cafd200913138b7577a06d0239aa1d98') in 0.003152 seconds
Start importing Packages/com.unity.ugui/Tests/Runtime/EventSystem/RaycastSortingTests.cs using Guid(0ca2545d76d1fb34fa45a9f1e432d259) Importer(-1,00000000000000000000000000000000) [PhysX] Initialized MultithreadedTaskDispatcher with 12 workers.
 -> (artifact id: 'dd9d6f4dd00e3916bbeb2986e44e9a96') in 0.002819 seconds
Start importing Packages/com.unity.ugui/Runtime/UI/Core/Layout/CanvasScaler.cs using Guid(0cd44c1031e13a943bb63640046fad76) Importer(-1,00000000000000000000000000000000) [PhysX] Initialized MultithreadedTaskDispatcher with 12 workers.
 -> (artifact id: '8f04981e71e8731b76704ae9194bc1c9') in 0.003339 seconds
Start importing Packages/com.unity.test-framework/UnityEngine.TestRunner/Assertions/LogScope/LogEvent.cs using Guid(0c56471f08a0f6846afc792f0b4205b9) Importer(-1,00000000000000000000000000000000) [PhysX] Initialized MultithreadedTaskDispatcher with 12 workers.
 -> (artifact id: '763c2ca3565b241cc7463b71c9d5a991') in 0.005308 seconds
Start importing Packages/com.unity.ugui/Tests/Editor/Canvas/UISystemProfilerAddMarkerWithNullObjectDoesNotCrash.cs using Guid(0ca81982e37e893498abf804c12a22c7) Importer(-1,00000000000000000000000000000000) [PhysX] Initialized MultithreadedTaskDispatcher with 12 workers.
 -> (artifact id: '394390861dee5342b9467a3185834186') in 0.002426 seconds
Start importing Packages/com.unity.test-framework/UnityEngine.TestRunner/UnityTestProtocol/MessageForRetryRepeat.cs using Guid(1c15a1275ff24d1092facf3f75065ab6) Importer(-1,00000000000000000000000000000000) [PhysX] Initialized MultithreadedTaskDispatcher with 12 workers.
 -> (artifact id: '8bd51c371d7b013d534cb0d8b49604c4') in 0.003587 seconds
Start importing Packages/com.unity.test-framework/UnityEditor.TestRunner/TestRun/Tasks/CleanUpContext.cs using Guid(1c97cd557b334b27bc325649466d1872) Importer(-1,00000000000000000000000000000000) [PhysX] Initialized MultithreadedTaskDispatcher with 12 workers.
 -> (artifact id: '0681cc014f22bcbb487c64dafe1b798c') in 0.003213 seconds
Start importing Packages/com.unity.test-framework/UnityEngine.TestRunner/Utils/AssemblyProvider/IAssemblyWrapper.cs using Guid(1c5afe945b715e149a70113a4be7b32a) Importer(-1,00000000000000000000000000000000) [PhysX] Initialized MultithreadedTaskDispatcher with 12 workers.
 -> (artifact id: '04e5c5bfa4ad911262078247148b7899') in 0.004224 seconds
Start importing Packages/com.unity.test-framework/UnityEditor.TestRunner/TestLaunchers/TestLauncherBase.cs using Guid(1cddf785b0d07434d8e0607c97b09135) Importer(-1,00000000000000000000000000000000) [PhysX] Initialized MultithreadedTaskDispatcher with 12 workers.
 -> (artifact id: '5ec8a223067f63965074ce2bd8cbd2d0') in 0.002791 seconds
Start importing Assets/_Game/Scripts/Base/BaseLayoutData.cs using Guid(2c966f691cf6f904c9a63eb4fba07287) Importer(-1,00000000000000000000000000000000) [PhysX] Initialized MultithreadedTaskDispatcher with 12 workers.
 -> (artifact id: 'cbe401110d1d1c5ff24c6897344a551c') in 0.004030 seconds
Start importing Packages/com.unity.test-framework/UnityEngine.TestRunner/UnityTestProtocol/TestFinishMessage.cs using Guid(2cc8cb8ea0b84a54b6caf6601d63ece6) Importer(-1,00000000000000000000000000000000) [PhysX] Initialized MultithreadedTaskDispatcher with 12 workers.
 -> (artifact id: 'da1edd1c2b0b75ead60a7408849baa9d') in 0.002431 seconds
Start importing Packages/com.unity.test-framework/UnityEditor.TestRunner/TestLaunchers/Helpers/PostbuildCleanupAttributeFinder.cs using Guid(2c2dfcbbb77359547bcaa7cdabd47ebb) Importer(-1,00000000000000000000000000000000) [PhysX] Initialized MultithreadedTaskDispatcher with 12 workers.
 -> (artifact id: '74fa288fe359d537b0dc49eadb45742d') in 0.002407 seconds
Start importing Packages/com.unity.test-framework/UnityEditor.TestRunner/GUI/TestAssets/TestScriptAssetMenuItems.cs using Guid(3c702cb84a2a4576bf275a76bc17f8e8) Importer(-1,00000000000000000000000000000000) [PhysX] Initialized MultithreadedTaskDispatcher with 12 workers.
 -> (artifact id: 'd8be58a30a69f91d333c69e52f6f2a5b') in 0.002803 seconds
Start importing Packages/com.unity.test-framework/UnityEngine.TestRunner/TestRunner/Callbacks/PlayModeRunnerCallback.cs using Guid(3cf5cb9e1ef590c48b1f919f2a7bd895) Importer(-1,00000000000000000000000000000000) [PhysX] Initialized MultithreadedTaskDispatcher with 12 workers.
 -> (artifact id: '3de1530ee422a986e309536c881e51e5') in 0.002463 seconds
Start importing Packages/com.unity.test-framework/UnityEditor.TestRunner/TestLaunchers/Helpers/PrebuildSetupAttributeFinder.cs using Guid(3c4ccfb0896bcf44da13e152b267aa49) Importer(-1,00000000000000000000000000000000) [PhysX] Initialized MultithreadedTaskDispatcher with 12 workers.
 -> (artifact id: 'fcfd7e3850ada95c805de20d179e6ef5') in 0.003139 seconds
Start importing Packages/com.unity.test-framework/UnityEngine.TestRunner/NUnitExtensions/ITestSuiteModifier.cs using Guid(4c006cc4132f4e2d8b3e7208af3e208c) Importer(-1,00000000000000000000000000000000) [PhysX] Initialized MultithreadedTaskDispatcher with 12 workers.
 -> (artifact id: '4a78bcbbd4c19032d40245828050e104') in 0.002295 seconds
Start importing Assets/_Game/Scripts/Testing/TestTowerAI.cs using Guid(4c31fd2f89bb81c439615b07c510da0a) Importer(-1,00000000000000000000000000000000) [PhysX] Initialized MultithreadedTaskDispatcher with 12 workers.
 -> (artifact id: 'b94e3e9dd91f09e0e8cfcfd080c7711b') in 0.002598 seconds
Start importing Packages/com.unity.ugui/Tests/Runtime/Graphic/ToggleTestImageHook.cs using Guid(5c004b1354944164fb076276c289afc1) Importer(-1,00000000000000000000000000000000) [PhysX] Initialized MultithreadedTaskDispatcher with 12 workers.
 -> (artifact id: 'cfd66e9c8088172075afa7bb9fd04043') in 0.002742 seconds
Start importing Packages/com.unity.test-framework/UnityEngine.TestRunner/NUnitExtensions/Runner/WorkItemFactory.cs using Guid(5c15bf0966eb95847a4260d830a30d30) Importer(-1,00000000000000000000000000000000) [PhysX] Initialized MultithreadedTaskDispatcher with 12 workers.
 -> (artifact id: 'cb66cf2f5969f7d2066aab51c95af165') in 0.002646 seconds
Start importing Packages/com.unity.test-framework/UnityEditor.TestRunner/TestRun/Tasks/Scene/StoreSceneSetupTask.cs using Guid(5c4d36a13e7466e43940732365f53bf1) Importer(-1,00000000000000000000000000000000) [PhysX] Initialized MultithreadedTaskDispatcher with 12 workers.
 -> (artifact id: 'ce69c75bf84c321096160093cc1568ea') in 0.002587 seconds
Start importing Packages/com.unity.test-framework/UnityEditor.TestRunner/UnityTestProtocol/Messages/QualitySettingsMessage.cs using Guid(6cf74526594248e88be90b91eb2dbe1c) Importer(-1,00000000000000000000000000000000) [PhysX] Initialized MultithreadedTaskDispatcher with 12 workers.
 -> (artifact id: '0ab351b1959232bf4d18b0ebf51613c6') in 0.002251 seconds
Start importing Packages/com.unity.test-framework/UnityEditor.TestRunner/TestLaunchers/PlatformSetup/PlatformSpecificSetup.cs using Guid(6cccd50ebf7384242bda4d7bcb282ebf) Importer(-1,00000000000000000000000000000000) [PhysX] Initialized MultithreadedTaskDispatcher with 12 workers.
 -> (artifact id: 'd5fe18628bf02ca2b95edb9cdd2c1ee9') in 0.002717 seconds
Start importing Packages/com.unity.ugui/Tests/Runtime/Canvas/NoActiveCameraInSceneDoesNotCrashEditor.cs using Guid(9c21cfda3336137438c3001d40564be0) Importer(-1,00000000000000000000000000000000) [PhysX] Initialized MultithreadedTaskDispatcher with 12 workers.
 -> (artifact id: '783c0d4e71035f13596bf8a40a01bf1a') in 0.002291 seconds
Start importing Packages/com.unity.ugui/Tests/Runtime/Graphic/NavigationTests.cs using Guid(aca0de4e74f6cdf41a449805f345a4f5) Importer(-1,00000000000000000000000000000000) [PhysX] Initialized MultithreadedTaskDispatcher with 12 workers.
 -> (artifact id: '7afb57fde5fb090537c7f87dcebb08f2') in 0.002285 seconds
Start importing Packages/com.unity.test-framework/UnityEngine.TestRunner/Utils/IPrebuildSceneSetup.cs using Guid(acc16f0c684508f44813662a300c574b) Importer(-1,00000000000000000000000000000000) [PhysX] Initialized MultithreadedTaskDispatcher with 12 workers.
 -> (artifact id: '4aa89e402394737bfaf5e1ec8e1d0308') in 0.002248 seconds
Start importing Packages/com.unity.ugui/Tests/Runtime/Graphic/RawImageTest.cs using Guid(acfa3573efc38c844be021fdaa8cf8a6) Importer(-1,00000000000000000000000000000000) [PhysX] Initialized MultithreadedTaskDispatcher with 12 workers.
 -> (artifact id: '0ef52ca30514eef3bb730d64ff57fc2e') in 0.001710 seconds
Start importing Packages/com.unity.ugui/Editor/UI/SliderEditor.cs using Guid(bc98484caab3b6d4facbcff38be93380) Importer(-1,00000000000000000000000000000000) [PhysX] Initialized MultithreadedTaskDispatcher with 12 workers.
 -> (artifact id: '103b23a11b9336401d73adefc50e95d1') in 0.001956 seconds
Start importing Packages/com.unity.test-framework/UnityEngine.TestRunner/AssemblyInfo.cs using Guid(cc22cc13b69c1094c85e176c008b9ef8) Importer(-1,00000000000000000000000000000000) [PhysX] Initialized MultithreadedTaskDispatcher with 12 workers.
 -> (artifact id: 'e9c6125eb62f26d3c125ee8191729e64') in 0.001853 seconds
Start importing Packages/com.unity.test-framework/UnityEngine.TestRunner/NUnitExtensions/Attributes/UnitySetUpAttribute.cs using Guid(cc6401f13df54ba44bfd7cdc93c7d64d) Importer(-1,00000000000000000000000000000000) [PhysX] Initialized MultithreadedTaskDispatcher with 12 workers.
 -> (artifact id: '3187e705ac314c0b3e0a7c794c3df6d3') in 0.002247 seconds
Start importing Packages/com.unity.test-framework/UnityEngine.TestRunner/NUnitExtensions/Commands/StrictCheckCommand.cs using Guid(cc294d4e597b4ba5acf52ad834cce210) Importer(-1,00000000000000000000000000000000) [PhysX] Initialized MultithreadedTaskDispatcher with 12 workers.
 -> (artifact id: 'e009e3bafb0e7bf08f371cfa8c54cb3e') in 0.002066 seconds
Start importing Packages/com.unity.test-framework/UnityEditor.TestRunner/TestRun/Tasks/SaveUndoIndexTask.cs using Guid(cc0ce06a7515c044bb8db4c75db84114) Importer(-1,00000000000000000000000000000000) [PhysX] Initialized MultithreadedTaskDispatcher with 12 workers.
 -> (artifact id: '83610b163a1d11d3bb3abe52f07aabc7') in 0.001910 seconds
Start importing Assets/_Game/Tests/EditMode/StarRatingTests.cs using Guid(cc7ddb64e99e5f6428e57a2b0d60dc49) Importer(-1,00000000000000000000000000000000) [PhysX] Initialized MultithreadedTaskDispatcher with 12 workers.
 -> (artifact id: 'f96978f0f2e48e0058b63c041dcfb47c') in 0.001923 seconds
Start importing Packages/com.unity.ugui/Editor/UI/SelfControllerEditor.cs using Guid(dcf00682bef4d264d84a5c92c8f5a40f) Importer(-1,00000000000000000000000000000000) [PhysX] Initialized MultithreadedTaskDispatcher with 12 workers.
 -> (artifact id: '1cc451ec43a5f4abbc06124fa06be878') in 0.002326 seconds
Start importing Packages/com.unity.ugui/Runtime/UI/Core/GraphicRaycaster.cs using Guid(dc42784cf147c0c48a680349fa168899) Importer(-1,00000000000000000000000000000000) [PhysX] Initialized MultithreadedTaskDispatcher with 12 workers.
 -> (artifact id: 'b7687e7a35fa9aee9d2ef6ea5ac3fec6') in 0.003056 seconds
Start importing Packages/com.unity.ugui/Tests/Editor/CanvasRenderer/ParentCanvasIsSane.cs using Guid(dcb49b07db5e5f64e876b498105314f1) Importer(-1,00000000000000000000000000000000) [PhysX] Initialized MultithreadedTaskDispatcher with 12 workers.
 -> (artifact id: '86fd43e1ec7d0afe052fe847307ae87f') in 0.002403 seconds
Start importing Packages/com.unity.test-framework/UnityEditor.TestRunner/Api/Analytics/RunFinishedData.cs using Guid(dc781c79a6ac490f817bb70a01490d5c) Importer(-1,00000000000000000000000000000000) [PhysX] Initialized MultithreadedTaskDispatcher with 12 workers.
 -> (artifact id: '9fa7495222d01c0be8266a5f8fb3d728') in 0.003828 seconds
Start importing Packages/com.unity.ugui/Tests/Runtime/Canvas/CanvasSizeCorrectInAwakeAndStart.cs using Guid(ec35c13a8280a8d4e817bc4afd8a95de) Importer(-1,00000000000000000000000000000000) [PhysX] Initialized MultithreadedTaskDispatcher with 12 workers.
 -> (artifact id: '8c57799027e382b2986b6aa61bcd4411') in 0.003298 seconds
Start importing Packages/com.unity.ugui/Tests/Editor/WrapperWindowFixture.cs using Guid(fc31799bd6dc1f74a8adfee1acd05a9b) Importer(-1,00000000000000000000000000000000) [PhysX] Initialized MultithreadedTaskDispatcher with 12 workers.
 -> (artifact id: 'a956ca45e770fdc0f1bc88877be074a4') in 0.002390 seconds
Start importing Packages/com.unity.test-framework/UnityEditor.TestRunner/TestRun/Tasks/PrebuildSetupTask.cs using Guid(fc039194235714f48a39bd364885e744) Importer(-1,00000000000000000000000000000000) [PhysX] Initialized MultithreadedTaskDispatcher with 12 workers.
 -> (artifact id: '4a2f26f89d45c8992a5c5b8376942ea2') in 0.002840 seconds
Start importing Packages/com.unity.ugui/Tests/Runtime/Slider/SliderTests.cs using Guid(fc34cd6ea308f3940a729e1a44cd0e82) Importer(-1,00000000000000000000000000000000) [PhysX] Initialized MultithreadedTaskDispatcher with 12 workers.
 -> (artifact id: '3989130f63e4e4cb92c7ee6f8d46147e') in 0.002804 seconds
Start importing Packages/com.unity.test-framework/UnityEngine.TestRunner/Utils/StacktraceFilter.cs using Guid(fc748d99f1f0d484a811a566fc7915ec) Importer(-1,00000000000000000000000000000000) [PhysX] Initialized MultithreadedTaskDispatcher with 12 workers.
 -> (artifact id: '8d6d557e53a4b8d51252e60799a779ca') in 0.002716 seconds
Start importing Packages/com.unity.ugui/Tests/Runtime/Canvas/NestedCanvas.cs using Guid(fc8d686a4c18b8d49bb1db4150de0459) Importer(-1,00000000000000000000000000000000) [PhysX] Initialized MultithreadedTaskDispatcher with 12 workers.
 -> (artifact id: 'c13e06e600b84f5881c9dc3dd7bffb33') in 0.001860 seconds
Start importing Packages/com.unity.ugui/Runtime/UI/Core/Utility/ReflectionMethodsCache.cs using Guid(fcae021c30eccf74790a4e816ba97c19) Importer(-1,00000000000000000000000000000000) [PhysX] Initialized MultithreadedTaskDispatcher with 12 workers.
 -> (artifact id: 'b169e13414673ef488ad00195d51e272') in 0.001883 seconds
Start importing Packages/com.unity.test-framework/UnityEditor.TestRunner/Api/CallbacksDelegator.cs using Guid(0de03ebd74e2b474fa23d05ab42d0cd8) Importer(-1,00000000000000000000000000000000) [PhysX] Initialized MultithreadedTaskDispatcher with 12 workers.
 -> (artifact id: '58b25d5bc37b0939367d946e6ce9b85c') in 0.002937 seconds
Start importing Packages/com.unity.ugui/Tests/Runtime/TextEditor/TextEditorTests.cs using Guid(0dc62a5955cf04ec298a2c3ca4b2edf2) Importer(-1,00000000000000000000000000000000) [PhysX] Initialized MultithreadedTaskDispatcher with 12 workers.
 -> (artifact id: '59f0d2d672430020885550cbf9dda1a7') in 0.002097 seconds
Start importing Packages/com.unity.ugui/Runtime/UI/Core/Dropdown.cs using Guid(0d0b652f32a2cc243917e4028fa0f046) Importer(-1,00000000000000000000000000000000) [PhysX] Initialized MultithreadedTaskDispatcher with 12 workers.
 -> (artifact id: '7ca7612a2a6b2a1a8b2b864c62fa9375') in 0.001826 seconds
Start importing Packages/com.unity.test-framework/UnityEditor.TestRunner/TestRun/Data/TaskInfo.cs using Guid(0d2e1e2a782748e6acb8565ad040df60) Importer(-1,00000000000000000000000000000000) [PhysX] Initialized MultithreadedTaskDispatcher with 12 workers.
 -> (artifact id: 'afcd829a7caf31f758fe2175b7d44bee') in 0.002318 seconds
Start importing Packages/com.unity.test-framework/UnityEngine.TestRunner/NUnitExtensions/Commands/OuterUnityTestActionCommand.cs using Guid(0d4fc309a0784294c8ab658b53b12320) Importer(-1,00000000000000000000000000000000) [PhysX] Initialized MultithreadedTaskDispatcher with 12 workers.
 -> (artifact id: '8e1349d3dca59a14c5a14b94b6225285') in 0.002128 seconds
Start importing Packages/com.unity.test-framework/UnityEditor.TestRunner/TestRun/TestRunCanceledException.cs using Guid(1d45b9d3cf85bee4f99c1492fca8438a) Importer(-1,00000000000000000000000000000000) [PhysX] Initialized MultithreadedTaskDispatcher with 12 workers.
 -> (artifact id: '1d28e3450702b8777a57b47fae092cef') in 0.002113 seconds
Start importing Packages/com.unity.test-framework/UnityEngine.TestRunner/NUnitExtensions/Commands/TestActionCommand.cs using Guid(2de8ba3b840049641897e0da7ce1d5cd) Importer(-1,00000000000000000000000000000000) [PhysX] Initialized MultithreadedTaskDispatcher with 12 workers.
 -> (artifact id: '3fbd5bf0f37d594fbea41e79dcddfd16') in 0.002841 seconds
Start importing Packages/com.unity.ugui/Runtime/EventSystem/InputModules/TouchInputModule.cs using Guid(2d49b7c1bcd2e07499844da127be038d) Importer(-1,00000000000000000000000000000000) [PhysX] Initialized MultithreadedTaskDispatcher with 12 workers.
 -> (artifact id: '2bd0262870387ed4cc2652b7b123a8a8') in 0.001992 seconds
Start importing Packages/com.unity.ugui/Tests/Runtime/EventSystem/GraphicRaycasterWorldSpaceCanvasTests.cs using Guid(3d42c4854f9093e409cd90c00ef26de0) Importer(-1,00000000000000000000000000000000) [PhysX] Initialized MultithreadedTaskDispatcher with 12 workers.
 -> (artifact id: 'a05db5b27cd58e2f740c3572582a4f08') in 0.001595 seconds
Start importing Packages/com.unity.test-framework/UnityEditor.TestRunner/GUI/TestAssets/FolderPathTestCompilationContextProvider.cs using Guid(3d92c578e28043ef95d4b703e008be64) Importer(-1,00000000000000000000000000000000) [PhysX] Initialized MultithreadedTaskDispatcher with 12 workers.
 -> (artifact id: 'a928e2a31e04a535f8d84464bce8b2d6') in 0.001708 seconds
Start importing Assets/_Game/Scripts/Visuals/GeneratedArtLibrary.cs using Guid(3d5651fb78fa42747ad1f5f60762f7b4) Importer(-1,00000000000000000000000000000000) [PhysX] Initialized MultithreadedTaskDispatcher with 12 workers.
 -> (artifact id: '2675ad8bfb0384ed34a7cb9550ea4ea7') in 0.001658 seconds
Start importing Packages/com.unity.test-framework/UnityEditor.TestRunner/TestRunner/EditmodeWorkItemFactory.cs using Guid(3dde15f260b0dd1469e60d16eaa795dc) Importer(-1,00000000000000000000000000000000) [PhysX] Initialized MultithreadedTaskDispatcher with 12 workers.
 -> (artifact id: 'e03c79fc0344f10eca6ca474ba9409f0') in 0.001848 seconds
Start importing Packages/com.unity.ugui/Tests/Runtime/Util/ConcreteGraphic.cs using Guid(4d31e19fd539ac54c8d9151da43683e9) Importer(-1,00000000000000000000000000000000) [PhysX] Initialized MultithreadedTaskDispatcher with 12 workers.
 -> (artifact id: '84483f5ea25904d680df6547e2adb98a') in 0.001647 seconds
Start importing Packages/com.unity.test-framework/UnityEditor.TestRunner/CommandLineTest/TestStarter.cs using Guid(4d616d1a494edd144b262cf6cd5e5fda) Importer(-1,00000000000000000000000000000000) [PhysX] Initialized MultithreadedTaskDispatcher with 12 workers.
 -> (artifact id: '2d334d5cc6ae9e24dcde2fe7bbaf2686') in 0.001880 seconds
Start importing Packages/com.unity.ugui/Runtime/EventSystem/MoveDirection.cs using Guid(4d2250412b81fe34abf39f246e274479) Importer(-1,00000000000000000000000000000000) [PhysX] Initialized MultithreadedTaskDispatcher with 12 workers.
 -> (artifact id: 'dac65865712e58644589324be397fe1c') in 0.001951 seconds
Start importing Packages/com.unity.test-framework/UnityEditor.TestRunner/TestRunnerWindow.cs using Guid(4dfcd3a631f61d248b7cc0b845d40345) Importer(-1,00000000000000000000000000000000) [PhysX] Initialized MultithreadedTaskDispatcher with 12 workers.
 -> (artifact id: '43d686a2e17fd29478c5d124d012bb0c') in 0.001743 seconds
Start importing Packages/com.unity.test-framework/UnityEditor.TestRunner/TestRun/Tasks/ResetInteractionModeTask.cs using Guid(5db0e0c612cd489a89d330acbc4ac585) Importer(-1,00000000000000000000000000000000) [PhysX] Initialized MultithreadedTaskDispatcher with 12 workers.
 -> (artifact id: '97477e5d2c06ef21be24808e2d9440bf') in 0.001632 seconds
Start importing Packages/com.unity.test-framework/UnityEditor.TestRunner/TestRunner/Messages/WaitForDomainReload.cs using Guid(5df3c21c5237c994db89660fbdfee07d) Importer(-1,00000000000000000000000000000000) [PhysX] Initialized MultithreadedTaskDispatcher with 12 workers.
 -> (artifact id: 'ada06b11d6b7e4ac542432646cb26e79') in 0.001744 seconds
Start importing Packages/com.unity.ugui/Tests/Runtime/Util/ImageHook.cs using Guid(5da88f348abcbd94585671a69c672781) Importer(-1,00000000000000000000000000000000) [PhysX] Initialized MultithreadedTaskDispatcher with 12 workers.
 -> (artifact id: 'fa93a2d1308d76aa2ec1469d9a01e25a') in 0.001671 seconds
Start importing Packages/com.unity.test-framework/UnityEditor.TestRunner/TestLaunchers/Helpers/AttributeFinderBase.cs using Guid(5d4de3d4682a8d641907cc75e4fb950e) Importer(-1,00000000000000000000000000000000) [PhysX] Initialized MultithreadedTaskDispatcher with 12 workers.
 -> (artifact id: 'e301391bee57566ba28a39d51070b2c2') in 0.001805 seconds
Start importing Packages/com.unity.test-framework/UnityEngine.TestRunner/NUnitExtensions/Commands/EnumerableRetryTestCommand.cs using Guid(6de2f178a24cd2e48a0816cacd9a0583) Importer(-1,00000000000000000000000000000000) [PhysX] Initialized MultithreadedTaskDispatcher with 12 workers.
 -> (artifact id: 'cfec51ac2a2eaa38a2795f5b37196286') in 0.001983 seconds
Start importing Packages/com.unity.test-framework/UnityEditor.TestRunner/TestRunner/EditModePCHelper.cs using Guid(6d16f2e78a356d34c9a32108929de932) Importer(-1,00000000000000000000000000000000) [PhysX] Initialized MultithreadedTaskDispatcher with 12 workers.
 -> (artifact id: '6403cdcc15c90d9ad13c8637f6ba73aa') in 0.002603 seconds
Start importing Packages/com.unity.test-framework/UnityEditor.TestRunner/TestRunner/Callbacks/WindowResultUpdater.cs using Guid(6d468ee3657be7a43a2ef2178ec14239) Importer(-1,00000000000000000000000000000000) [PhysX] Initialized MultithreadedTaskDispatcher with 12 workers.
 -> (artifact id: '8aac8d365aece91c028ffbe63cec9a2c') in 0.002116 seconds
Start importing Packages/com.unity.test-framework/UnityEditor.TestRunner/UnityTestProtocol/ITestRunnerApiMapper.cs using Guid(6de79ae237e51554da96fd28f68b66a6) Importer(-1,00000000000000000000000000000000) [PhysX] Initialized MultithreadedTaskDispatcher with 12 workers.
 -> (artifact id: '51d7b7dad3426294c269610e3763f372') in 0.001829 seconds
Start importing Packages/com.unity.test-framework/UnityEngine.TestRunner/Assertions/Is.cs using Guid(6d5833966abeadb429de247e4316eef4) Importer(-1,00000000000000000000000000000000) [PhysX] Initialized MultithreadedTaskDispatcher with 12 workers.
 -> (artifact id: 'b23cd24d65cf2056f6067dedd7bcab5c') in 0.001742 seconds
Start importing Assets/_Game/Scripts/UI/BaseManagementScreen.cs using Guid(6d0d44218f4032f4aa608486ec38271b) Importer(-1,00000000000000000000000000000000) [PhysX] Initialized MultithreadedTaskDispatcher with 12 workers.
 -> (artifact id: '39fb13e35e6369e74c109743936c5ed9') in 0.001803 seconds
Start importing Packages/com.unity.test-framework/UnityEditor.TestRunner/NUnitExtension/Attributes/ITestPlayerBuildModifier.cs using Guid(6d2f47eae5f447748892c46848956d5f) Importer(-1,00000000000000000000000000000000) [PhysX] Initialized MultithreadedTaskDispatcher with 12 workers.
 -> (artifact id: 'b6f1cb243bb19bbaf80618fc4518d66c') in 0.002026 seconds
Start importing Packages/com.unity.test-framework/UnityEditor.TestRunner/TestRun/Tasks/Scene/CreateNewSceneTask.cs using Guid(6dff66623000ef448ab68db41d803d95) Importer(-1,00000000000000000000000000000000) [PhysX] Initialized MultithreadedTaskDispatcher with 12 workers.
 -> (artifact id: '6ad6b8e813ff153540cc73d0765dd914') in 0.001897 seconds
Start importing Assets/_Game/Scripts/Testing/TestMageTowerAI.cs using Guid(7d5094562c17c19438a2ea7a9d7b6477) Importer(-1,00000000000000000000000000000000) [PhysX] Initialized MultithreadedTaskDispatcher with 12 workers.
 -> (artifact id: '1e95f8007a11f3ed5898c7588a6f3ce8') in 0.002869 seconds
Start importing Packages/com.unity.test-framework/UnityEditor.TestRunner/UnityTestProtocol/TesRunDataHolder.cs using Guid(7dc341f3ffc346738912e0ae5aa6c7e4) Importer(-1,00000000000000000000000000000000) [PhysX] Initialized MultithreadedTaskDispatcher with 12 workers.
 -> (artifact id: '733320d3691556456da260bcfc66bb85') in 0.001880 seconds
Start importing Packages/com.unity.test-framework/UnityEditor.TestRunner/TestLaunchers/RemotePlayerTestController.cs using Guid(7d36034e63ad8254b9b2f55280fcc040) Importer(-1,00000000000000000000000000000000) [PhysX] Initialized MultithreadedTaskDispatcher with 12 workers.
 -> (artifact id: '677f9c53f386716fc2e9fe2070df7dad') in 0.001724 seconds
Start importing Packages/com.unity.test-framework/UnityEditor.TestRunner/TestRun/ITestJobDataHolder.cs using Guid(7d0a7ea6062a4f42bcea6cb642817537) Importer(-1,00000000000000000000000000000000) [PhysX] Initialized MultithreadedTaskDispatcher with 12 workers.
 -> (artifact id: '82f6a01e600b1afe17cf715c0586608b') in 0.002320 seconds
Start importing Packages/com.unity.ugui/Runtime/Properties/AssemblyInfo.cs using Guid(7d7bd4bcc815cfb44b9990c29dabdb9f) Importer(-1,00000000000000000000000000000000) [PhysX] Initialized MultithreadedTaskDispatcher with 12 workers.
 -> (artifact id: 'fd3342071d2c80e7e168e354879c56f0') in 0.001305 seconds
Start importing Packages/com.unity.test-framework/UnityEngine.TestRunner/NUnitExtensions/Commands/TimeoutCommand.cs using Guid(7d2d4145ec6c42dabb2d7af8e58224db) Importer(-1,00000000000000000000000000000000) [PhysX] Initialized MultithreadedTaskDispatcher with 12 workers.
 -> (artifact id: '98f2e9facc1faec21d2362cee9fbfaa6') in 0.001773 seconds
Start importing Assets/_Game/Scripts/UI/MobileHudTheme.cs using Guid(7d5e6673fe1c8b24ba5f6a1d4e7968bd) Importer(-1,00000000000000000000000000000000) [PhysX] Initialized MultithreadedTaskDispatcher with 12 workers.
 -> (artifact id: 'b98ddd7168975d6ec6c0f2a0fe17b39b') in 0.001869 seconds
Start importing Packages/com.unity.test-framework/UnityEditor.TestRunner/CommandLineTest/LogSavingCallbacks.cs using Guid(8d20eedbe40f0ce41a4c4f633f225de8) Importer(-1,00000000000000000000000000000000) [PhysX] Initialized MultithreadedTaskDispatcher with 12 workers.
 -> (artifact id: '119886383e974cf13eecc0adf129779a') in 0.002640 seconds
Start importing Packages/com.unity.test-framework/UnityEditor.TestRunner/TestLaunchers/PlatformSetup/IPlatformSetup.cs using Guid(9d614808f9add8a4f8e4860db2c7af0d) Importer(-1,00000000000000000000000000000000) [PhysX] Initialized MultithreadedTaskDispatcher with 12 workers.
 -> (artifact id: '0134542b75e9b3e812764d4e9ac64846') in 0.002006 seconds
Start importing Packages/com.unity.test-framework/UnityEditor.TestRunner/AssemblyInfo.cs using Guid(9db19a04003fca7439552acd4de9baa1) Importer(-1,00000000000000000000000000000000) [PhysX] Initialized MultithreadedTaskDispatcher with 12 workers.
 -> (artifact id: 'ec23f3eaf02c59fbd2f29c338807f76e') in 0.001277 seconds
Start importing Packages/com.unity.test-framework/UnityEngine.TestRunner/NUnitExtensions/Commands/TaskTestMethodCommand.cs using Guid(ad85854b14d4140d88447bdce2fac91f) Importer(-1,00000000000000000000000000000000) [PhysX] Initialized MultithreadedTaskDispatcher with 12 workers.
 -> (artifact id: '246891081049f792d29764260efdd02c') in 0.001827 seconds
Start importing Packages/com.unity.test-framework/UnityEditor.TestRunner/TestLaunchers/PlatformSetup/SwitchPlatformSetup.cs using Guid(adf7bea9401c1834380d55601add6cfb) Importer(-1,00000000000000000000000000000000) [PhysX] Initialized MultithreadedTaskDispatcher with 12 workers.
 -> (artifact id: 'f51142a19a9e4522a947d6b38f6f6684') in 0.001840 seconds
Start importing Packages/com.unity.test-framework/UnityEditor.TestRunner/TestRun/Tasks/FileCleanupVerifierTaskBase.cs using Guid(ad7bb166069f8414e9ad26606b305e66) Importer(-1,00000000000000000000000000000000) [PhysX] Initialized MultithreadedTaskDispatcher with 12 workers.
 -> (artifact id: 'acbe38d917bdff6cd8db202dad084c6a') in 0.001932 seconds
Start importing Packages/com.unity.test-framework/UnityEditor.TestRunner/UnityTestProtocol/Messages/TestStartedMessage.cs using Guid(bd3e81baa10021f4d877fa36382bab16) Importer(-1,00000000000000000000000000000000) [PhysX] Initialized MultithreadedTaskDispatcher with 12 workers.
 -> (artifact id: '25bf59bae7e6e33c3f4ed68c8d42b0e4') in 0.001714 seconds
Start importing Assets/_Game/Scripts/Economy/RaidLossCalculator.cs using Guid(cd453f38c912d104ab3eeb10e50bf024) Importer(-1,00000000000000000000000000000000) [PhysX] Initialized MultithreadedTaskDispatcher with 12 workers.
 -> (artifact id: 'bf924ecbf4c2e8237e145f5c4af771ab') in 0.001739 seconds
Start importing Assets/_Game/Scripts/UI/CampaignHubScreen.cs using Guid(cd8615bdabec1a342bb46961ee404cc3) Importer(-1,00000000000000000000000000000000) [PhysX] Initialized MultithreadedTaskDispatcher with 12 workers.
 -> (artifact id: '1ccea0f87a25dfc55f582fe7d8f02f26') in 0.002112 seconds
Start importing Packages/com.unity.test-framework/UnityEngine.TestRunner/NUnitExtensions/Commands/EnumerableSetUpTearDownCommand.cs using Guid(dd85a35169d313840a0874aea1a28629) Importer(-1,00000000000000000000000000000000) [PhysX] Initialized MultithreadedTaskDispatcher with 12 workers.
 -> (artifact id: '087efca40108e0c4bb3b76f879e30f44') in 0.001935 seconds
Start importing Packages/com.unity.test-framework/UnityEditor.TestRunner/NUnitExtension/Attributes/TestPlayerBuildModifierAttribute.cs using Guid(dd57b1176859fc84e93586103d3b5f73) Importer(-1,00000000000000000000000000000000) [PhysX] Initialized MultithreadedTaskDispatcher with 12 workers.
 -> (artifact id: '074538174ede9431bf221225cffa569c') in 0.001888 seconds
Start importing Packages/com.unity.test-framework/UnityEditor.TestRunner/TestLaunchers/RemotePlayerLogController.cs using Guid(edd2a1fe1acbbde43aad39862bb3f4a8) Importer(-1,00000000000000000000000000000000) [PhysX] Initialized MultithreadedTaskDispatcher with 12 workers.
 -> (artifact id: '061aad16cd7fec70e62e07c9fd8bc685') in 0.002036 seconds
Start importing Packages/com.unity.test-framework/UnityEditor.TestRunner/GUI/IGuiHelper.cs using Guid(fd57cf917f61bbb42b8f030436426ddd) Importer(-1,00000000000000000000000000000000) [PhysX] Initialized MultithreadedTaskDispatcher with 12 workers.
 -> (artifact id: 'd32bec4095a7e3615e89f5e3650075f7') in 0.001885 seconds
Start importing Assets/_Game/Scripts/Battle/SpellSystem.cs using Guid(0ed7c5230fcefc941b0401724d90a33e) Importer(-1,00000000000000000000000000000000) [PhysX] Initialized MultithreadedTaskDispatcher with 12 workers.
 -> (artifact id: 'c185a25a7b6e599361854daec22e1581') in 0.001585 seconds
Start importing Packages/com.unity.test-framework/UnityEditor.TestRunner/TestLaunchers/RuntimeTestLauncherBase.cs using Guid(0efb23ecb373b6d4bbe5217485785138) Importer(-1,00000000000000000000000000000000) [PhysX] Initialized MultithreadedTaskDispatcher with 12 workers.
 -> (artifact id: '29760c85cc2e4611dc6c94f528f5cbd4') in 0.001597 seconds
Start importing Assets/_Game/Scripts/Battle/AIWaveSpawner.cs using Guid(0e4c32a43c9bef44ba9d73dd3e0e0333) Importer(-1,00000000000000000000000000000000) [PhysX] Initialized MultithreadedTaskDispatcher with 12 workers.
 -> (artifact id: '67d1cbf61fbac4e8e52b7bc89bdc7422') in 0.002838 seconds
Start importing Packages/com.unity.ugui/Runtime/EventSystem/InputModules/BaseInputModule.cs using Guid(1ea10891dd782154ca0fb67bce9e6f72) Importer(-1,00000000000000000000000000000000) [PhysX] Initialized MultithreadedTaskDispatcher with 12 workers.
 -> (artifact id: 'd6f787afe5d11add06cadfdc90fae242') in 0.002409 seconds
Start importing Packages/com.unity.test-framework/UnityEngine.TestRunner/NUnitExtensions/Filters/EditorOnlyFilter.cs using Guid(1e42d5fdba604f0786aac7fcaaa84cf7) Importer(-1,00000000000000000000000000000000) [PhysX] Initialized MultithreadedTaskDispatcher with 12 workers.
 -> (artifact id: '04c7bb68a79fb1bec5b855c2946a55d6') in 0.001721 seconds
Start importing Packages/com.unity.ugui/Tests/Runtime/Button/ButtonTests.cs using Guid(1ef2923b9c5521948a04299da53ae750) Importer(-1,00000000000000000000000000000000) [PhysX] Initialized MultithreadedTaskDispatcher with 12 workers.
 -> (artifact id: '80a0ad74d3ca79f1a0d9a0d4ac7f63f3') in 0.001561 seconds
Start importing Packages/com.unity.test-framework/UnityEditor.TestRunner/TestRunner/EditorEnumeratorTestWorkItem.cs using Guid(1ebc1994f9a3d5649a1201d3a84b38df) Importer(-1,00000000000000000000000000000000) [PhysX] Initialized MultithreadedTaskDispatcher with 12 workers.
 -> (artifact id: '3cf93c0e066bd5ff896273ac4babfca3') in 0.001534 seconds
Start importing Packages/com.unity.test-framework/UnityEngine.TestRunner/Utils/AssemblyProvider/AssemblyWrapper.cs using Guid(2e3b9bbf2c1a3cd4f88883ca32882ec6) Importer(-1,00000000000000000000000000000000) [PhysX] Initialized MultithreadedTaskDispatcher with 12 workers.
 -> (artifact id: 'c16467fde59c69167b5c5906deda77b6') in 0.001705 seconds
Start importing Assets/_Game/Scripts/Campaign/StarRatingSystem.cs using Guid(3ed341bc992b28747bd9a14c77b1f1f7) Importer(-1,00000000000000000000000000000000) [PhysX] Initialized MultithreadedTaskDispatcher with 12 workers.
 -> (artifact id: 'e261808e8ce07035bd2b4cd8fb70e202') in 0.001665 seconds
Start importing Packages/com.unity.ugui/Runtime/UI/Core/Button.cs using Guid(4e29b1a8efbd4b44bb3f3716e73f07ff) Importer(-1,00000000000000000000000000000000) [PhysX] Initialized MultithreadedTaskDispatcher with 12 workers.
 -> (artifact id: 'b2a43fe96c188306b578669fb43378b9') in 0.002265 seconds
Start importing Packages/com.unity.test-framework/UnityEngine.TestRunner/TestRunner/Callbacks/TestResultRenderer.cs using Guid(5ebb87899ca30b743bb4274bc00c02b4) Importer(-1,00000000000000000000000000000000) [PhysX] Initialized MultithreadedTaskDispatcher with 12 workers.
 -> (artifact id: '0e8b8153130a78c1239c3cac94945bf6') in 0.002101 seconds
Start importing Packages/com.unity.ugui/Runtime/UI/Core/MultipleDisplayUtilities.cs using Guid(5ebeb75bd91642048bb3f6c1939fde66) Importer(-1,00000000000000000000000000000000) [PhysX] Initialized MultithreadedTaskDispatcher with 12 workers.
 -> (artifact id: '0302882b61d4c20d3793826fe2daeee1') in 0.002031 seconds
Start importing Packages/com.unity.test-framework/UnityEditor.TestRunner/Api/TestAdaptor.cs using Guid(6e0e62db88935c74288c97c907243bd0) Importer(-1,00000000000000000000000000000000) [PhysX] Initialized MultithreadedTaskDispatcher with 12 workers.
 -> (artifact id: '50cd778482153125dfa8887a6f5b1130') in 0.001758 seconds
Start importing Packages/com.unity.test-framework/UnityEditor.TestRunner/UnityTestProtocol/Data/PlayerSystemInfo.cs using Guid(7ee0c4baf94a41009b0f9292988a2000) Importer(-1,00000000000000000000000000000000) [PhysX] Initialized MultithreadedTaskDispatcher with 12 workers.
 -> (artifact id: 'a76ec2054e42e76f963cbb1c73a98c1b') in 0.001754 seconds
Start importing Packages/com.unity.test-framework/UnityEngine.TestRunner/NUnitExtensions/Runner/PlaymodeWorkItemFactory.cs using Guid(7ef6801a8b664544aa9f2ab1bc1f8b60) Importer(-1,00000000000000000000000000000000) [PhysX] Initialized MultithreadedTaskDispatcher with 12 workers.
 -> (artifact id: '47a0e5710ee3e4a684f3ef71ccd4cafc') in 0.001593 seconds
Start importing Assets/_Game/Tests/EditMode/SaveSystemTests.cs using Guid(8eed352baed406d47862b2e703cb9a4d) Importer(-1,00000000000000000000000000000000) [PhysX] Initialized MultithreadedTaskDispatcher with 12 workers.
 -> (artifact id: 'fcd179474224c2278ac5f18baaba723c') in 0.001927 seconds
Start importing Assets/_Game/Scripts/Units/FogRevealAgent.cs using Guid(9ed267156a223d1439823a81d5cc2297) Importer(-1,00000000000000000000000000000000) [PhysX] Initialized MultithreadedTaskDispatcher with 12 workers.
 -> (artifact id: 'd51bee7cf2337f7b82448b466e4ff43e') in 0.002762 seconds
Start importing Packages/com.unity.test-framework/UnityEditor.TestRunner/Api/TestStatus.cs using Guid(9ec94545c5b00344c9bd8e691f15d799) Importer(-1,00000000000000000000000000000000) [PhysX] Initialized MultithreadedTaskDispatcher with 12 workers.
 -> (artifact id: '6f2d5c40b5e818a02a68393eb892c262') in 0.002123 seconds
Start importing Assets/_Game/Scripts/Grid/GridVisualizer.cs using Guid(aee272c6b24ef954f9a38918bdd5fcf9) Importer(-1,00000000000000000000000000000000) [PhysX] Initialized MultithreadedTaskDispatcher with 12 workers.
 -> (artifact id: '5a90cec9188d6365ee9429e8372e92b9') in 0.001947 seconds
Start importing Packages/com.unity.test-framework/UnityEditor.TestRunner/TestLaunchers/PlatformSetup/XboxOnePlatformSetup.cs using Guid(aed7ab02155e43341a2dbcb7bc17c160) Importer(-1,00000000000000000000000000000000) [PhysX] Initialized MultithreadedTaskDispatcher with 12 workers.
 -> (artifact id: '257f1b6d61b03dd9947273dadae87526') in 0.001673 seconds
Start importing Packages/com.unity.test-framework/UnityEngine.TestRunner/Utils/AttributeHelper.cs using Guid(ae8ce3ffe04ac2c42945fd27e0291fc3) Importer(-1,00000000000000000000000000000000) [PhysX] Initialized MultithreadedTaskDispatcher with 12 workers.
 -> (artifact id: 'c9bdfeb5a86bc0d0c5b6452faf883a71') in 0.001840 seconds
Start importing Packages/com.unity.ugui/Tests/Runtime/Canvas/NestedCanvasMaintainsCorrectSize.cs using Guid(be07f70ee67e6d74e851a9333719bbb6) Importer(-1,00000000000000000000000000000000) [PhysX] Initialized MultithreadedTaskDispatcher with 12 workers.
 -> (artifact id: 'e545996af0939dde5ad42c347b8a70c3') in 0.002028 seconds
Start importing Packages/com.unity.ugui/Tests/Runtime/Layout/AspectRatioFitterTests.cs using Guid(be1b04bc4d8a415469493848e6501020) Importer(-1,00000000000000000000000000000000) [PhysX] Initialized MultithreadedTaskDispatcher with 12 workers.
 -> (artifact id: '324c1dded66ef4a755bddd532c353aad') in 0.001724 seconds
Start importing Packages/com.unity.ugui/Tests/Editor/Canvas/AssertionFailureOnOutputVertexCount.cs using Guid(bede4033d9f359b41878c4cda6a910b3) Importer(-1,00000000000000000000000000000000) [PhysX] Initialized MultithreadedTaskDispatcher with 12 workers.
 -> (artifact id: 'cbd3bf16a1d03481d6e637139529bad9') in 0.002396 seconds
Start importing Packages/com.unity.test-framework/UnityEditor.TestRunner/GUI/TestListTreeView/TestTreeViewItem.cs using Guid(ce567ddbf30368344bc7b80e20cac36e) Importer(-1,00000000000000000000000000000000) [PhysX] Initialized MultithreadedTaskDispatcher with 12 workers.
 -> (artifact id: 'd1bc7b01b41e5b7d82e98a704c96398a') in 0.001960 seconds
Start importing Packages/com.unity.ugui/Runtime/UI/Core/IMask.cs using Guid(ceb629fc661813d40986b4abbefe72c6) Importer(-1,00000000000000000000000000000000) [PhysX] Initialized MultithreadedTaskDispatcher with 12 workers.
 -> (artifact id: 'fb22cae3985473a56c9f4160ce1ef932') in 0.001688 seconds
Start importing Packages/com.unity.test-framework/UnityEditor.TestRunner/GUI/TestListTreeView/TestListTreeViewDataSource.cs using Guid(ce87c287371edde43a4b5fcfdee7b9ef) Importer(-1,00000000000000000000000000000000) [PhysX] Initialized MultithreadedTaskDispatcher with 12 workers.
 -> (artifact id: '91f2936a59f8004c58786bee47d07624') in 0.001735 seconds
Start importing Packages/com.unity.test-framework/UnityEditor.TestRunner/TestRunner/Utils/TestListJob.cs using Guid(dec9066d4afefe444be0dad3f137730d) Importer(-1,00000000000000000000000000000000) [PhysX] Initialized MultithreadedTaskDispatcher with 12 workers.
 -> (artifact id: '4019311eb968fc6a1e5f268fa937744d') in 0.001733 seconds
Start importing Packages/com.unity.test-framework/UnityEditor.TestRunner/Api/ExecutionSettings.cs using Guid(eea34a28297f9bc4c9f4c573bc8d5d1c) Importer(-1,00000000000000000000000000000000) [PhysX] Initialized MultithreadedTaskDispatcher with 12 workers.
 -> (artifact id: '5dc6ac925a89471aa593c8e8d12c329d') in 0.001621 seconds
Start importing Packages/com.unity.test-framework/UnityEditor.TestRunner/TestRun/Tasks/GenerateContextTask.cs using Guid(ee6c7dc47e844c3d823b833abbd5f981) Importer(-1,00000000000000000000000000000000) [PhysX] Initialized MultithreadedTaskDispatcher with 12 workers.
 -> (artifact id: '8649d3db82a24502e667c4867151e997') in 0.001640 seconds
Start importing Packages/com.unity.ugui/Editor/UI/PropertyDrawers/FontDataDrawer.cs using Guid(fea12beeeb5a7a448b5e60f50e40975d) Importer(-1,00000000000000000000000000000000) [PhysX] Initialized MultithreadedTaskDispatcher with 12 workers.
 -> (artifact id: '36f698c7ff56d464196ea6edfb1ef752') in 0.001918 seconds
Start importing Packages/com.unity.ugui/Runtime/UI/Core/Image.cs using Guid(fe87c0e1cc204ed48ad3b37840f39efc) Importer(-1,00000000000000000000000000000000) [PhysX] Initialized MultithreadedTaskDispatcher with 12 workers.
 -> (artifact id: 'f1588991bb1293c47b13f7def7725b58') in 0.002507 seconds
Start importing Packages/com.unity.test-framework/UnityEngine.TestRunner/Utils/AssemblyProvider/IScriptingRuntimeProxy.cs using Guid(fe4aef60e4ace544c8430da8ef8acba2) Importer(-1,00000000000000000000000000000000) [PhysX] Initialized MultithreadedTaskDispatcher with 12 workers.
 -> (artifact id: '1a44366d19fd54e1401eaf06da233035') in 0.001968 seconds
Start importing Packages/com.unity.test-framework/UnityEngine.TestRunner/NUnitExtensions/Attributes/UnityTestAttribute.cs using Guid(fedb0f9e5006b1943abae52f52f08a1a) Importer(-1,00000000000000000000000000000000) [PhysX] Initialized MultithreadedTaskDispatcher with 12 workers.
 -> (artifact id: 'efae74684ce66cc663559fb61b06b96d') in 0.001753 seconds
Start importing Assets/_Game/Scripts/Buildings/DefenseTower.cs using Guid(0ff2dfe75e4b76349bd4fe093f6b1ad2) Importer(-1,00000000000000000000000000000000) [PhysX] Initialized MultithreadedTaskDispatcher with 12 workers.
 -> (artifact id: 'f472d62dc0a014d99916d93df8a3a69d') in 0.002027 seconds
Start importing Packages/com.unity.test-framework/UnityEditor.TestRunner/TestRun/Tasks/Platform/PlatformSpecificCleanupTask.cs using Guid(0f3326f97c0d472bac74dc480099f983) Importer(-1,00000000000000000000000000000000) [PhysX] Initialized MultithreadedTaskDispatcher with 12 workers.
 -> (artifact id: 'f9fd4d26c967c8c174303d2290df54b5') in 0.001749 seconds
Start importing Packages/com.unity.test-framework/UnityEditor.TestRunner/TestRun/Tasks/RestoreProjectSettingsTask.cs using Guid(0f691f67e4ca49a386e31761b0ff8238) Importer(-1,00000000000000000000000000000000) [PhysX] Initialized MultithreadedTaskDispatcher with 12 workers.
 -> (artifact id: 'db5a6952495565476100358919056252') in 0.001659 seconds
Start importing Packages/com.unity.test-framework/UnityEditor.TestRunner/UnityTestProtocol/TestRunData.cs using Guid(0fc9f45e5db884c07b28ac7207622a4b) Importer(-1,00000000000000000000000000000000) [PhysX] Initialized MultithreadedTaskDispatcher with 12 workers.
 -> (artifact id: 'e0f52938b54a2a0fa791d3faa34baf7d') in 0.001675 seconds
Start importing Assets/_Game/Scripts/UI/MobileUiFactory.cs using Guid(1f5f5ab06f1b41f43a6ab2801ec888f6) Importer(-1,00000000000000000000000000000000) [PhysX] Initialized MultithreadedTaskDispatcher with 12 workers.
 -> (artifact id: '878dd08787fe90cde7d897399ad9c1c7') in 0.002155 seconds
Start importing Packages/com.unity.test-framework/UnityEngine.TestRunner/Assertions/OutOfOrderExpectedLogMessageException.cs using Guid(2fcdb9402e0a4427bd5bd01f71ecf6d5) Importer(-1,00000000000000000000000000000000) [PhysX] Initialized MultithreadedTaskDispatcher with 12 workers.
 -> (artifact id: 'b42a3d97127d49c79441c28c5305bf3b') in 0.002186 seconds
Start importing Packages/com.unity.ugui/Runtime/UI/Core/ToggleGroup.cs using Guid(2fafe2cfe61f6974895a912c3755e8f1) Importer(-1,00000000000000000000000000000000) [PhysX] Initialized MultithreadedTaskDispatcher with 12 workers.
 -> (artifact id: '14a0cda88318387e9c4dd3ce5b4ce82f') in 0.002279 seconds
Start importing Packages/com.unity.ugui/Runtime/EventSystem/EventTriggerType.cs using Guid(3fa274f26b1574c40b949e114327022e) Importer(-1,00000000000000000000000000000000) [PhysX] Initialized MultithreadedTaskDispatcher with 12 workers.
 -> (artifact id: '08b0fe4134dda0efbc37ccf55a8a7661') in 0.001747 seconds
Start importing Assets/_Game/Scripts/Data/BuildingData.cs using Guid(3fca54b11bda4f64ebefb0bf98f2ce3d) Importer(-1,00000000000000000000000000000000) [PhysX] Initialized MultithreadedTaskDispatcher with 12 workers.
 -> (artifact id: '9a8b9eb0ded9cb1d74be69d54a0b3541') in 0.001609 seconds
Start importing Packages/com.unity.test-framework/UnityEditor.TestRunner/CommandLineTest/RunData.cs using Guid(3f8c1075884df0249b80e23a0598f9c1) Importer(-1,00000000000000000000000000000000) [PhysX] Initialized MultithreadedTaskDispatcher with 12 workers.
 -> (artifact id: '2d9fdce241c91984c13b3962e21dd023') in 0.001697 seconds
Start importing Packages/com.unity.test-framework/UnityEditor.TestRunner/Api/ITestResultAdaptor.cs using Guid(4f90cfe4bf5cfb44f84a5b11387f2a42) Importer(-1,00000000000000000000000000000000) [PhysX] Initialized MultithreadedTaskDispatcher with 12 workers.
 -> (artifact id: '6cf394cf22cbc3a4a95efc3c476358d1') in 0.001681 seconds
Start importing Packages/com.unity.ugui/Runtime/EventSystem/InputModules/StandaloneInputModule.cs using Guid(4f231c4fb786f3946a6b90b886c48677) Importer(-1,00000000000000000000000000000000) [PhysX] Initialized MultithreadedTaskDispatcher with 12 workers.
 -> (artifact id: 'c95f919feeac3d790dfcc1c2421f8006') in 0.001935 seconds
Start importing Packages/com.unity.test-framework/UnityEngine.TestRunner/NUnitExtensions/ActionDelegator.cs using Guid(4f939b9e23a0946439b812551e07ac81) Importer(-1,00000000000000000000000000000000) [PhysX] Initialized MultithreadedTaskDispatcher with 12 workers.
 -> (artifact id: 'b05760cb695cc747445c5ea1e656dec2') in 0.001642 seconds
Start importing Packages/com.unity.ugui/Tests/Runtime/Button/TestButton.cs using Guid(4f5ed95515938d14189b094f8654d0bd) Importer(-1,00000000000000000000000000000000) [PhysX] Initialized MultithreadedTaskDispatcher with 12 workers.
 -> (artifact id: 'b9f0e1cf7dece212dc42d2cdf9809e10') in 0.001678 seconds
Start importing Packages/com.unity.ugui/Runtime/UI/Core/Text.cs using Guid(5f7201a12d95ffc409449d95f23cf332) Importer(-1,00000000000000000000000000000000) [PhysX] Initialized MultithreadedTaskDispatcher with 12 workers.
 -> (artifact id: 'd98f5ec37a322c6f33e4bdd7dd3b4864') in 0.001531 seconds
Start importing Packages/com.unity.test-framework/UnityEngine.TestRunner/NUnitExtensions/IStateSerializer.cs using Guid(5f875a14565308a40a5262d2504da705) Importer(-1,00000000000000000000000000000000) [PhysX] Initialized MultithreadedTaskDispatcher with 12 workers.
 -> (artifact id: '5dce9e3a147a5d96ed2a19f427cf1bf6') in 0.001874 seconds
Start importing Packages/com.unity.ugui/Editor/EventSystem/EventSystemEditor.cs using Guid(6f72aa6eab9392548b9e9d92eb6b2ef8) Importer(-1,00000000000000000000000000000000) [PhysX] Initialized MultithreadedTaskDispatcher with 12 workers.
 -> (artifact id: 'd51e63cb6872892596ff03d4f6d8589d') in 0.001944 seconds
Start importing Packages/com.unity.ugui/Tests/Runtime/EventSystem/Physics2DRaycasterTests.cs using Guid(6fb761a492f57d84586a8264df7b3cc0) Importer(-1,00000000000000000000000000000000) [PhysX] Initialized MultithreadedTaskDispatcher with 12 workers.
 -> (artifact id: '29e5358ba7967be8dd062ef51b6d4752') in 0.001739 seconds
Start importing Packages/com.unity.test-framework/UnityEngine.TestRunner/NUnitExtensions/Commands/BeforeAfterTestCommandState.cs using Guid(7f65567c9026afb4db5de3355accc636) Importer(-1,00000000000000000000000000000000) [PhysX] Initialized MultithreadedTaskDispatcher with 12 workers.
 -> (artifact id: '1216e2d231500f6df2f3be58fbf74b66') in 0.002125 seconds
Start importing Assets/_Game/Scripts/Battle/UnitSpawner.cs using Guid(7f89f9e0d7aaf3b45af71efacd98084f) Importer(-1,00000000000000000000000000000000) [PhysX] Initialized MultithreadedTaskDispatcher with 12 workers.
 -> (artifact id: '5196b20cebf2b1d62ffef3a5e32da674') in 0.001639 seconds
Start importing Assets/_Game/Scripts/Visuals/ToonyRtsVisualApplier.cs using Guid(7f7d8dc6a73c08e498ec669f00562dde) Importer(-1,00000000000000000000000000000000) [PhysX] Initialized MultithreadedTaskDispatcher with 12 workers.
 -> (artifact id: 'bb422203b13728fcb02951e7bf45a4f6') in 0.001719 seconds
Start importing Assets/_Game/Editor/RTSSetupWizard.cs using Guid(8f5cd3203aea0684ab0bffdaa1336f70) Importer(-1,00000000000000000000000000000000) [PhysX] Initialized MultithreadedTaskDispatcher with 12 workers.
 -> (artifact id: 'fcb4a25f9c07b52be7382d46f51bde5d') in 0.001705 seconds
Start importing Packages/com.unity.test-framework/UnityEditor.TestRunner/Api/ICallbacksDelegator.cs using Guid(8f8f74fe8e363da42875d9cab025d3b2) Importer(-1,00000000000000000000000000000000) [PhysX] Initialized MultithreadedTaskDispatcher with 12 workers.
 -> (artifact id: '645237247db66bd320deb26811e8cb66') in 0.001548 seconds
Start importing Packages/com.unity.ugui/Runtime/UI/Core/Culling/ClipperRegistry.cs using Guid(9f1026265f8e3d54fb6e9f082c43debf) Importer(-1,00000000000000000000000000000000) [PhysX] Initialized MultithreadedTaskDispatcher with 12 workers.
 -> (artifact id: 'fd94420c8ce3a858520431a3ba2f0950') in 0.001717 seconds
Start importing Packages/com.unity.test-framework/UnityEditor.TestRunner/UnityTestProtocol/Messages/PlayerSystemInfoMessage.cs using Guid(9f33b8e923ff41deaa73bc2c1f90d9a1) Importer(-1,00000000000000000000000000000000) [PhysX] Initialized MultithreadedTaskDispatcher with 12 workers.
 -> (artifact id: '75e5816b94d36f6dcf999bf3b1102f3b') in 0.001715 seconds
Start importing Assets/_Game/Scripts/Visuals/ToonyRtsVisualLibrary.cs using Guid(9f362e50e2cbab94dbd8ce1d3be0f5b1) Importer(-1,00000000000000000000000000000000) [PhysX] Initialized MultithreadedTaskDispatcher with 12 workers.
 -> (artifact id: '02cfae55028b6b2126894b86606fa75c') in 0.002653 seconds
Start importing Packages/com.unity.test-framework/UnityEngine.TestRunner/Utils/FloatEqualityComparer.cs using Guid(af5042802f06c804c8abddd544b77a4a) Importer(-1,00000000000000000000000000000000) [PhysX] Initialized MultithreadedTaskDispatcher with 12 workers.
 -> (artifact id: '8169fd4b74c0e3d6b86a52a768e847c3') in 0.001726 seconds
Start importing Packages/com.unity.ugui/Tests/Runtime/EventSystem/InputModuleTests/PointerExitCallbackCheck.cs using Guid(af94bd3a805f27e42ab86647265be74e) Importer(-1,00000000000000000000000000000000) [PhysX] Initialized MultithreadedTaskDispatcher with 12 workers.
 -> (artifact id: '8302ddb7f313a157d823e895aec5612c') in 0.002278 seconds
Start importing Packages/com.unity.ugui/Runtime/UI/Core/DefaultControls.cs using Guid(bf87e20fb5440ec498f441167b5291f8) Importer(-1,00000000000000000000000000000000) [PhysX] Initialized MultithreadedTaskDispatcher with 12 workers.
 -> (artifact id: 'a8b50e5a5c497ea849fbdbdee339dd78') in 0.001710 seconds
Start importing Packages/com.unity.ugui/Runtime/UI/Core/CanvasUpdateRegistry.cs using Guid(bfb788a43e03363419155b8af77da971) Importer(-1,00000000000000000000000000000000) [PhysX] Initialized MultithreadedTaskDispatcher with 12 workers.
 -> (artifact id: 'ec6a6e24927c146a9eddd16c509c29a0') in 0.001637 seconds
Start importing Packages/com.unity.ugui/Runtime/UI/Core/VertexModifiers/Shadow.cs using Guid(cfabb0440166ab443bba8876756fdfa9) Importer(-1,00000000000000000000000000000000) [PhysX] Initialized MultithreadedTaskDispatcher with 12 workers.
 -> (artifact id: 'a95b4ca3f5df89b9a5816f6f7859ef43') in 0.001555 seconds
Start importing Packages/com.unity.test-framework/UnityEngine.TestRunner/TestRunner/Callbacks/TestResultRendererCallback.cs using Guid(dfc336f10b83bd74eaded16a658275c7) Importer(-1,00000000000000000000000000000000) [PhysX] Initialized MultithreadedTaskDispatcher with 12 workers.
 -> (artifact id: 'cfb8735f1ab889686868f06222b509de') in 0.001508 seconds
Start importing Packages/com.unity.ugui/Tests/Runtime/Canvas/CanvasSizeCorrectInAwakeAndStartScript.cs using Guid(df1ba932d4ce4534e97a0f10c85cd3c9) Importer(-1,00000000000000000000000000000000) [PhysX] Initialized MultithreadedTaskDispatcher with 12 workers.
 -> (artifact id: 'd0188aa775b32f01f0800cc00a4525b1') in 0.001818 seconds
Start importing Packages/com.unity.test-framework/UnityEditor.TestRunner/CommandLineTest/ResultsSavingCallbacks.cs using Guid(ef563c5a6ecf64d4193dc144cb7d472a) Importer(-1,00000000000000000000000000000000) [PhysX] Initialized MultithreadedTaskDispatcher with 12 workers.
 -> (artifact id: '69682ac5fa90f96b9ef389c0fd9d940d') in 0.002031 seconds
Start importing Packages/com.unity.test-framework/UnityEditor.TestRunner/UnityTestProtocol/Data/QualitySettings.cs using Guid(efce3ac61ba34d3590656de761a677e3) Importer(-1,00000000000000000000000000000000) [PhysX] Initialized MultithreadedTaskDispatcher with 12 workers.
 -> (artifact id: '39cd2d6b76f96787f96e6fb3018bc0dc') in 0.002221 seconds
Start importing Packages/com.unity.test-framework/UnityEngine.TestRunner/Assertions/UnityTestTimeoutException.cs using Guid(ffb335140c799c4408411d81789fb05c) Importer(-1,00000000000000000000000000000000) [PhysX] Initialized MultithreadedTaskDispatcher with 12 workers.
 -> (artifact id: '374a6b1f76582863675c0ba735774679') in 0.003214 seconds
Start importing Packages/com.unity.test-framework/UnityEngine.TestRunner/Utils/IPostBuildCleanup.cs using Guid(ff67c526455160f4690a44f74dee4cbe) Importer(-1,00000000000000000000000000000000) [PhysX] Initialized MultithreadedTaskDispatcher with 12 workers.
 -> (artifact id: '836ba899ca37cf61ca8720f29854b5ed') in 0.001832 seconds
Start importing Packages/com.unity.test-framework/UnityEngine.TestRunner/NUnitExtensions/Attributes/EnumeratorHelper.cs using Guid(ff0aad009559b814ffc27001341fc1c3) Importer(-1,00000000000000000000000000000000) [PhysX] Initialized MultithreadedTaskDispatcher with 12 workers.
 -> (artifact id: '501cd2b463dc06c098298ab76d20f6e1') in 0.001640 seconds
Start importing Packages/com.unity.modules.ui/package.ModuleCompilationTrigger using Guid(51fa60bb2bd1e5bc74e8cc95a7bfd5b7) Importer(-1,00000000000000000000000000000000) [PhysX] Initialized MultithreadedTaskDispatcher with 12 workers.
 -> (artifact id: 'de6b732927334cdcd0a160fab7e0c0ba') in 0.017482 seconds
Start importing Packages/com.unity.modules.unityanalytics/package.ModuleCompilationTrigger using Guid(71136fc5cf34f2cc10be0e33c0b08019) Importer(-1,00000000000000000000000000000000) [PhysX] Initialized MultithreadedTaskDispatcher with 12 workers.
 -> (artifact id: '28443bd98fee583c3e370ae0d1280f29') in 0.000602 seconds
Start importing Packages/com.unity.modules.tilemap/package.ModuleCompilationTrigger using Guid(a1c42005fe7c5d78585a77ce396a5eea) Importer(-1,00000000000000000000000000000000) [PhysX] Initialized MultithreadedTaskDispatcher with 12 workers.
 -> (artifact id: 'f4e7f56b0807ad41ede44dd4ddbc8ad1') in 0.000496 seconds
Start importing Packages/com.unity.modules.assetbundle/package.ModuleCompilationTrigger using Guid(222fc39b0c85d800342910da2cd64781) Importer(-1,00000000000000000000000000000000) [PhysX] Initialized MultithreadedTaskDispatcher with 12 workers.
 -> (artifact id: '65d89c73641bdd1854f79cbc51606c2c') in 0.000461 seconds
Start importing Packages/com.unity.modules.unitywebrequest/package.ModuleCompilationTrigger using Guid(d2ec2d1228c8e67cdd913cb5609176a2) Importer(-1,00000000000000000000000000000000) [PhysX] Initialized MultithreadedTaskDispatcher with 12 workers.
 -> (artifact id: '172c58f0c21bf4c946e0b186250e1d67') in 0.000427 seconds
Start importing Packages/com.unity.modules.ai/package.ModuleCompilationTrigger using Guid(e2d09a26ce46dc617b54e49a534ace20) Importer(-1,00000000000000000000000000000000) [PhysX] Initialized MultithreadedTaskDispatcher with 12 workers.
 -> (artifact id: 'a24ea1244c90bdf007089df7bfde6c08') in 0.000411 seconds
Start importing Packages/com.unity.modules.terrain/package.ModuleCompilationTrigger using Guid(23032f4383e95e772bce465c5896d0fd) Importer(-1,00000000000000000000000000000000) [PhysX] Initialized MultithreadedTaskDispatcher with 12 workers.
 -> (artifact id: 'e5571763118c2d59b1654f4791e8996c') in 0.000436 seconds
Start importing Packages/com.unity.modules.imageconversion/package.ModuleCompilationTrigger using Guid(830a36a23cf3ab1e61fa47940a6dc35e) Importer(-1,00000000000000000000000000000000) [PhysX] Initialized MultithreadedTaskDispatcher with 12 workers.
 -> (artifact id: '45ef1d7240373ebfdfbde026e09b19ed') in 0.000411 seconds
Start importing Packages/com.unity.modules.unitywebrequesttexture/package.ModuleCompilationTrigger using Guid(a31a332ce3485f00f7df8d987302a29c) Importer(-1,00000000000000000000000000000000) [PhysX] Initialized MultithreadedTaskDispatcher with 12 workers.
 -> (artifact id: '174de67cc8335cb19301e6f51a0bbf07') in 0.000447 seconds
Start importing Packages/com.unity.modules.audio/package.ModuleCompilationTrigger using Guid(042dc296246916648e55a43d0eeb2036) Importer(-1,00000000000000000000000000000000) [PhysX] Initialized MultithreadedTaskDispatcher with 12 workers.
 -> (artifact id: 'be05e67044c0e17bd077fbc81e6daf4f') in 0.000402 seconds
Start importing Packages/com.unity.modules.unitywebrequestaudio/package.ModuleCompilationTrigger using Guid(553737203d61a8109f9544a97201e1aa) Importer(-1,00000000000000000000000000000000) [PhysX] Initialized MultithreadedTaskDispatcher with 12 workers.
 -> (artifact id: '05b4da5c39031d20f996abbba25f2a42') in 0.000423 seconds
Start importing Packages/com.unity.modules.vr/package.ModuleCompilationTrigger using Guid(b5bd8fa6f4c55ab6f09322b86d18b0e3) Importer(-1,00000000000000000000000000000000) [PhysX] Initialized MultithreadedTaskDispatcher with 12 workers.
 -> (artifact id: '2f9f25667ba12d3a842ef9ab778941e8') in 0.000520 seconds
Start importing Packages/com.unity.modules.vehicles/package.ModuleCompilationTrigger using Guid(e5c46c19ce0ce2e0103aa6f82df1043a) Importer(-1,00000000000000000000000000000000) [PhysX] Initialized MultithreadedTaskDispatcher with 12 workers.
 -> (artifact id: '53d84c0805d7c29fb84b8288d8a9a18a') in 0.000554 seconds
Start importing Packages/com.unity.modules.unitywebrequestassetbundle/package.ModuleCompilationTrigger using Guid(7610600f5c83e01041a6fe849d39279f) Importer(-1,00000000000000000000000000000000) [PhysX] Initialized MultithreadedTaskDispatcher with 12 workers.
 -> (artifact id: '89ae8295d436626749dccea3f1263729') in 0.000448 seconds
Start importing Packages/com.unity.modules.jsonserialize/package.ModuleCompilationTrigger using Guid(e6a135e3ea9cb46795d1b0e05ac3e1e5) Importer(-1,00000000000000000000000000000000) [PhysX] Initialized MultithreadedTaskDispatcher with 12 workers.
 -> (artifact id: '9ea15046aca71692d8a4dc5833bcdd5f') in 0.000427 seconds
Start importing Packages/com.unity.modules.video/package.ModuleCompilationTrigger using Guid(f62135e79edb837b2d2ee3c524da864c) Importer(-1,00000000000000000000000000000000) [PhysX] Initialized MultithreadedTaskDispatcher with 12 workers.
 -> (artifact id: '2497985b60510e90cafddde8e4d3d1be') in 0.000486 seconds
Start importing Packages/com.unity.modules.particlesystem/package.ModuleCompilationTrigger using Guid(17f093324b67f5bd57e55b546736750e) Importer(-1,00000000000000000000000000000000) [PhysX] Initialized MultithreadedTaskDispatcher with 12 workers.
 -> (artifact id: '6619675033c5b443ad1cd0a8019f6947') in 0.000488 seconds
Start importing Packages/com.unity.modules.xr/package.ModuleCompilationTrigger using Guid(c7a8b0317f4e68556d7509828e9e211e) Importer(-1,00000000000000000000000000000000) [PhysX] Initialized MultithreadedTaskDispatcher with 12 workers.
 -> (artifact id: 'c2010b4fd95e949a214b19afe577caae') in 0.000431 seconds
Start importing Packages/com.unity.modules.cloth/package.ModuleCompilationTrigger using Guid(082fbee38a82835433261a5e9c00e267) Importer(-1,00000000000000000000000000000000) [PhysX] Initialized MultithreadedTaskDispatcher with 12 workers.
 -> (artifact id: '8f5c231b51acc501dd99da8f56c1df21') in 0.000421 seconds
Start importing Packages/com.unity.modules.androidjni/package.ModuleCompilationTrigger using Guid(c82e859b16636ddd2ca4a1f63fd34938) Importer(-1,00000000000000000000000000000000) [PhysX] Initialized MultithreadedTaskDispatcher with 12 workers.
 -> (artifact id: '9742e1e9fa95921e449aa81ce7230bda') in 0.000429 seconds
Start importing Packages/com.unity.modules.director/package.ModuleCompilationTrigger using Guid(c88e90bad18cceb5d182d0c805883056) Importer(-1,00000000000000000000000000000000) [PhysX] Initialized MultithreadedTaskDispatcher with 12 workers.
 -> (artifact id: '239967c49a9eb78550a762fa3ed6f4f1') in 0.000410 seconds
Start importing Packages/com.unity.modules.wind/package.ModuleCompilationTrigger using Guid(2adec19fac7df68adf1fd6eb83197bb1) Importer(-1,00000000000000000000000000000000) [PhysX] Initialized MultithreadedTaskDispatcher with 12 workers.
 -> (artifact id: 'f7c6d67054f5a72eaab3cc47de295ed5') in 0.000559 seconds
Start importing Packages/com.unity.modules.uielements/package.ModuleCompilationTrigger using Guid(8a752aaaadd2410dd9a84e01c1bace9f) Importer(-1,00000000000000000000000000000000) [PhysX] Initialized MultithreadedTaskDispatcher with 12 workers.
 -> (artifact id: 'f47c08d8297413b7bb65b64358c8d75a') in 0.000456 seconds
Start importing Packages/com.unity.modules.umbra/package.ModuleCompilationTrigger using Guid(1b6246f2248883964991eac9e9b4817c) Importer(-1,00000000000000000000000000000000) [PhysX] Initialized MultithreadedTaskDispatcher with 12 workers.
 -> (artifact id: '94d392e4553521c5a25bc32d17c75fb0') in 0.000425 seconds
Start importing Packages/com.unity.modules.terrainphysics/package.ModuleCompilationTrigger using Guid(cbb1a39d56ce4d9ac1a46ac505893fa7) Importer(-1,00000000000000000000000000000000) [PhysX] Initialized MultithreadedTaskDispatcher with 12 workers.
 -> (artifact id: '98b919966ab363a4c4ee6c7468f98633') in 0.000427 seconds
Start importing Packages/com.unity.modules.animation/package.ModuleCompilationTrigger using Guid(db8e609a39b9b231fccc54e5fa4cbd1b) Importer(-1,00000000000000000000000000000000) [PhysX] Initialized MultithreadedTaskDispatcher with 12 workers.
 -> (artifact id: 'c19e35bc818eacdec0d71fc29b6f419c') in 0.000411 seconds
Start importing Packages/com.unity.modules.physics/package.ModuleCompilationTrigger using Guid(5c1ee4056d0ac7ad3c5a16597fcaa38a) Importer(-1,00000000000000000000000000000000) [PhysX] Initialized MultithreadedTaskDispatcher with 12 workers.
 -> (artifact id: 'e7d8d6b430389f69a13032c5a4e700b5') in 0.000416 seconds
Start importing Packages/com.unity.modules.subsystems/package.ModuleCompilationTrigger using Guid(8d4bc6bfa28760b29f13174d6b6ea710) Importer(-1,00000000000000000000000000000000) [PhysX] Initialized MultithreadedTaskDispatcher with 12 workers.
 -> (artifact id: '2c935006139ac2e80aa510ae54d59208') in 0.000641 seconds
Start importing Packages/com.unity.modules.screencapture/package.ModuleCompilationTrigger using Guid(cd561f5f687aed43bf280c27a84f79e3) Importer(-1,00000000000000000000000000000000) [PhysX] Initialized MultithreadedTaskDispatcher with 12 workers.
 -> (artifact id: 'f0d56b5144b4707feba9a1b583a5d9ab') in 0.001068 seconds
Start importing Packages/com.unity.modules.unitywebrequestwww/package.ModuleCompilationTrigger using Guid(ae87256f29d9c8b50490f4caf75b2c41) Importer(-1,00000000000000000000000000000000) [PhysX] Initialized MultithreadedTaskDispatcher with 12 workers.
 -> (artifact id: '2bea182a0d15c36db9a34766a6e92ef6') in 0.000561 seconds
Start importing Packages/com.unity.modules.imgui/package.ModuleCompilationTrigger using Guid(be13c398521e3c1ad21fb9da30ab2ab6) Importer(-1,00000000000000000000000000000000) [PhysX] Initialized MultithreadedTaskDispatcher with 12 workers.
 -> (artifact id: 'fb0254cf6fb92f161fb370419b870ba2') in 0.000934 seconds
Start importing Packages/com.unity.modules.physics2d/package.ModuleCompilationTrigger using Guid(fe6a6957b37b61417b457a1e0541791d) Importer(-1,00000000000000000000000000000000) [PhysX] Initialized MultithreadedTaskDispatcher with 12 workers.
 -> (artifact id: '6dd9dd594baf916b36a412720c0b0e0f') in 0.000574 seconds
Refreshing native plugins compatible for Editor in 0.00 ms, found 0 plugins.
Native extension for WindowsStandalone target not found
Native extension for Android target not found
Native extension for WebGL target not found
Mono: successfully reloaded assembly
- Finished resetting the current domain, in  0.275 seconds
Domain Reload Profiling: 615ms
	BeginReloadAssembly (123ms)
		ExecutionOrderSort (0ms)
		DisableScriptedObjects (3ms)
		BackupInstance (0ms)
		ReleaseScriptingObjects (0ms)
		CreateAndSetChildDomain (24ms)
	RebuildCommonClasses (27ms)
	RebuildNativeTypeToScriptingClass (8ms)
	initialDomainReloadingComplete (26ms)
	LoadAllAssembliesAndSetupDomain (156ms)
		LoadAssemblies (172ms)
		RebuildTransferFunctionScriptingTraits (0ms)
		AnalyzeDomain (48ms)
			TypeCache.Refresh (42ms)
				TypeCache.ScanAssembly (31ms)
			ScanForSourceGeneratedMonoScriptInfo (3ms)
			ResolveRequiredComponents (2ms)
	FinalizeReload (276ms)
		ReleaseScriptCaches (0ms)
		RebuildScriptCaches (0ms)
		SetupLoadedEditorAssemblies (178ms)
			LogAssemblyErrors (0ms)
			InitializePlatformSupportModulesInManaged (20ms)
			SetLoadedEditorAssemblies (3ms)
			RefreshPlugins (0ms)
			BeforeProcessingInitializeOnLoad (18ms)
			ProcessInitializeOnLoadAttributes (111ms)
			ProcessInitializeOnLoadMethodAttributes (18ms)
			AfterProcessingInitializeOnLoad (7ms)
			EditorAssembliesLoaded (0ms)
		ExecutionOrderSort2 (0ms)
		AwakeInstancesAfterBackupRestoration (7ms)
Start importing Library/BuildPlayer.prefs using Guid(00000000000000005000000000000000) Importer(-1,00000000000000000000000000000000) [PhysX] Initialized MultithreadedTaskDispatcher with 12 workers.
 -> (artifact id: '1d2399cfa7f39703e94ecc115c6bf35d') in 0.025783 seconds
Start importing Assets/SimpleNaturePack/SimpleNaturePack_2020.3_URP_v1.24.unitypackage using Guid(f58d25b9e504a4f41ab4a71cf87c1845) Importer(-1,00000000000000000000000000000000) [PhysX] Initialized MultithreadedTaskDispatcher with 12 workers.
 -> (artifact id: '18625b550856f97076d41d32d3e95679') in 0.001961 seconds
Start importing Assets/SimpleNaturePack/SimpleNaturePack_2020.3_HDRP_v1.24.unitypackage using Guid(58f7e79a87c79824597746e8c1bfe400) Importer(-1,00000000000000000000000000000000) [PhysX] Initialized MultithreadedTaskDispatcher with 12 workers.
 -> (artifact id: '692e8f25cc4c15f27ae25316b3c49613') in 0.000586 seconds
Start importing Assets/SimpleNaturePack/Scenes/SimpleNaturePack_Overview.unity using Guid(b818941d93326b949a3840a1d79ea88f) Importer(-1,00000000000000000000000000000000) [PhysX] Initialized MultithreadedTaskDispatcher with 12 workers.
 -> (artifact id: '81ce3f1fd1f61c761cc2298ca0fc83c4') in 0.000482 seconds
Start importing Assets/_Game/Scenes/02_BaseBuilder.unity using Guid(e8ec15f5439bab2d579caa47e52e9dc7) Importer(-1,00000000000000000000000000000000) [PhysX] Initialized MultithreadedTaskDispatcher with 12 workers.
 -> (artifact id: 'f6c1239fcd9195d315a662e8f8e14ada') in 0.000429 seconds
Start importing Assets/_Game/Scenes/05_TestBattle.unity using Guid(da0dfe2d1eded6840bf9f6f8d8f2fedc) Importer(-1,00000000000000000000000000000000) [PhysX] Initialized MultithreadedTaskDispatcher with 12 workers.
 -> (artifact id: '2fd4ff9d77816239788bdfc5f09e70d8') in 0.000801 seconds
Start importing Assets/_Game/Scenes/04_Result.unity using Guid(9cde8eb2419f423933e8a32a2e3acce6) Importer(-1,00000000000000000000000000000000) [PhysX] Initialized MultithreadedTaskDispatcher with 12 workers.
 -> (artifact id: 'ce6b0e1d584cbaefbb1155a35f90fb93') in 0.000506 seconds
Start importing Assets/_Game/Scenes/03_Battle.unity using Guid(ec1ccd72e09ec409ad43b7b314f6d812) Importer(-1,00000000000000000000000000000000) [PhysX] Initialized MultithreadedTaskDispatcher with 12 workers.
 -> (artifact id: 'f696411417a765732b3a415ac6e52c0c') in 0.000436 seconds
Start importing Packages/com.unity.nuget.newtonsoft-json/Runtime/Newtonsoft.Json.pdb using Guid(7d34f3cc1c0185b4990cf748e55a8688) Importer(-1,00000000000000000000000000000000) [PhysX] Initialized MultithreadedTaskDispatcher with 12 workers.
 -> (artifact id: '554e6b238f43183443174e89c4bd532a') in 0.002027 seconds
Start importing Assets/SimpleNaturePack/Scenes/SimpleNaturePack_Demo.unity using Guid(5e7af4bd95ac53a4cb784a9eedf8f6f9) Importer(-1,00000000000000000000000000000000) [PhysX] Initialized MultithreadedTaskDispatcher with 12 workers.
 -> (artifact id: '2b93c685f4f701794bf61abf8d31bfc3') in 0.000517 seconds
Start importing Assets/_Game/Scenes/01_MainMenu.unity using Guid(8fe3a699cfd16730052d2984df24148f) Importer(-1,00000000000000000000000000000000) [PhysX] Initialized MultithreadedTaskDispatcher with 12 workers.
 -> (artifact id: '263ba5e78dfe028d92afd5d699e6e2e7') in 0.000435 seconds
Start importing Packages/com.unity.nuget.newtonsoft-json/Runtime/AOT/Newtonsoft.Json.pdb using Guid(1396f5bdc432cd247ac75b97a31e4d1a) Importer(-1,00000000000000000000000000000000) [PhysX] Initialized MultithreadedTaskDispatcher with 12 workers.
 -> (artifact id: '83be6f3a5ed0d888b46861a9e77944b6') in 0.000535 seconds
Start importing Assets/ToonyTinyPeople/TT_RTS/TT_RTS_Standard/sample_scene/TT_RTS_sample_scene.unity using Guid(b0726ebb49a5b894caadeb01cc596516) Importer(-1,00000000000000000000000000000000) [PhysX] Initialized MultithreadedTaskDispatcher with 12 workers.
 -> (artifact id: '0bd8b8661c83db46d407b0c2e359e84a') in 0.000453 seconds
Start importing Assets/ToonyTinyPeople/TT_RTS/TT_RTS_standard_demo/sample_scene/TT_RTS_demo_sample_scene.unity using Guid(f8a018ba0df906c4d91b93f1892f367f) Importer(-1,00000000000000000000000000000000) [PhysX] Initialized MultithreadedTaskDispatcher with 12 workers.
 -> (artifact id: 'bcfe9afe26afd7ccd7f196fccbed0bdb') in 0.000418 seconds
Start importing Assets/ToonyTinyPeople/TT_RTS/TT_RTS_Standard/FX/materials/textures/Smoke_A.psd using Guid(00ef5cb1ee96315459a478b746dc3ad1) Importer(-1,00000000000000000000000000000000) [PhysX] Initialized MultithreadedTaskDispatcher with 12 workers.
 -> (artifact id: 'c01dea1c5b26735175ff4d7ecf11c90a') in 0.017504 seconds
Start importing Assets/ToonyTinyPeople/TT_RTS/TT_RTS_Standard/models/materials/color/Buildings/textures/TT_RTS_Buildings_red.tga using Guid(3095d9ea53f5b6c4e9ed75b6aba933f9) Importer(-1,00000000000000000000000000000000) [PhysX] Initialized MultithreadedTaskDispatcher with 12 workers.
 -> (artifact id: '84d0ace0842aa85d9c55f953757e55a4') in 0.018710 seconds
Start importing Assets/ToonyTinyPeople/TT_RTS/TT_RTS_Standard/FX/materials/textures/Flames_A.psd using Guid(30dc374ffbe937e42b417eaafa293738) Importer(-1,00000000000000000000000000000000) [PhysX] Initialized MultithreadedTaskDispatcher with 12 workers.
 -> (artifact id: '9f036c27dd5bdb8506cfe70b9cbaa998') in 0.011263 seconds
Start importing Assets/ToonyTinyPeople/TT_RTS/TT_RTS_Standard/models/materials/color/Buildings/textures/TT_RTS_Buildings_yellow.tga using Guid(7085117599da88643bf1a4ce3865666a) Importer(-1,00000000000000000000000000000000) [PhysX] Initialized MultithreadedTaskDispatcher with 12 workers.
 -> (artifact id: '88ada6230f45239a0b6321f617727832') in 0.014240 seconds
Start importing Assets/Resources/MadDragonArt/Icons/shield.png using Guid(9061d2db9340fee41b6fec43c5dda6af) Importer(-1,00000000000000000000000000000000) [PhysX] Initialized MultithreadedTaskDispatcher with 12 workers.
 -> (artifact id: '0dbaf89a933af643d8956ba5df06ccb9') in 0.007103 seconds
Start importing Assets/Resources/MadDragonArt/Ui/unit_card_red.png using Guid(908dc8f648fc9024586da61036e940e0) Importer(-1,00000000000000000000000000000000) [PhysX] Initialized MultithreadedTaskDispatcher with 12 workers.
 -> (artifact id: '068197021ce1451fe6acf92a9887b990') in 0.004470 seconds
Start importing Assets/ToonyTinyPeople/TT_RTS/TT_RTS_Standard/sample_scene/quad 1.tga using Guid(a03cfce4b74be5848a849369f8d6e485) Importer(-1,00000000000000000000000000000000) [PhysX] Initialized MultithreadedTaskDispatcher with 12 workers.
 -> (artifact id: '07bfd6094ea4b9b5271d38c86507ab8f') in 0.007110 seconds
Start importing Assets/Resources/MadDragonArt/Ui/panel_dark.png using Guid(b07e56ae0693a18419ea365d4a5b81e4) Importer(-1,00000000000000000000000000000000) [PhysX] Initialized MultithreadedTaskDispatcher with 12 workers.
 -> (artifact id: 'ecb592482a8754c6a31a7c1d7ba5f9f4') in 0.005146 seconds
Start importing Assets/ToonyTinyPeople/TT_RTS/TT_RTS_Standard/FX/materials/textures/Small_particle.psd using Guid(d02f9739f0bf15149a7a54cf3b9750b5) Importer(-1,00000000000000000000000000000000) [PhysX] Initialized MultithreadedTaskDispatcher with 12 workers.
 -> (artifact id: '91d0d27be9647ff2481bbf401c66bfdb') in 0.002872 seconds
Start importing Assets/ToonyTinyPeople/TT_RTS/TT_RTS_Standard/models/materials/color/Units/Textures/TT_RTS_Units_green.tga using Guid(f078597f9474185438764cc8036a2769) Importer(-1,00000000000000000000000000000000) [PhysX] Initialized MultithreadedTaskDispatcher with 12 workers.
 -> (artifact id: '33b00dfe3e0f9dc2f3a92fc78518d940') in 0.016105 seconds
Start importing Assets/Resources/MadDragonArt/Buildings/barracks.png using Guid(b1a4eb0a1abce1b41bd4028a63857592) Importer(-1,00000000000000000000000000000000) [PhysX] Initialized MultithreadedTaskDispatcher with 12 workers.
 -> (artifact id: 'b792b82dc538b2d313e142088f61f561') in 0.008688 seconds
Start importing Assets/ToonyTinyPeople/TT_RTS/TT_RTS_Standard/models/materials/color/Units/Textures/TT_RTS_Units_purple.tga using Guid(22d77b1eda346b9439d2243a783ecc46) Importer(-1,00000000000000000000000000000000) [PhysX] Initialized MultithreadedTaskDispatcher with 12 workers.
 -> (artifact id: '214eeb49f59aaef8b6bdf27ffbd74940') in 0.016050 seconds
Start importing Assets/Resources/MadDragonArt/Units/archer.png using Guid(321334e2b588b4c40b5d442233b328c1) Importer(-1,00000000000000000000000000000000) [PhysX] Initialized MultithreadedTaskDispatcher with 12 workers.
 -> (artifact id: '9056ceacb25d35347b180ed8ffe5a345') in 0.007430 seconds
Start importing Assets/ToonyTinyPeople/TT_RTS/TT_RTS_Standard/models/materials/color/TT_RTS_Buildings_ColorGenerator.psd using Guid(32e4d26a87db84f4b9cc4902d9bf896d) Importer(-1,00000000000000000000000000000000) [PhysX] Initialized MultithreadedTaskDispatcher with 12 workers.
 -> (artifact id: 'd38614246b2a00c271b1f3be656dc844') in 0.012500 seconds
Start importing Assets/ToonyTinyPeople/TT_RTS/TT_RTS_Standard/FX/materials/textures/Explo_A.psd using Guid(429a6b1c18f7fe44f967d0764eba8b96) Importer(-1,00000000000000000000000000000000) [PhysX] Initialized MultithreadedTaskDispatcher with 12 workers.
 -> (artifact id: '08a9e7a8e6f3bce80a0cfda79396aae0') in 0.006445 seconds
Start importing Assets/ToonyTinyPeople/TT_RTS/TT_RTS_Standard/models/materials/color/TT_RTS_Units_ColorGenerator.psd using Guid(720f9a1c262e9fa4084e0592a8a93319) Importer(-1,00000000000000000000000000000000) [PhysX] Initialized MultithreadedTaskDispatcher with 12 workers.
 -> (artifact id: '8d8a37c8ad1172708193cf42e7a875c6') in 0.016879 seconds
Start importing Assets/_Game/Art/Generated/maddragon_unit_card_atlas.png using Guid(b294ac1dfe4db4447a92f709dfa3592f) Importer(-1,00000000000000000000000000000000) [PhysX] Initialized MultithreadedTaskDispatcher with 12 workers.
 -> (artifact id: '3fac35a958f5b14172b4d12781bcf78b') in 0.046403 seconds
Start importing Assets/Resources/MadDragonArt/Icons/fireball.png using Guid(f220eeb00f5bce940a870571492d16c5) Importer(-1,00000000000000000000000000000000) [PhysX] Initialized MultithreadedTaskDispatcher with 12 workers.
 -> (artifact id: 'c24bad1018279ae2030b1741a27201e4') in 0.004669 seconds
Start importing Assets/icon.png using Guid(53cf44e0f7a2bce4f8c66f3c684fa79e) Importer(-1,00000000000000000000000000000000) [PhysX] Initialized MultithreadedTaskDispatcher with 12 workers.
 -> (artifact id: '402462f9ac2ffb88bde14b79412bd9db') in 0.056171 seconds
Start importing Assets/ToonyTinyPeople/TT_RTS/TT_RTS_Standard/models/materials/color/Units/Textures/TT_RTS_Units_brown.tga using Guid(83d34ce4a060b114aa5b8703cde1556f) Importer(-1,00000000000000000000000000000000) [PhysX] Initialized MultithreadedTaskDispatcher with 12 workers.
 -> (artifact id: 'c0ca75a1e5ee1cdb711920192604db9e') in 0.031875 seconds
Start importing Assets/Resources/MadDragonArt/Icons/heal.png using Guid(c3a2b0bb6567b4c49acbb368d4aa40ef) Importer(-1,00000000000000000000000000000000) [PhysX] Initialized MultithreadedTaskDispatcher with 12 workers.
 -> (artifact id: 'ae6b63f9d48977bb4a541203f2f631c5') in 0.005293 seconds
Start importing Assets/_Game/Art/Generated/maddragon_building_atlas.png using Guid(d3aea865c1f20cd43be3f1a5008d1295) Importer(-1,00000000000000000000000000000000) [PhysX] Initialized MultithreadedTaskDispatcher with 12 workers.
 -> (artifact id: '2ec7d9aaaad3929cc72920bb953b90d6') in 0.045392 seconds
Start importing Assets/_Game/Art/Generated/maddragon_ui_kit_atlas.png using Guid(24c12ca41c0c0ba409f204ed536d7721) Importer(-1,00000000000000000000000000000000) [PhysX] Initialized MultithreadedTaskDispatcher with 12 workers.
 -> (artifact id: 'dc49e078f7356f5a581a08a04d2b3823') in 0.044391 seconds
Start importing Assets/Resources/MadDragonArt/Buildings/enemy_castle.png using Guid(740bd3f78874a8f47b471ab5aee7e856) Importer(-1,00000000000000000000000000000000) [PhysX] Initialized MultithreadedTaskDispatcher with 12 workers.
 -> (artifact id: '0c60bdd1b9f7eecb2c797645a8e7386a') in 0.008815 seconds
Start importing Assets/Resources/MadDragonArt/Ui/minimap_frame.png using Guid(e4cb3b83d45b5de4ba99b1208b06b1d5) Importer(-1,00000000000000000000000000000000) [PhysX] Initialized MultithreadedTaskDispatcher with 12 workers.
 -> (artifact id: 'a52d96ee8dde8a9d62ca66a85ed4174d') in 0.007204 seconds
Start importing Assets/ToonyTinyPeople/TT_RTS/TT_RTS_Standard/models/materials/color/Units/Textures/TT_RTS_Units_red.tga using Guid(f404751c35aed644a81f56cf0406073a) Importer(-1,00000000000000000000000000000000) [PhysX] Initialized MultithreadedTaskDispatcher with 12 workers.
 -> (artifact id: '3a9e424f6beb33fbce2f038d7dd0d707') in 0.017869 seconds
Start importing Assets/ToonyTinyPeople/TT_RTS/TT_RTS_Standard/models/materials/TT_RTS_Buildings_texture.tga using Guid(d5fe7bc37fba71f4b9f5d89e19c8bb0e) Importer(-1,00000000000000000000000000000000) [PhysX] Initialized MultithreadedTaskDispatcher with 12 workers.
 -> (artifact id: '94c46b4bc5a9d9a24f7293eb30f1d04d') in 0.018056 seconds
Start importing Assets/ToonyTinyPeople/TT_RTS/TT_RTS_Standard/models/materials/color/Buildings/textures/TT_RTS_Buildings_purple.tga using Guid(563b0314010ac244e9be62efbbfc5325) Importer(-1,00000000000000000000000000000000) [PhysX] Initialized MultithreadedTaskDispatcher with 12 workers.
 -> (artifact id: '357f44d89ea9dd996f9659c0dfea1606') in 0.018685 seconds
Start importing Assets/ToonyTinyPeople/TT_RTS/TT_RTS_Standard/models/materials/color/Units/Textures/TT_RTS_Units_tan.tga using Guid(568b7c2a9f6f2c746b39e0c5001e0656) Importer(-1,00000000000000000000000000000000) [PhysX] Initialized MultithreadedTaskDispatcher with 12 workers.
 -> (artifact id: '1661fdd68ca4e68300640164d1abbcb6') in 0.015389 seconds
Start importing Assets/ToonyTinyPeople/TT_RTS/TT_RTS_Standard/models/extras/banners/materials/colors/TT_RTS_Banner_Black.tga using Guid(a666c581cfaae2747a540452d3f42fb3) Importer(-1,00000000000000000000000000000000) [PhysX] Initialized MultithreadedTaskDispatcher with 12 workers.
 -> (artifact id: '261a99ff57d03ba2aae722dfccc0b1b4') in 0.004202 seconds
Start importing Assets/Resources/MadDragonArt/Ui/button_blue.png using Guid(c64f249fcf44bb144b131f611e69b663) Importer(-1,00000000000000000000000000000000) [PhysX] Initialized MultithreadedTaskDispatcher with 12 workers.
 -> (artifact id: 'f88c5e14a4628d29f7409a83d8235d9d') in 0.003939 seconds
Start importing Assets/Resources/MadDragonArt/Units/cavalry.png using Guid(d62743c91ed278841af9aaf0e68b7742) Importer(-1,00000000000000000000000000000000) [PhysX] Initialized MultithreadedTaskDispatcher with 12 workers.
 -> (artifact id: 'd3f750aa906b283a45814696de436b11') in 0.008022 seconds
Start importing Assets/_Game/Art/Generated/Transparent/maddragon_icon_atlas_transparent.png using Guid(d6e783058963a454597c6ff3231e6e74) Importer(-1,00000000000000000000000000000000) [PhysX] Initialized MultithreadedTaskDispatcher with 12 workers.
 -> (artifact id: '18e75cfff2f62509117d809db76cc580') in 0.040881 seconds
Start importing Assets/ToonyTinyPeople/TT_RTS/TT_RTS_Standard/models/extras/banners/materials/colors/TT_RTS_Banner_Blue_B.tga using Guid(073238b900144d04c9dd1b9675b764f7) Importer(-1,00000000000000000000000000000000) [PhysX] Initialized MultithreadedTaskDispatcher with 12 workers.
 -> (artifact id: '8b76bbfc0ad5e71946a6c2c897674df7') in 0.003667 seconds
Start importing Assets/ToonyTinyPeople/TT_RTS/TT_RTS_Standard/models/extras/banners/materials/TT_RTS_Banner_Texture.psd using Guid(57d4c9cbbd780e74e91a7a21f2a9adaf) Importer(-1,00000000000000000000000000000000) [PhysX] Initialized MultithreadedTaskDispatcher with 12 workers.
 -> (artifact id: '43d2e937d98ae082e592fcb794f1c0ea') in 0.005289 seconds
Start importing Assets/ToonyTinyPeople/TT_RTS/TT_RTS_Standard/models/extras/banners/materials/colors/TT_RTS_Banner_White.tga using Guid(a788e0d8b03c71443ac9fddbac8608fd) Importer(-1,00000000000000000000000000000000) [PhysX] Initialized MultithreadedTaskDispatcher with 12 workers.
 -> (artifact id: '80503bff2dfd1c312a7441892d1f4e81') in 0.004218 seconds
Start importing Assets/Resources/MadDragonArt/Icons/upgrade.png using Guid(d7c45087c60f0a54b9ae52aba8ce77a3) Importer(-1,00000000000000000000000000000000) [PhysX] Initialized MultithreadedTaskDispatcher with 12 workers.
 -> (artifact id: '6323083fbf61f280a7a9d8e429444a50') in 0.004710 seconds
Start importing Assets/ToonyTinyPeople/TT_RTS/TT_RTS_Standard/models/materials/color/Buildings/textures/TT_RTS_Buildings_pink.tga using Guid(08cfa04c5337123449348f694c32ef4d) Importer(-1,00000000000000000000000000000000) [PhysX] Initialized MultithreadedTaskDispatcher with 12 workers.
 -> (artifact id: 'e2b6f15e38689bd3c0043055b9b35eff') in 0.014653 seconds
Start importing Assets/SimpleNaturePack/Textures/NaturePackLite_Texture_01.png using Guid(28a51d508c86a8948b59df81d5188b17) Importer(-1,00000000000000000000000000000000) [PhysX] Initialized MultithreadedTaskDispatcher with 12 workers.
 -> (artifact id: '39c90d169bc143d30fab41d2af255e92') in 0.022174 seconds
Start importing Assets/Resources/MadDragonArt/Buildings/mage_tower.png using Guid(48e1856caae3c484e85502f072528894) Importer(-1,00000000000000000000000000000000) [PhysX] Initialized MultithreadedTaskDispatcher with 12 workers.
 -> (artifact id: 'e9757280f39ca3d4ccc7038cbeccef7f') in 0.008116 seconds
Start importing Assets/ToonyTinyPeople/TT_RTS/TT_RTS_Standard/models/materials/color/Units/Textures/TT_RTS_Units_blue.tga using Guid(58070d2e94dfb6e4cacf0aec8c770c43) Importer(-1,00000000000000000000000000000000) [PhysX] Initialized MultithreadedTaskDispatcher with 12 workers.
 -> (artifact id: '92aefa7031da65a4a8868369cf99ce1e') in 0.016652 seconds
Start importing Assets/ToonyTinyPeople/TT_RTS/TT_RTS_Standard/FX/materials/textures/Smoke_B.psd using Guid(58c8262a1d6df9242942279ccdd20419) Importer(-1,00000000000000000000000000000000) [PhysX] Initialized MultithreadedTaskDispatcher with 12 workers.
 -> (artifact id: 'f0b45d1e416ac1834141528b5bb3d895') in 0.006853 seconds
Start importing Assets/Resources/MadDragonArt/Icons/rage.png using Guid(b80f344994aeea542acb622107e9742d) Importer(-1,00000000000000000000000000000000) [PhysX] Initialized MultithreadedTaskDispatcher with 12 workers.
 -> (artifact id: 'f5be9a1abd2ee46402c8779aed545b98') in 0.005987 seconds
Start importing Assets/Resources/MadDragonArt/Icons/info.png using Guid(d8f0d45223b13844e846d29bc3637625) Importer(-1,00000000000000000000000000000000) [PhysX] Initialized MultithreadedTaskDispatcher with 12 workers.
 -> (artifact id: 'dc0a465f7b233c3e3b7f24c6435d1c43') in 0.006233 seconds
Start importing Assets/ToonyTinyPeople/TT_RTS/TT_RTS_Standard/models/extras/banners/materials/colors/TT_RTS_Banner_Brown.tga using Guid(e84053623b7ef2940ae8ee9a77d613e3) Importer(-1,00000000000000000000000000000000) [PhysX] Initialized MultithreadedTaskDispatcher with 12 workers.
 -> (artifact id: 'e4ee537b34c0fc2682f274ab575ae18e') in 0.003560 seconds
Start importing Assets/ToonyTinyPeople/TT_RTS/TT_RTS_Standard/models/materials/color/Units/Textures/TT_RTS_Units_white.tga using Guid(e8a048a6204b7924eb9a01fce96135e9) Importer(-1,00000000000000000000000000000000) [PhysX] Initialized MultithreadedTaskDispatcher with 12 workers.
 -> (artifact id: '0863094f24282f99bc306365f9765a0e') in 0.019961 seconds
Start importing Assets/ToonyTinyPeople/TT_RTS/TT_RTS_Standard/models/materials/color/Units/Textures/TT_RTS_Units_yellow.tga using Guid(298a25a451b74f64992ed5fc4293acb6) Importer(-1,00000000000000000000000000000000) [PhysX] Initialized MultithreadedTaskDispatcher with 12 workers.
 -> (artifact id: '831854aee04b97d205ac156f4a05775c') in 0.018507 seconds
Start importing Assets/Resources/MadDragonArt/Icons/freeze.png using Guid(69690b12238f7144cbe3138fbebdee08) Importer(-1,00000000000000000000000000000000) [PhysX] Initialized MultithreadedTaskDispatcher with 12 workers.
 -> (artifact id: '3be044d3be0edb78933acf9fd595c167') in 0.006029 seconds
Start importing Assets/Resources/MadDragonArt/Ui/button_gold.png using Guid(69ca39ff8bc668449923e9cd81f41232) Importer(-1,00000000000000000000000000000000) [PhysX] Initialized MultithreadedTaskDispatcher with 12 workers.
 -> (artifact id: '96ad415f570136a41531a42470a12b78') in 0.003893 seconds
Start importing Assets/ToonyTinyPeople/TT_RTS/TT_RTS_Standard/models/materials/color/Units/Textures/TT_RTS_Units_greenB.tga using Guid(c9ad039d6bd8e634c9b0cbac36b941fc) Importer(-1,00000000000000000000000000000000) [PhysX] Initialized MultithreadedTaskDispatcher with 12 workers.
 -> (artifact id: 'fced5e4e61a7912b93dbcc43768682c1') in 0.015164 seconds
Start importing Assets/_Game/Art/Generated/maddragon_icon_atlas.png using Guid(d999ab9b328ffa14b92b7e1007f089d4) Importer(-1,00000000000000000000000000000000) [PhysX] Initialized MultithreadedTaskDispatcher with 12 workers.
 -> (artifact id: '955b93bd44e0593b9e3131d749d1c0ea') in 0.047524 seconds
Start importing Assets/Resources/MadDragonArt/Units/siege.png using Guid(1a72dad6510c7654d9ee3cbf00cafef0) Importer(-1,00000000000000000000000000000000) [PhysX] Initialized MultithreadedTaskDispatcher with 12 workers.
 -> (artifact id: '0fc70b608eceaa51ac9b25a2efa5a652') in 0.011060 seconds
Start importing Assets/ToonyTinyPeople/TT_RTS/TT_RTS_Standard/FX/materials/textures/Wave_A.psd using Guid(2a6e4ea7ce6a82e468df81c36bb0cab8) Importer(-1,00000000000000000000000000000000) [PhysX] Initialized MultithreadedTaskDispatcher with 12 workers.
 -> (artifact id: '9b80a6a95844677ab74cc1b469a980e6') in 0.008710 seconds
Start importing Assets/ToonyTinyPeople/TT_RTS/TT_RTS_Standard/models/materials/color/Units/Textures/TT_RTS_Units_blueB.tga using Guid(3a432779521c47747833061a8855f190) Importer(-1,00000000000000000000000000000000) [PhysX] Initialized MultithreadedTaskDispatcher with 12 workers.
 -> (artifact id: 'f3407cd59b571e760cd4383c0f0d39da') in 0.017480 seconds
Start importing Assets/ToonyTinyPeople/TT_RTS/TT_RTS_Standard/models/materials/color/Buildings/textures/TT_RTS_Buildings_black.tga using Guid(5a355437fd3d06740b4f65c6f5ea1091) Importer(-1,00000000000000000000000000000000) [PhysX] Initialized MultithreadedTaskDispatcher with 12 workers.
 -> (artifact id: '63f2b7ca50527fa77dac28b033824a46') in 0.017654 seconds
Start importing Assets/ToonyTinyPeople/TT_RTS/TT_RTS_Standard/models/materials/color/Buildings/textures/TT_RTS_Buildings_blue.tga using Guid(5a1b9a7baf40b0b4e86735f897d56a85) Importer(-1,00000000000000000000000000000000) [PhysX] Initialized MultithreadedTaskDispatcher with 12 workers.
 -> (artifact id: 'ab36d4067533eb8ad480f251458bf351') in 0.019861 seconds
Start importing Assets/ToonyTinyPeople/TT_RTS/TT_RTS_Standard/models/materials/color/Units/Textures/TT_RTS_Units_pink.tga using Guid(5a8b3f1a72a94464ba058eb566691041) Importer(-1,00000000000000000000000000000000) [PhysX] Initialized MultithreadedTaskDispatcher with 12 workers.
 -> (artifact id: '6edfe034862ace4996ad08c96563e625') in 0.018695 seconds
Start importing Assets/Resources/MadDragonArt/Ui/spell_slot.png using Guid(6a10ea0766896144b8c8fbcdaa91ffad) Importer(-1,00000000000000000000000000000000) [PhysX] Initialized MultithreadedTaskDispatcher with 12 workers.
 -> (artifact id: '1f6b50ed2a9295ce3ee6b3411413023e') in 0.004310 seconds
Start importing Assets/ToonyTinyPeople/TT_RTS/TT_RTS_Standard/FX/materials/textures/Glow_A.psd using Guid(7afb3f6bf6b22094aa1b72bfad4eae35) Importer(-1,00000000000000000000000000000000) [PhysX] Initialized MultithreadedTaskDispatcher with 12 workers.
 -> (artifact id: 'e07852b82882299d62bb38f5caaf73bd') in 0.007510 seconds
Start importing Assets/Resources/MadDragonArt/Buildings/wall.png using Guid(7add286e2adced5439579d21c0a2e53c) Importer(-1,00000000000000000000000000000000) [PhysX] Initialized MultithreadedTaskDispatcher with 12 workers.
 -> (artifact id: 'a7339dc89c10a70d198807f1a323aa9a') in 0.007640 seconds
Start importing Assets/Resources/MadDragonArt/Icons/place.png using Guid(8a39a7b9fad51174191bef96286f1c3d) Importer(-1,00000000000000000000000000000000) [PhysX] Initialized MultithreadedTaskDispatcher with 12 workers.
 -> (artifact id: '3c483b4dbf0f8b7f2b8a6b8b8107838c') in 0.006419 seconds
Start importing Assets/_Game/Art/Generated/Transparent/maddragon_building_atlas_transparent.png using Guid(9a19c7d776cd8b944bc68e3d71628d08) Importer(-1,00000000000000000000000000000000) [PhysX] Initialized MultithreadedTaskDispatcher with 12 workers.
 -> (artifact id: 'eb48a3572377402f444c08b0df6fc59d') in 0.046329 seconds
Start importing Assets/Resources/MadDragonArt/Ui/tab_bar.png using Guid(9a7e27938e5b66b4fa06e93a8771e048) Importer(-1,00000000000000000000000000000000) [PhysX] Initialized MultithreadedTaskDispatcher with 12 workers.
 -> (artifact id: '81cd81b0bb20b77e765694d483108e90') in 0.005403 seconds
Start importing Assets/ToonyTinyPeople/TT_RTS/TT_RTS_Standard/models/extras/banners/materials/colors/TT_RTS_Banner_Green_B.tga using Guid(0b291cb0270bffd48b5559af7f31d921) Importer(-1,00000000000000000000000000000000) [PhysX] Initialized MultithreadedTaskDispatcher with 12 workers.
 -> (artifact id: 'e8e5b79a3bfae5f4ca8963113f87e432') in 0.004566 seconds
Start importing Assets/Resources/MadDragonArt/Icons/settings.png using Guid(3b1bd147da3d7c9469141798f1cbfda5) Importer(-1,00000000000000000000000000000000) [PhysX] Initialized MultithreadedTaskDispatcher with 12 workers.
 -> (artifact id: '5178fa5be90b9b4ef618e90f6b93e15e') in 0.004835 seconds
Start importing Assets/ToonyTinyPeople/TT_RTS/TT_RTS_Standard/FX/materials/textures/Blood_A.psd using Guid(4bee57ac6bf555848a7f1b6766750bcb) Importer(-1,00000000000000000000000000000000) [PhysX] Initialized MultithreadedTaskDispatcher with 12 workers.
 -> (artifact id: '638cec5efffadbf46b3e24231fe4f359') in 0.003357 seconds
Start importing Assets/Resources/MadDragonArt/Units/healer.png using Guid(8b163603c0e1337478578e6d78c16f5c) Importer(-1,00000000000000000000000000000000) [PhysX] Initialized MultithreadedTaskDispatcher with 12 workers.
 -> (artifact id: 'e3f9899456e8390a4d8da5faafbc269d') in 0.010261 seconds
Start importing Assets/ToonyTinyPeople/TT_RTS/TT_RTS_Standard/models/extras/banners/materials/colors/TT_RTS_Banner_Yellow.tga using Guid(bb82ed32eeaa27549970117665015344) Importer(-1,00000000000000000000000000000000) [PhysX] Initialized MultithreadedTaskDispatcher with 12 workers.
 -> (artifact id: 'e9c58dd9d10f3f88beac88ef32e475a8') in 0.003303 seconds
Start importing Assets/ToonyTinyPeople/TT_RTS/TT_RTS_Standard/models/extras/banners/materials/colors/TT_RTS_Banner_Red.tga using Guid(cb3746379ea1a2e4da656b7c06430d9a) Importer(-1,00000000000000000000000000000000) [PhysX] Initialized MultithreadedTaskDispatcher with 12 workers.
 -> (artifact id: 'baf3aab6870ebda969da5f01501f2ba6') in 0.003979 seconds
Start importing Assets/ToonyTinyPeople/TT_RTS/TT_RTS_Standard/models/materials/color/Buildings/textures/TT_RTS_Buildings_white.tga using Guid(cb080ba6f8e73bf4e9d76bcbf55ae4f2) Importer(-1,00000000000000000000000000000000) [PhysX] Initialized MultithreadedTaskDispatcher with 12 workers.
 -> (artifact id: '695c9a4f2e3106009b3fd94c03d9ccd9') in 0.015332 seconds
Start importing Assets/_Game/Art/Generated/Transparent/maddragon_ui_kit_atlas_transparent.png using Guid(fbae527f76c14284d95f7d5b1e775633) Importer(-1,00000000000000000000000000000000) [PhysX] Initialized MultithreadedTaskDispatcher with 12 workers.
 -> (artifact id: '5e159e1d52ba263d3f710956d2b259a5') in 0.045728 seconds
Start importing Assets/Resources/MadDragonArt/Units/dragon.png using Guid(0c4fee31f0d8fd043887a3a09ecdef69) Importer(-1,00000000000000000000000000000000) [PhysX] Initialized MultithreadedTaskDispatcher with 12 workers.
 -> (artifact id: 'c141849cd1cdb5a335e7e7036adfa6a2') in 0.010615 seconds
Start importing Assets/Resources/MadDragonArt/Icons/trophy.png using Guid(1c917608640de7a4c80218001756f34e) Importer(-1,00000000000000000000000000000000) [PhysX] Initialized MultithreadedTaskDispatcher with 12 workers.
 -> (artifact id: 'cc62e53219ded0c5f3b09689d3752351') in 0.005259 seconds
Start importing Assets/_Game/Art/Generated/Transparent/maddragon_unit_card_atlas_transparent.png using Guid(2c96bae08baf4324a9e6c4aba558c7bc) Importer(-1,00000000000000000000000000000000) [PhysX] Initialized MultithreadedTaskDispatcher with 12 workers.
 -> (artifact id: '6856b7e9581c2a69e111c781f7eba64a') in 0.049512 seconds
Start importing Assets/Resources/MadDragonArt/Units/knight.png using Guid(5c54266efbbbb5242a6e0ac783335a11) Importer(-1,00000000000000000000000000000000) [PhysX] Initialized MultithreadedTaskDispatcher with 12 workers.
 -> (artifact id: '056656334573a8d1f3cbc4e6bffb64c5') in 0.011195 seconds
Start importing Assets/ToonyTinyPeople/TT_RTS/TT_RTS_Standard/models/materials/color/Buildings/textures/TT_RTS_Buildings_greenB.tga using Guid(bc91718fd46c20f40b05303191508047) Importer(-1,00000000000000000000000000000000) [PhysX] Initialized MultithreadedTaskDispatcher with 12 workers.
 -> (artifact id: '66c4c4e67f643f7aa8cfde0a1671fd7f') in 0.017403 seconds
Start importing Assets/ToonyTinyPeople/TT_RTS/TT_RTS_Standard/models/extras/banners/materials/colors/TT_RTS_Banner_Pink.tga using Guid(5d02c3b2981f49649a75c528311a25d6) Importer(-1,00000000000000000000000000000000) [PhysX] Initialized MultithreadedTaskDispatcher with 12 workers.
 -> (artifact id: '5ef99e5f187c7edfa1044a88c2f98efc') in 0.003827 seconds
Start importing Assets/Resources/MadDragonArt/Ui/unit_card_blue.png using Guid(5df56ce0278659a48a828b40b6997b01) Importer(-1,00000000000000000000000000000000) [PhysX] Initialized MultithreadedTaskDispatcher with 12 workers.
 -> (artifact id: '8b1fd31238ac8bdb517a04a29d94df55') in 0.005246 seconds
Start importing Assets/Resources/MadDragonArt/Icons/battle.png using Guid(7de0aceb52fa6004195a802a035a389a) Importer(-1,00000000000000000000000000000000) [PhysX] Initialized MultithreadedTaskDispatcher with 12 workers.
 -> (artifact id: '9291b708cba3700af9659c4d6e595405') in 0.005693 seconds
Start importing Assets/Resources/MadDragonArt/Buildings/elixir_well.png using Guid(7d254eee6c615804d871beb98e0dca43) Importer(-1,00000000000000000000000000000000) [PhysX] Initialized MultithreadedTaskDispatcher with 12 workers.
 -> (artifact id: '3323908a6180c52cbcf5ad0f5523d43b') in 0.009447 seconds
Start importing Assets/ToonyTinyPeople/TT_RTS/TT_RTS_standard_demo/sample_scene/quad.tga using Guid(8d176b6f756339a469dbe719267d4df8) Importer(-1,00000000000000000000000000000000) [PhysX] Initialized MultithreadedTaskDispatcher with 12 workers.
 -> (artifact id: '241e5254de80e61cb8e0e4a4d816468f') in 0.006919 seconds
Start importing Assets/Resources/MadDragonArt/Icons/elixir.png using Guid(8d2d853840cca9842bb383eaf57c655a) Importer(-1,00000000000000000000000000000000) [PhysX] Initialized MultithreadedTaskDispatcher with 12 workers.
 -> (artifact id: '6bd7dcce7e6395762448bdcf01e7aa11') in 0.004829 seconds
Start importing Assets/ToonyTinyPeople/TT_RTS/TT_RTS_standard_demo/models/Materials/TT_RTS_Units_blue.tga using Guid(9d5c57e3f17af5b44bd6441ead7a15a8) Importer(-1,00000000000000000000000000000000) [PhysX] Initialized MultithreadedTaskDispatcher with 12 workers.
 -> (artifact id: 'e7fc63cfd6bf3466f43970ad1ed3bd14') in 0.016842 seconds
Start importing Assets/Resources/MadDragonArt/Icons/lightning.png using Guid(bd05982fad086624da00bf45fa82857e) Importer(-1,00000000000000000000000000000000) [PhysX] Initialized MultithreadedTaskDispatcher with 12 workers.
 -> (artifact id: '1e1c3b7ff544ad4a3d4da1d6df65e703') in 0.006409 seconds
Start importing Assets/ToonyTinyPeople/TT_RTS/TT_RTS_Standard/models/extras/banners/materials/colors/TT_RTS_Banner_Purple.tga using Guid(bdb6851450208a64c80959e7c7c2b2f8) Importer(-1,00000000000000000000000000000000) [PhysX] Initialized MultithreadedTaskDispatcher with 12 workers.
 -> (artifact id: '7284d47cc1880699524fb075ec617a53') in 0.004322 seconds
Start importing Assets/Resources/MadDragonArt/Icons/build.png using Guid(fdc7b2aaa823e4a4e8c05e0589ccffd7) Importer(-1,00000000000000000000000000000000) [PhysX] Initialized MultithreadedTaskDispatcher with 12 workers.
 -> (artifact id: '084c2ebb623b05b92b41b28d00be64f7') in 0.005633 seconds
Start importing Assets/ToonyTinyPeople/TT_RTS/TT_RTS_Standard/models/materials/color/Buildings/textures/TT_RTS_Buildings_blueB.tga using Guid(1e17ceb821b23374b8682a9d8c9aca4f) Importer(-1,00000000000000000000000000000000) [PhysX] Initialized MultithreadedTaskDispatcher with 12 workers.
 -> (artifact id: '1cc62170843aef4431b2c0a921beccea') in 0.016564 seconds
Start importing Assets/Resources/MadDragonArt/Icons/gold.png using Guid(2e9285855603d33438dd26fa7ca0e1a1) Importer(-1,00000000000000000000000000000000) [PhysX] Initialized MultithreadedTaskDispatcher with 12 workers.
 -> (artifact id: '541dd910a5173c9b1f63d3ba0055a470') in 0.005589 seconds
Start importing Assets/ToonyTinyPeople/TT_RTS/TT_RTS_Standard/models/materials/color/Buildings/textures/TT_RTS_Buildings_brown.tga using Guid(5e887bbdb4ce7944da3ed540b3eed10a) Importer(-1,00000000000000000000000000000000) [PhysX] Initialized MultithreadedTaskDispatcher with 12 workers.
 -> (artifact id: '3864d014a12bc023459f45f1e3245f03') in 0.017926 seconds
Start importing Assets/ToonyTinyPeople/TT_RTS/TT_RTS_Standard/models/extras/banners/materials/colors/TT_RTS_Banner_Orange.tga using Guid(5e1e86a76fc230d4c9a3e062f6917973) Importer(-1,00000000000000000000000000000000) [PhysX] Initialized MultithreadedTaskDispatcher with 12 workers.
 -> (artifact id: '08e79f2e70dafd01574d1bcf8d647273') in 0.004223 seconds
Start importing Assets/ToonyTinyPeople/TT_RTS/TT_RTS_Standard/models/materials/color/Buildings/textures/TT_RTS_Buildings_tan.tga using Guid(9ea9018a7ec6d4543924782cd00d1f4f) Importer(-1,00000000000000000000000000000000) [PhysX] Initialized MultithreadedTaskDispatcher with 12 workers.
 -> (artifact id: '6292d5b3ed81036373565129270fa043') in 0.018058 seconds
Start importing Assets/Resources/MadDragonArt/Buildings/tower.png using Guid(be5516ff77ba27347918a40b0d2edf6e) Importer(-1,00000000000000000000000000000000) [PhysX] Initialized MultithreadedTaskDispatcher with 12 workers.
 -> (artifact id: 'b402d453e6c76fb431bd98bfe67e8d8c') in 0.008482 seconds
Start importing Assets/ToonyTinyPeople/TT_RTS/TT_RTS_Standard/models/extras/banners/materials/colors/TT_RTS_Banner_Blue_A.tga using Guid(eea5a60518dfd8843ba261c1e9786f16) Importer(-1,00000000000000000000000000000000) [PhysX] Initialized MultithreadedTaskDispatcher with 12 workers.
 -> (artifact id: '894787a2c4624bb6fc3072ff8ef3e2a0') in 0.004117 seconds
Start importing Assets/Resources/MadDragonArt/Ui/button_red.png using Guid(0f6df01c76cddc342982048694d5bf98) Importer(-1,00000000000000000000000000000000) [PhysX] Initialized MultithreadedTaskDispatcher with 12 workers.
 -> (artifact id: 'ca239c8dc53e201325180cda5c31d9fe') in 0.003765 seconds
Start importing Assets/ToonyTinyPeople/TT_RTS/TT_RTS_Standard/models/materials/color/Buildings/textures/TT_RTS_Buildings_green.tga using Guid(1fcc6a1b048082f4dbcc6073418d28d8) Importer(-1,00000000000000000000000000000000) [PhysX] Initialized MultithreadedTaskDispatcher with 12 workers.
 -> (artifact id: '11d8b15d856c4c0c6455bdccb4458b14') in 0.017504 seconds
Start importing Assets/Resources/MadDragonArt/Buildings/workshop_nature.png using Guid(1f8e33db351a899439a219c842aefc0a) Importer(-1,00000000000000000000000000000000) [PhysX] Initialized MultithreadedTaskDispatcher with 12 workers.
 -> (artifact id: 'ac1955b7835842eb68805d9e86d1a2a2') in 0.009422 seconds
Start importing Assets/ToonyTinyPeople/TT_RTS/TT_RTS_Standard/FX/materials/textures/FX_MeshParts.tga using Guid(3f44a077bc0c68a438432f3c5a78aefd) Importer(-1,00000000000000000000000000000000) [PhysX] Initialized MultithreadedTaskDispatcher with 12 workers.
 -> (artifact id: 'b569c6841e8be5188160d69715be3664') in 0.002790 seconds
Start importing Assets/Resources/MadDragonArt/Buildings/player_castle.png using Guid(7f3523a3dbce366489403fb4eab96265) Importer(-1,00000000000000000000000000000000) [PhysX] Initialized MultithreadedTaskDispatcher with 12 workers.
 -> (artifact id: '693ec9ee807e17661b92c4410738a302') in 0.006101 seconds
Start importing Assets/ToonyTinyPeople/TT_RTS/TT_RTS_Standard/models/extras/banners/materials/colors/TT_RTS_Banner_Green_A.tga using Guid(8f4316b3f24d93a4c9b7ee64a63c725e) Importer(-1,00000000000000000000000000000000) [PhysX] Initialized MultithreadedTaskDispatcher with 12 workers.
 -> (artifact id: 'e0615c00c69939cfee09b66428f0a903') in 0.004648 seconds
Start importing Assets/ToonyTinyPeople/TT_RTS/TT_RTS_Standard/models/materials/color/Units/Textures/TT_RTS_Units_black.tga using Guid(9f94d491ebee8d04d8124b25f485a94b) Importer(-1,00000000000000000000000000000000) [PhysX] Initialized MultithreadedTaskDispatcher with 12 workers.
 -> (artifact id: 'a0eea973622baddce61ca5c0f0e5911c') in 0.018598 seconds
Start importing Assets/Resources/MadDragonArt/Ui/top_resource_bar.png using Guid(bffef1b559c059e41a28789ede53b972) Importer(-1,00000000000000000000000000000000) [PhysX] Initialized MultithreadedTaskDispatcher with 12 workers.
 -> (artifact id: 'b8849d59392212319c5d497871e948f0') in 0.011052 seconds
Start importing Assets/ToonyTinyPeople/TT_RTS/TT_RTS_Standard/models/materials/TT_RTS_Units_texture.tga using Guid(cfe610aa65730394298159382447706b) Importer(-1,00000000000000000000000000000000) [PhysX] Initialized MultithreadedTaskDispatcher with 12 workers.
 -> (artifact id: '7215264bb0bde7c47d79d7c1c7f65395') in 0.020580 seconds
Start importing Assets/Resources/MadDragonArt/Buildings/gold_mine.png using Guid(cf5c9679ddf81b34bb8e045bf32261b9) Importer(-1,00000000000000000000000000000000) [PhysX] Initialized MultithreadedTaskDispatcher with 12 workers.
 -> (artifact id: '267b11cbd7fee42c522d054210b55db6') in 0.009964 seconds
Start importing Assets/Resources/MadDragonArt/Units/mage.png using Guid(df69cbb95f9d6e747b724f4e5615b753) Importer(-1,00000000000000000000000000000000) [PhysX] Initialized MultithreadedTaskDispatcher with 12 workers.
 -> (artifact id: '44c88e09e171f5710592dccf09f553ac') in 0.008903 seconds
Start importing Assets/ToonyTinyPeople/TT_RTS/TT_RTS_Standard/FX/materials/TT_RTS_FX_meshes.mat using Guid(0003b0947131beb44830e136acf5b687) Importer(-1,00000000000000000000000000000000) [PhysX] Initialized MultithreadedTaskDispatcher with 12 workers.
 -> (artifact id: '5bb7f13247e53cc3180d1318ff1b62f1') in 0.005767 seconds
Start importing Assets/SimpleNaturePack/Scenes/SimpleNaturePack_DemoSettings.lighting using Guid(70f1fbbec25a32b468ffc334f5f6dca3) Importer(-1,00000000000000000000000000000000) [PhysX] Initialized MultithreadedTaskDispatcher with 12 workers.
 -> (artifact id: 'b74019db264aff09be23aa4cd6e4943e') in 0.002220 seconds
Start importing Assets/ToonyTinyPeople/TT_RTS/TT_RTS_Standard/models/extras/banners/materials/TT_RTS_Banners.mat using Guid(707975294e8d313449a5192f90eae109) Importer(-1,00000000000000000000000000000000) [PhysX] Initialized MultithreadedTaskDispatcher with 12 workers.
 -> (artifact id: 'ea144717e5f766e7b517c51f9773ac06') in 0.003655 seconds
Start importing Assets/ToonyTinyPeople/TT_RTS/TT_RTS_Standard/sample_scene/TT_RTS_sample_sceneSettings.lighting using Guid(90c3238559b9d21428f0bc232de1d984) Importer(-1,00000000000000000000000000000000) [PhysX] Initialized MultithreadedTaskDispatcher with 12 workers.
LightingSettings: switching bake backend from 1 to 0.
 -> (artifact id: '81627c96bd63ee4d8436faa0cf66cf2f') in 0.001620 seconds
Start importing Assets/_Game/Materials/Barracks_Mat.mat using Guid(21d3f01de65d9b74d83154dbb74b48b3) Importer(-1,00000000000000000000000000000000) [PhysX] Initialized MultithreadedTaskDispatcher with 12 workers.
 -> (artifact id: '13c0cec46cc566265829be5251e9e2a0') in 0.001767 seconds
Start importing Assets/ToonyTinyPeople/TT_RTS/TT_RTS_Standard/models/extras/banners/materials/colors/TT_Banner_black.mat using Guid(51931757c17f7c240a9ad3240b009869) Importer(-1,00000000000000000000000000000000) [PhysX] Initialized MultithreadedTaskDispatcher with 12 workers.
 -> (artifact id: '3e33f38fae655f636e268b4ff28dc3fb') in 0.002010 seconds
Start importing Assets/_Game/Materials/Archer_Mat.mat using Guid(51aca1b029fb2324fa0da3402c88b84b) Importer(-1,00000000000000000000000000000000) [PhysX] Initialized MultithreadedTaskDispatcher with 12 workers.
 -> (artifact id: '975a47029e9458c4d61664185bbbc33c') in 0.002214 seconds
Start importing Assets/ToonyTinyPeople/TT_RTS/TT_RTS_Standard/models/extras/banners/materials/colors/TT_Banner_orange.mat using Guid(916f77efb964ce541b5645a874950137) Importer(-1,00000000000000000000000000000000) [PhysX] Initialized MultithreadedTaskDispatcher with 12 workers.
 -> (artifact id: 'e6490ecfcbe93fb3f3d2d1c4e9c5d49c') in 0.002017 seconds
Start importing Assets/ToonyTinyPeople/TT_RTS/TT_RTS_Standard/FX/materials/Explo_A.mat using Guid(d1d128cc94d69e3468b7c31069cf4c43) Importer(-1,00000000000000000000000000000000) [PhysX] Initialized MultithreadedTaskDispatcher with 12 workers.
 -> (artifact id: 'fb1be45e32006076d1be97fc499b8e87') in 0.003209 seconds
Start importing Assets/ToonyTinyPeople/TT_RTS/TT_RTS_Standard/models/materials/color/Units/TT_RTS_Units_brown.mat using Guid(32515cc96492c6d4ab732a997912d2e0) Importer(-1,00000000000000000000000000000000) [PhysX] Initialized MultithreadedTaskDispatcher with 12 workers.
 -> (artifact id: 'ea3df3689be693246b112b581aeb45b4') in 0.001892 seconds
Start importing Assets/ToonyTinyPeople/TT_RTS/TT_RTS_standard_demo/models/Materials/TT_RTS_Units.mat using Guid(3294e93619ef21548b5276a6fd7c5ad9) Importer(-1,00000000000000000000000000000000) [PhysX] Initialized MultithreadedTaskDispatcher with 12 workers.
 -> (artifact id: '68e6a1e526a5488ce16f0380b58fc91d') in 0.001682 seconds
Start importing Assets/ToonyTinyPeople/TT_RTS/TT_RTS_Standard/models/materials/color/Buildings/TT_RTS_buildings_red.mat using Guid(a2085ab309c94a143a706621cd42e213) Importer(-1,00000000000000000000000000000000) [PhysX] Initialized MultithreadedTaskDispatcher with 12 workers.
 -> (artifact id: '39a0a60d70ccfae159d88fe7f154e892') in 0.001773 seconds
Start importing Assets/ToonyTinyPeople/TT_RTS/TT_RTS_Standard/FX/materials/Flames_A.mat using Guid(e2f1a64c71f0b544383e869cba1e9be7) Importer(-1,00000000000000000000000000000000) [PhysX] Initialized MultithreadedTaskDispatcher with 12 workers.
 -> (artifact id: '42b447f4138a7854970f0224ea718648') in 0.001792 seconds
Start importing Assets/ToonyTinyPeople/TT_RTS/TT_RTS_Standard/models/materials/color/Units/TT_RTS_Units_pink.mat using Guid(23fe6e6315af1c6458ea91a3b762eaa4) Importer(-1,00000000000000000000000000000000) [PhysX] Initialized MultithreadedTaskDispatcher with 12 workers.
 -> (artifact id: '7410ed977972837bf35979796ad55a1c') in 0.001906 seconds
Start importing Assets/_Game/Materials/Mage_Mat.mat using Guid(3366d32dba069f94588a285c4a5683ec) Importer(-1,00000000000000000000000000000000) [PhysX] Initialized MultithreadedTaskDispatcher with 12 workers.
 -> (artifact id: '5bb82cc3a640f18c769834eb763c8a9b') in 0.001672 seconds
Start importing Assets/SimpleNaturePack/Materials/SimpleNaturePack_Texture_01.mat using Guid(93caadf4359ae8143aad35b3145d31af) Importer(-1,00000000000000000000000000000000) [PhysX] Initialized MultithreadedTaskDispatcher with 12 workers.
 -> (artifact id: '120e534853c6ee0b02893ced6d7f15d9') in 0.003436 seconds
Start importing Assets/ToonyTinyPeople/TT_RTS/TT_RTS_Standard/models/materials/color/Buildings/TT_RTS_buildings_purple.mat using Guid(f3fe8ac1080fe4c439720ce9e50b5df1) Importer(-1,00000000000000000000000000000000) [PhysX] Initialized MultithreadedTaskDispatcher with 12 workers.
 -> (artifact id: 'f4288ac4df539610b9af3dc60070ceac') in 0.001636 seconds
Start importing Assets/ToonyTinyPeople/TT_RTS/TT_RTS_Standard/models/materials/color/Units/TT_RTS_Units_black.mat using Guid(54f19161a54e56442a8dd7f6239fc93b) Importer(-1,00000000000000000000000000000000) [PhysX] Initialized MultithreadedTaskDispatcher with 12 workers.
 -> (artifact id: '6163b83a652477e8a1727f498025af22') in 0.001648 seconds
Start importing Assets/ToonyTinyPeople/TT_RTS/TT_RTS_Standard/models/materials/color/Buildings/TT_RTS_buildings_yellow.mat using Guid(54adf927cb20b8d4e880dc266a7eea38) Importer(-1,00000000000000000000000000000000) [PhysX] Initialized MultithreadedTaskDispatcher with 12 workers.
 -> (artifact id: '1196c3340f3b4bf6baada3a98f0fe3f9') in 0.001677 seconds
Start importing Assets/SimpleNaturePack/Scenes/SimpleNaturePack_OverviewSettings.lighting using Guid(a4b7bfd2efa570d46b66679603ca2b9c) Importer(-1,00000000000000000000000000000000) [PhysX] Initialized MultithreadedTaskDispatcher with 12 workers.
 -> (artifact id: '28312badeba6504bf69bcb9ce0caf847') in 0.001737 seconds
Start importing Assets/_Game/Materials/Wall_Mat.mat using Guid(b4a080de9dca0d1479eec88663f0129d) Importer(-1,00000000000000000000000000000000) [PhysX] Initialized MultithreadedTaskDispatcher with 12 workers.
 -> (artifact id: '9554b08e6171891c63b6a22c5fef0fcb') in 0.001607 seconds
Start importing Assets/_Game/Materials/Knight_Mat.mat using Guid(65367b7957d36fe4ead0ab3764e3f437) Importer(-1,00000000000000000000000000000000) [PhysX] Initialized MultithreadedTaskDispatcher with 12 workers.
 -> (artifact id: '193a86eb8a37eaaa3147b5441b100229') in 0.001594 seconds
Start importing Assets/ToonyTinyPeople/TT_RTS/TT_RTS_Standard/FX/materials/Glow_A.mat using Guid(064a7a50f8ff29f469fd01d87aa7ffe6) Importer(-1,00000000000000000000000000000000) [PhysX] Initialized MultithreadedTaskDispatcher with 12 workers.
 -> (artifact id: '34a3cd74176525bd3f4402b572d2f124') in 0.002157 seconds
Start importing Assets/ToonyTinyPeople/TT_RTS/TT_RTS_Standard/models/extras/banners/materials/colors/TT_Banner_pink.mat using Guid(067aba24957fc444ba378e645e65af1e) Importer(-1,00000000000000000000000000000000) [PhysX] Initialized MultithreadedTaskDispatcher with 12 workers.
 -> (artifact id: 'df27dbb4872bc2ed14c76126df7bf8c4') in 0.002328 seconds
Start importing Assets/ToonyTinyPeople/TT_RTS/TT_RTS_Standard/FX/materials/Wave_A.mat using Guid(067b2ec1d032ad643ad10f4adb93bea1) Importer(-1,00000000000000000000000000000000) [PhysX] Initialized MultithreadedTaskDispatcher with 12 workers.
 -> (artifact id: 'b94aa338e68c63c66a7cfdc6f6c8aeed') in 0.001753 seconds
Start importing Assets/ToonyTinyPeople/TT_RTS/TT_RTS_Standard/models/extras/banners/materials/colors/TT_Banner_yellow.mat using Guid(26b609e8e2a36204c8b979aa0a1d6832) Importer(-1,00000000000000000000000000000000) [PhysX] Initialized MultithreadedTaskDispatcher with 12 workers.
 -> (artifact id: '650d608adbcfd2d7c8c1cffd0a2ea26f') in 0.002002 seconds
Start importing Assets/ToonyTinyPeople/TT_RTS/TT_RTS_Standard/models/materials/color/Units/TT_RTS_Units_yellow.mat using Guid(26fed0ad2288580409bf94257121cd0f) Importer(-1,00000000000000000000000000000000) [PhysX] Initialized MultithreadedTaskDispatcher with 12 workers.
 -> (artifact id: 'c0e800807268ea1e9b8e10fc301adc78') in 0.001819 seconds
Start importing Assets/ToonyTinyPeople/TT_RTS/TT_RTS_Standard/models/extras/banners/materials/colors/TT_Banner_brown.mat using Guid(5615b41f1d37f3545b466eaf2cea0ee2) Importer(-1,00000000000000000000000000000000) [PhysX] Initialized MultithreadedTaskDispatcher with 12 workers.
 -> (artifact id: '1bba10ad88929aebe2936c0e5c46ea7f') in 0.001920 seconds
Start importing Assets/_Game/Materials/Catapult_Mat.mat using Guid(66db8b02fb4cd734bb9ea3ab2b652694) Importer(-1,00000000000000000000000000000000) [PhysX] Initialized MultithreadedTaskDispatcher with 12 workers.
 -> (artifact id: '2556a72661d85103a3a4eff4e8c8ba86') in 0.001805 seconds
Start importing Assets/_Game/Materials/ArcherTower_Mat.mat using Guid(e63cebff291686b45a42b1df7ff5e14f) Importer(-1,00000000000000000000000000000000) [PhysX] Initialized MultithreadedTaskDispatcher with 12 workers.
 -> (artifact id: '585ea48296bb031b1522046ea8a0ffba') in 0.001867 seconds
Start importing Assets/ToonyTinyPeople/TT_RTS/TT_RTS_Standard/models/materials/color/Buildings/TT_RTS_buildings_green.mat using Guid(774e3206a73de7d49b22dca748ca487c) Importer(-1,00000000000000000000000000000000) [PhysX] Initialized MultithreadedTaskDispatcher with 12 workers.
 -> (artifact id: 'e389e362a1d0f08a8f50f4613fb7a831') in 0.002024 seconds
Start importing Assets/ToonyTinyPeople/TT_RTS/TT_RTS_Standard/models/materials/color/Buildings/TT_RTS_buildings_brown.mat using Guid(a7b844ebfbdd09b4e8a009a9e2c59db4) Importer(-1,00000000000000000000000000000000) [PhysX] Initialized MultithreadedTaskDispatcher with 12 workers.
 -> (artifact id: '6a60f70336b76f5d5c09d30ce4b26406') in 0.001945 seconds
Start importing Assets/ToonyTinyPeople/TT_RTS/TT_RTS_standard_demo/sample_scene/TT_RTS_demo_sample_sceneSettings.lighting using Guid(0807539991566714ba638165ba7ff82b) Importer(-1,00000000000000000000000000000000) [PhysX] Initialized MultithreadedTaskDispatcher with 12 workers.
LightingSettings: switching bake backend from 1 to 0.
 -> (artifact id: 'eed1d88e48befde184a3bf7ff7f090e6') in 0.001592 seconds
Start importing Assets/ToonyTinyPeople/TT_RTS/TT_RTS_Standard/models/materials/color/Buildings/TT_RTS_buildings_tan.mat using Guid(1840301e13d8eb34c83a2a124535cfd1) Importer(-1,00000000000000000000000000000000) [PhysX] Initialized MultithreadedTaskDispatcher with 12 workers.
 -> (artifact id: '8f6032b9936f1622f9820c881a4f434e') in 0.001614 seconds
Start importing Assets/ToonyTinyPeople/TT_RTS/TT_RTS_Standard/FX/materials/Smoke_A.mat using Guid(385e7fcb100243148b3f0a4122c369a4) Importer(-1,00000000000000000000000000000000) [PhysX] Initialized MultithreadedTaskDispatcher with 12 workers.
 -> (artifact id: '835d35f799e88e52f286d32e8d5dfb06') in 0.001322 seconds
Start importing Assets/SimpleNaturePack/Materials/SimpleNaturePack_BG.mat using Guid(886ecf0ee44718246aa083d8aad49b79) Importer(-1,00000000000000000000000000000000) [PhysX] Initialized MultithreadedTaskDispatcher with 12 workers.
 -> (artifact id: '99a1e35faf28e1ebc172cadb016f9556') in 0.001907 seconds
Start importing Assets/ToonyTinyPeople/TT_RTS/TT_RTS_Standard/models/materials/color/Units/TT_RTS_Units_red.mat using Guid(98a7fdcb4ebb44344b4afe0424d44b82) Importer(-1,00000000000000000000000000000000) [PhysX] Initialized MultithreadedTaskDispatcher with 12 workers.
 -> (artifact id: '057e4024067b3b0d66571cfd8c7105fe') in 0.001809 seconds
Start importing Assets/ToonyTinyPeople/TT_RTS/TT_RTS_Standard/FX/materials/Smoke_B.mat using Guid(a8933437aa239e04880986e0e15dce08) Importer(-1,00000000000000000000000000000000) [PhysX] Initialized MultithreadedTaskDispatcher with 12 workers.
 -> (artifact id: 'e4a25bcb9cb20ea67de531e0a144124b') in 0.003453 seconds
Start importing Assets/ToonyTinyPeople/TT_RTS/TT_RTS_Standard/models/materials/color/Units/TT_RTS_Units_tan.mat using Guid(b813b7681b0bf9b4181633bc098ca739) Importer(-1,00000000000000000000000000000000) [PhysX] Initialized MultithreadedTaskDispatcher with 12 workers.
 -> (artifact id: 'd946379ba7d6ac13fe47cdafcb6d1c44') in 0.001947 seconds
Start importing Assets/_Game/Materials/CannonTower_Mat.mat using Guid(b839826a7d234434d9d4bedbe45891cd) Importer(-1,00000000000000000000000000000000) [PhysX] Initialized MultithreadedTaskDispatcher with 12 workers.
 -> (artifact id: '0f14079d04f0f9e93094a7d7f7c4d769') in 0.001545 seconds
Start importing Assets/ToonyTinyPeople/TT_RTS/TT_RTS_Standard/FX/materials/Explo_A_add.mat using Guid(c800e0c68f41b4b4092664a0a3d45f01) Importer(-1,00000000000000000000000000000000) [PhysX] Initialized MultithreadedTaskDispatcher with 12 workers.
 -> (artifact id: '86115c7a1f8b0392863a7bdddcccb105') in 0.001777 seconds
Start importing Assets/ToonyTinyPeople/TT_RTS/TT_RTS_Standard/models/extras/banners/materials/colors/TT_Banner_white.mat using Guid(d8f2803cee1a9c4478c93d1858cc5037) Importer(-1,00000000000000000000000000000000) [PhysX] Initialized MultithreadedTaskDispatcher with 12 workers.
 -> (artifact id: '13e710887757b0e5ae6d116407258a4f') in 0.001982 seconds
Start importing Assets/ToonyTinyPeople/TT_RTS/TT_RTS_Standard/models/extras/banners/materials/colors/TT_Banner_blue_B.mat using Guid(e8077999935278e4caabc0d0be1484c5) Importer(-1,00000000000000000000000000000000) [PhysX] Initialized MultithreadedTaskDispatcher with 12 workers.
 -> (artifact id: 'b9252015d435fb14fff1922a0a6dc4e6') in 0.001726 seconds
Start importing Assets/ToonyTinyPeople/TT_RTS/TT_RTS_Standard/models/extras/banners/materials/colors/TT_Banner_blue_A.mat using Guid(f806521b69283c046a40f43fa2679d40) Importer(-1,00000000000000000000000000000000) [PhysX] Initialized MultithreadedTaskDispatcher with 12 workers.
 -> (artifact id: 'efaca583e9f04863023681fb115b495a') in 0.001925 seconds
Start importing Assets/ToonyTinyPeople/TT_RTS/TT_RTS_Standard/models/materials/color/Units/TT_RTS_Units_blueB.mat using Guid(19f3b2158b0cd134798555d774de0b3f) Importer(-1,00000000000000000000000000000000) [PhysX] Initialized MultithreadedTaskDispatcher with 12 workers.
 -> (artifact id: '5938de9efd00878dfd42e3c64e47f56e') in 0.002262 seconds
Start importing Assets/ToonyTinyPeople/TT_RTS/TT_RTS_Standard/models/materials/color/Buildings/TT_RTS_buildings_black.mat using Guid(19e5e5a2c659faf49a059ec9fc3e642d) Importer(-1,00000000000000000000000000000000) [PhysX] Initialized MultithreadedTaskDispatcher with 12 workers.
 -> (artifact id: 'd2e800058f69046aa1d4cff801221ae8') in 0.002087 seconds
Start importing Assets/ToonyTinyPeople/TT_RTS/TT_RTS_Standard/models/materials/color/Units/TT_RTS_Units_blue.mat using Guid(792a4bad9e08b8e41bfbd3f0b8aac1ab) Importer(-1,00000000000000000000000000000000) [PhysX] Initialized MultithreadedTaskDispatcher with 12 workers.
 -> (artifact id: '41f2218020c1f5298dbab040f6690792') in 0.001687 seconds
Start importing Assets/ToonyTinyPeople/TT_RTS/TT_RTS_Standard/models/extras/banners/materials/colors/TT_Banner_green_A.mat using Guid(e953939025dacd249a5c42297263c47c) Importer(-1,00000000000000000000000000000000) [PhysX] Initialized MultithreadedTaskDispatcher with 12 workers.
 -> (artifact id: '241696c52ba708b7ef2c9f6b958f820b') in 0.001620 seconds
Start importing Assets/ToonyTinyPeople/TT_RTS/TT_RTS_Standard/models/materials/color/Units/TT_RTS_Units_green.mat using Guid(f9ec407a080d408459742617c9dc6607) Importer(-1,00000000000000000000000000000000) [PhysX] Initialized MultithreadedTaskDispatcher with 12 workers.
 -> (artifact id: '914409ab84b7519ad52a31c9a68b25b4') in 0.001801 seconds
Start importing Assets/ToonyTinyPeople/TT_RTS/TT_RTS_Standard/models/materials/color/Buildings/TT_RTS_buildings_blue.mat using Guid(4a8b820c98c7b4540bab4e4f3d70d7fb) Importer(-1,00000000000000000000000000000000) [PhysX] Initialized MultithreadedTaskDispatcher with 12 workers.
 -> (artifact id: '82eb3589c8b276558aa78086a0d8d79b') in 0.001822 seconds
Start importing Assets/ToonyTinyPeople/TT_RTS/TT_RTS_standard_demo/sample_scene/ground_mat.mat using Guid(5a7741a3079afef4bbb48319b8b5d74d) Importer(-1,00000000000000000000000000000000) [PhysX] Initialized MultithreadedTaskDispatcher with 12 workers.
 -> (artifact id: '90799c2ca22c064074b131f5607d92ca') in 0.001663 seconds
Start importing Assets/ToonyTinyPeople/TT_RTS/TT_RTS_Standard/models/materials/color/Units/TT_RTS_Units_greenB.mat using Guid(da1774cf1ebfffc4fb7671900ec15195) Importer(-1,00000000000000000000000000000000) [PhysX] Initialized MultithreadedTaskDispatcher with 12 workers.
 -> (artifact id: '4854a8b2b9ac7c589d35949abbbdcc49') in 0.001438 seconds
Start importing Assets/ToonyTinyPeople/TT_RTS/TT_RTS_Standard/FX/materials/Blood_A.mat using Guid(4ba8e2f13cc49c448af6d1428a426a63) Importer(-1,00000000000000000000000000000000) [PhysX] Initialized MultithreadedTaskDispatcher with 12 workers.
 -> (artifact id: '2649c6642755b7b77ef491d8bdfb54fa') in 0.002184 seconds
Start importing Assets/ToonyTinyPeople/TT_RTS/TT_RTS_Standard/models/extras/banners/materials/colors/TT_Banner_red.mat using Guid(5b3184522dc5e5041810df0af22f4b47) Importer(-1,00000000000000000000000000000000) [PhysX] Initialized MultithreadedTaskDispatcher with 12 workers.
 -> (artifact id: '75f92991cf2db553486eae423a54b58c') in 0.001945 seconds
Start importing Assets/ToonyTinyPeople/TT_RTS/TT_RTS_Standard/FX/materials/Sparks.mat using Guid(cba000a537231064badae10b954e7d9f) Importer(-1,00000000000000000000000000000000) [PhysX] Initialized MultithreadedTaskDispatcher with 12 workers.
 -> (artifact id: '9626a8b0f6814ce0ebc93d525c337b23') in 0.001636 seconds
Start importing Assets/ToonyTinyPeople/TT_RTS/TT_RTS_Standard/FX/meshes/Materials/FX_MeshParts.mat using Guid(cbb9562a9af871e47a418177c886b754) Importer(-1,00000000000000000000000000000000) [PhysX] Initialized MultithreadedTaskDispatcher with 12 workers.
 -> (artifact id: '82a38cdc75107f6c3d6420c51a7cec6a') in 0.001523 seconds
Start importing Assets/ToonyTinyPeople/TT_RTS/TT_RTS_Standard/sample_scene/ground_mat.mat using Guid(eb5017c191413d240b87a79ec571f91a) Importer(-1,00000000000000000000000000000000) [PhysX] Initialized MultithreadedTaskDispatcher with 12 workers.
 -> (artifact id: '32831d33483230f00c4fbb60caa3f811') in 0.001271 seconds
Start importing Assets/ToonyTinyPeople/TT_RTS/TT_RTS_Standard/models/materials/color/Buildings/TT_RTS_buildings_blueB.mat using Guid(eb5db199f9db9ec46ad189ea2f8dd9b1) Importer(-1,00000000000000000000000000000000) [PhysX] Initialized MultithreadedTaskDispatcher with 12 workers.
 -> (artifact id: 'beea93e9002bb332b8d3dfbc4ac26275') in 0.001463 seconds
Start importing Assets/ToonyTinyPeople/TT_RTS/TT_RTS_Standard/models/materials/color/Buildings/TT_RTS_buildings_white.mat using Guid(0c68c1882ddd40b4ebf2fa7eae477af0) Importer(-1,00000000000000000000000000000000) [PhysX] Initialized MultithreadedTaskDispatcher with 12 workers.
 -> (artifact id: '28ced268d8deb4ff07704e30f5aa9385') in 0.001607 seconds
Start importing Assets/_Game/Materials/GoldMine_Mat.mat using Guid(8cc598e429b98994d8fce89e88e8616d) Importer(-1,00000000000000000000000000000000) [PhysX] Initialized MultithreadedTaskDispatcher with 12 workers.
 -> (artifact id: '1813d284fb2c88d07cf9884981ddf0ad') in 0.002028 seconds
Start importing Assets/_Game/Materials/Scout_Mat.mat using Guid(9c8fd80f229a84b42ae1f5c02f9a1812) Importer(-1,00000000000000000000000000000000) [PhysX] Initialized MultithreadedTaskDispatcher with 12 workers.
 -> (artifact id: '53071556ddb9bcbac13cc35dd0597de0') in 0.001932 seconds
Start importing Assets/ToonyTinyPeople/TT_RTS/TT_RTS_Standard/models/materials/color/Buildings/TT_RTS_buildings_greenB.mat using Guid(cc6aebce1a6b863429a4dfc6238b994a) Importer(-1,00000000000000000000000000000000) [PhysX] Initialized MultithreadedTaskDispatcher with 12 workers.
 -> (artifact id: '05fbf545ad5b243e2b205fef3e445b1a') in 0.001725 seconds
Start importing Assets/ToonyTinyPeople/TT_RTS/TT_RTS_Standard/models/materials/TT_RTS_Units.mat using Guid(dccf8e44ede71db42b49378af93c5fb7) Importer(-1,00000000000000000000000000000000) [PhysX] Initialized MultithreadedTaskDispatcher with 12 workers.
 -> (artifact id: '9c7d982ffeb1ee464f15c75fc63e59b2') in 0.001438 seconds
Start importing Assets/ToonyTinyPeople/TT_RTS/TT_RTS_Standard/models/materials/color/Buildings/TT_RTS_buildings_pink.mat using Guid(9d0174ac4f9a2a8418640e7cc75bed39) Importer(-1,00000000000000000000000000000000) [PhysX] Initialized MultithreadedTaskDispatcher with 12 workers.
 -> (artifact id: '8e71da10b929841dadd93a6d3d404735') in 0.001452 seconds
Start importing Assets/ToonyTinyPeople/TT_RTS/TT_RTS_Standard/models/extras/banners/materials/colors/TT_Banner_purple.mat using Guid(2ebd809f85e812145a04495b21bbca36) Importer(-1,00000000000000000000000000000000) [PhysX] Initialized MultithreadedTaskDispatcher with 12 workers.
 -> (artifact id: '6c1a6e93a6e1dabefa61b25d205b6668') in 0.001585 seconds
Start importing Assets/ToonyTinyPeople/TT_RTS/TT_RTS_Standard/models/extras/banners/materials/colors/TT_Banner_green_B.mat using Guid(4eb6e46a6afc1c04fadba143c8e47591) Importer(-1,00000000000000000000000000000000) [PhysX] Initialized MultithreadedTaskDispatcher with 12 workers.
 -> (artifact id: 'd954f3fc6bc455305c8700924c632bdc') in 0.001382 seconds
Start importing Assets/ToonyTinyPeople/TT_RTS/TT_RTS_Standard/models/materials/TT_RTS_Buildings.mat using Guid(ee90f878377271b4fbbf915249f24476) Importer(-1,00000000000000000000000000000000) [PhysX] Initialized MultithreadedTaskDispatcher with 12 workers.
 -> (artifact id: '5569650eec01938a21cb3c1c3066ded1') in 0.001710 seconds
Start importing Assets/ToonyTinyPeople/TT_RTS/TT_RTS_Standard/models/materials/color/Units/TT_RTS_Units_purple.mat using Guid(3fb3053a2c6c4b346b51634e6d401ff2) Importer(-1,00000000000000000000000000000000) [PhysX] Initialized MultithreadedTaskDispatcher with 12 workers.
 -> (artifact id: 'e7e07606ea8e52c1eac16c38c9db45c0') in 0.002034 seconds
Start importing Assets/_Game/Materials/Castle_Mat.mat using Guid(cfa32be6978bc96408b612e8941117d8) Importer(-1,00000000000000000000000000000000) [PhysX] Initialized MultithreadedTaskDispatcher with 12 workers.
 -> (artifact id: 'fa2bd60d9f159c7fd603c4d8dce5d692') in 0.002026 seconds
Start importing Assets/ToonyTinyPeople/TT_RTS/TT_RTS_Standard/models/materials/color/Units/TT_RTS_Units_white.mat using Guid(cf1fa6c73dc509448863697c25254027) Importer(-1,00000000000000000000000000000000) [PhysX] Initialized MultithreadedTaskDispatcher with 12 workers.
 -> (artifact id: 'c631942140c37b322c9756b0d21404c9') in 0.001798 seconds
Start importing Assets/ToonyTinyPeople/TT_RTS/TT_RTS_Standard/animation/animation_infantry/Crossbow/crossbow_01_idle.FBX using Guid(0081a5284a5a72a41a401b6554a39301) Importer(-1,00000000000000000000000000000000) [PhysX] Initialized MultithreadedTaskDispatcher with 12 workers.
Keyframe reduction: Ratio: 5.143158%;
 -> (artifact id: 'e1b0eb073154fa0ae35a40988a0fea09') in 0.056454 seconds
Start importing Assets/ToonyTinyPeople/TT_RTS/TT_RTS_Standard/models/buildings/Keep.FBX using Guid(003306f67c7bed24b8be307fb52fb0ab) Importer(-1,00000000000000000000000000000000) [PhysX] Initialized MultithreadedTaskDispatcher with 12 workers.
 -> (artifact id: 'e09bb054201309bd978fd39bd66f079d') in 0.018129 seconds
Start importing Assets/ToonyTinyPeople/TT_RTS/TT_RTS_Standard/animation/animation_infantry/Shield/shield_02_walk.FBX using Guid(30ea09f4973091c4d96cebd7c631b537) Importer(-1,00000000000000000000000000000000) [PhysX] Initialized MultithreadedTaskDispatcher with 12 workers.
Keyframe reduction: Ratio: 32.385727%;
 -> (artifact id: '70ee69506d2ea7d46affec70f1e5d1a5') in 0.022641 seconds
Start importing Assets/ToonyTinyPeople/TT_RTS/TT_RTS_Standard/animation/animation_infantry/TwoHanded/twohanded_02_walk_rm.FBX using Guid(40054f8bceb786c4da532c2e63279de9) Importer(-1,00000000000000000000000000000000) [PhysX] Initialized MultithreadedTaskDispatcher with 12 workers.
Keyframe reduction: Ratio: 28.354856%;
 -> (artifact id: '6ae620c803ef76692bb8bc8524c2f7f9') in 0.025316 seconds
Start importing Assets/ToonyTinyPeople/TT_RTS/TT_RTS_Standard/models/extras/heads/Head_09h.FBX using Guid(406dd9bbf5562ed44a57a64d130508c9) Importer(-1,00000000000000000000000000000000) [PhysX] Initialized MultithreadedTaskDispatcher with 12 workers.
 -> (artifact id: '41a21ea991bb10b8f47d7b8a8e1ceda0') in 0.013321 seconds
Start importing Assets/ToonyTinyPeople/TT_RTS/TT_RTS_Standard/animation/animation_infantry/Spear/spear_06_death_B.FBX using Guid(505b2fbca113d954c9b18b1a2e55a117) Importer(-1,00000000000000000000000000000000) [PhysX] Initialized MultithreadedTaskDispatcher with 12 workers.
Keyframe reduction: Ratio: 37.023815%;
 -> (artifact id: '71024973d70e845b9393e9981edba53c') in 0.025139 seconds
Start importing Assets/ToonyTinyPeople/TT_RTS/TT_RTS_Standard/models/extras/heads/Head_03a.FBX using Guid(50bb21945d4215a4489afbcb1598758f) Importer(-1,00000000000000000000000000000000) [PhysX] Initialized MultithreadedTaskDispatcher with 12 workers.
 -> (artifact id: '614db3393c04287c8edad322d2da59d4') in 0.013677 seconds
Start importing Assets/SimpleNaturePack/Models/Tree_05.fbx using Guid(603970f97e50c56488ec3c5a6febd940) Importer(-1,00000000000000000000000000000000) [PhysX] Initialized MultithreadedTaskDispatcher with 12 workers.
 -> (artifact id: 'ce50479343181cfe23c01efeb4ac82ca') in 0.013880 seconds
Start importing Assets/ToonyTinyPeople/TT_RTS/TT_RTS_Standard/animation/animation_infantry/Infantry/infantry_07_punch_B.FBX using Guid(70957480eb7b9f2409830bda7a8e3af5) Importer(-1,00000000000000000000000000000000) [PhysX] Initialized MultithreadedTaskDispatcher with 12 workers.
Keyframe reduction: Ratio: 35.623112%;
 -> (artifact id: '8354b5dcc5b673bdb3ec47a8fb40eb84') in 0.021708 seconds
Start importing Assets/ToonyTinyPeople/TT_RTS/TT_RTS_Standard/models/buildings/Archery.FBX using Guid(7036859d28e2cb84c9948a1fcf49fe95) Importer(-1,00000000000000000000000000000000) [PhysX] Initialized MultithreadedTaskDispatcher with 12 workers.
 -> (artifact id: '8f95d4dd97c03481fbc5133a0996ae21') in 0.014320 seconds
Start importing Assets/ToonyTinyPeople/TT_RTS/TT_RTS_Standard/models/buildings/construction/Keep_1.FBX using Guid(70a74a7e3a8172e4d9fc5cd02c4800ba) Importer(-1,00000000000000000000000000000000) [PhysX] Initialized MultithreadedTaskDispatcher with 12 workers.
 -> (artifact id: '289d03e2ddbd35cd7dfedd3f64b0c63a') in 0.015356 seconds
Start importing Assets/ToonyTinyPeople/TT_RTS/TT_RTS_Standard/models/buildings/construction/Archery_0.FBX using Guid(9018b9e829e697640b479e00dd8fdcc0) Importer(-1,00000000000000000000000000000000) [PhysX] Initialized MultithreadedTaskDispatcher with 12 workers.
 -> (artifact id: 'daf557745750db471ed64db4c7fccd40') in 0.014172 seconds
Start importing Assets/ToonyTinyPeople/TT_RTS/TT_RTS_Standard/animation/animation_infantry/Spear/spear_03_run.FBX using Guid(90db24b13a227fd46a43bb6cf2c5f729) Importer(-1,00000000000000000000000000000000) [PhysX] Initialized MultithreadedTaskDispatcher with 12 workers.
Keyframe reduction: Ratio: 38.131042%;
 -> (artifact id: '6d751fe65c86e29b66461df5e1f0ec68') in 0.023988 seconds
Start importing Assets/ToonyTinyPeople/TT_RTS/TT_RTS_Standard/animation/animation_cavalry/cavalry_crossbow/cav_crossbow_02_walk_rm.FBX using Guid(90ad1905e5893f744be398a7c13e3a9d) Importer(-1,00000000000000000000000000000000) [PhysX] Initialized MultithreadedTaskDispatcher with 12 workers.
Keyframe reduction: Ratio: 27.771839%;
 -> (artifact id: '858bfadad2e331881b8449284245eca8') in 0.035589 seconds
Start importing Assets/ToonyTinyPeople/TT_RTS/TT_RTS_Standard/animation/animation_cavalry/cavalry_staff/cav_staff_07_cast_B.FBX using Guid(a025545321a7854419276ff66c3310c5) Importer(-1,00000000000000000000000000000000) [PhysX] Initialized MultithreadedTaskDispatcher with 12 workers.
Keyframe reduction: Ratio: 21.767927%;
 -> (artifact id: 'eca519c990ab03828f06fa724b298d02') in 0.047022 seconds
Start importing Assets/ToonyTinyPeople/TT_RTS/TT_RTS_Standard/animation/animation_infantry/Infantry/infantry_07_punch_A.FBX using Guid(a07a42f1d569ff941929028916b1cb06) Importer(-1,00000000000000000000000000000000) [PhysX] Initialized MultithreadedTaskDispatcher with 12 workers.
Keyframe reduction: Ratio: 35.646317%;
 -> (artifact id: '9259b67b8ca6d88285624ee0d31e31c9') in 0.023369 seconds
Start importing Assets/ToonyTinyPeople/TT_RTS/TT_RTS_Standard/animation/animation_infantry/Infantry/infantry_06_death_B.FBX using Guid(b0d9487d80334c74198b26915b369dc8) Importer(-1,00000000000000000000000000000000) [PhysX] Initialized MultithreadedTaskDispatcher with 12 workers.
Keyframe reduction: Ratio: 31.841433%;
 -> (artifact id: '77927695bbb160556bbe2c676cfed202') in 0.029023 seconds
Start importing Assets/ToonyTinyPeople/TT_RTS/TT_RTS_Standard/models/extras/weapons/w_glaive.FBX using Guid(b0fbaf4258bea47449446b1be6f1b756) Importer(-1,00000000000000000000000000000000) [PhysX] Initialized MultithreadedTaskDispatcher with 12 workers.
 -> (artifact id: '274799618bf9b830bfb043d8aa5bd8a9') in 0.012257 seconds
Start importing Assets/ToonyTinyPeople/TT_RTS/TT_RTS_Standard/models/extras/weapons/shield_06.FBX using Guid(b04f4cb27c7d59749813740dedc3a7e4) Importer(-1,00000000000000000000000000000000) [PhysX] Initialized MultithreadedTaskDispatcher with 12 workers.
 -> (artifact id: 'cb873ade7f161776a27d310450cd5110') in 0.011737 seconds
Start importing Assets/ToonyTinyPeople/TT_RTS/TT_RTS_Standard/models/extras/weapons/w_sword.FBX using Guid(c003aa97770e284448701ae80be7f897) Importer(-1,00000000000000000000000000000000) [PhysX] Initialized MultithreadedTaskDispatcher with 12 workers.
 -> (artifact id: '2923e7550134ff9fb7e90f2038ae235a') in 0.013816 seconds
Start importing Assets/ToonyTinyPeople/TT_RTS/TT_RTS_Standard/animation/animation_infantry/Crossbow/crossbow_03_run.FBX using Guid(c0a7f439d36e0dc49953995b2751d8ac) Importer(-1,00000000000000000000000000000000) [PhysX] Initialized MultithreadedTaskDispatcher with 12 workers.
Keyframe reduction: Ratio: 37.747654%;
 -> (artifact id: '6b5300819f90d27128878cedd195f743') in 0.024839 seconds
Start importing Assets/ToonyTinyPeople/TT_RTS/TT_RTS_standard_demo/animations/infantry_03_run_rm.FBX using Guid(c0d72c4063fd5f945a10cc2cad0905d9) Importer(-1,00000000000000000000000000000000) [PhysX] Initialized MultithreadedTaskDispatcher with 12 workers.
Keyframe reduction: Ratio: 38.521687%;
 -> (artifact id: '1c6f905763e4a70a354a8ba6264fdb59') in 0.023197 seconds
Start importing Assets/SimpleNaturePack/Models/Mushroom_01.fbx using Guid(d062f5c56ffb55c4f832432ada269abe) Importer(-1,00000000000000000000000000000000) [PhysX] Initialized MultithreadedTaskDispatcher with 12 workers.
 -> (artifact id: 'd014f97a6f1faa37da6128bc7c762456') in 0.012596 seconds
Start importing Assets/ToonyTinyPeople/TT_RTS/TT_RTS_Standard/models/extras/weapons/w_sabre.FBX using Guid(d05453661b15550489649fb973100997) Importer(-1,00000000000000000000000000000000) [PhysX] Initialized MultithreadedTaskDispatcher with 12 workers.
 -> (artifact id: 'cfc9764d2f8f3c528e2b2a9da00a8775') in 0.012350 seconds
Start importing Assets/ToonyTinyPeople/TT_RTS/TT_RTS_Standard/models/extras/weapons/shield_14.FBX using Guid(d049d2b07603cb94b90aa5da497cdb49) Importer(-1,00000000000000000000000000000000) [PhysX] Initialized MultithreadedTaskDispatcher with 12 workers.
 -> (artifact id: 'd17bb10da9c55fc58e3049fb16c07f8a') in 0.012884 seconds
Start importing Assets/ToonyTinyPeople/TT_RTS/TT_RTS_Standard/animation/animation_infantry/Staff/staff_07_cast_B.FBX using Guid(f095a5004b6ba9a4ba6dbd1cc54a74cd) Importer(-1,00000000000000000000000000000000) [PhysX] Initialized MultithreadedTaskDispatcher with 12 workers.
Keyframe reduction: Ratio: 22.652803%;
 -> (artifact id: 'a9f6feab003255e6d540d1fa1f32cfdd') in 0.026599 seconds
Start importing Assets/ToonyTinyPeople/TT_RTS/TT_RTS_Standard/animation/animation_cavalry/cavalry_spear_A/cav_spear_A_05_damage.FBX using Guid(f0deb250a4cc0194ab0a6d9ac835a40a) Importer(-1,00000000000000000000000000000000) [PhysX] Initialized MultithreadedTaskDispatcher with 12 workers.
Keyframe reduction: Ratio: 30.495111%;
 -> (artifact id: '0ca6c0c3f59d64e5c853d7992fa22eae') in 0.036504 seconds
Start importing Assets/ToonyTinyPeople/TT_RTS/TT_RTS_Standard/animation/animation_infantry/Shield/shield_02_walk_rm.FBX using Guid(01822c917cbe238408976a109c48a8c6) Importer(-1,00000000000000000000000000000000) [PhysX] Initialized MultithreadedTaskDispatcher with 12 workers.
Keyframe reduction: Ratio: 31.828316%;
 -> (artifact id: 'a2c4eac3d3c7e0e36be4f405d4869062') in 0.027185 seconds
Start importing Assets/ToonyTinyPeople/TT_RTS/TT_RTS_Standard/animation/animation_cavalry/cavalry_staff/cav_staff_03_run_rm.FBX using Guid(01130b155af54d14b87f3fb00995b8eb) Importer(-1,00000000000000000000000000000000) [PhysX] Initialized MultithreadedTaskDispatcher with 12 workers.
Keyframe reduction: Ratio: 30.649006%;
 -> (artifact id: '19162881ac6d481bc97108121dfeeca4') in 0.039295 seconds
Start importing Assets/ToonyTinyPeople/TT_RTS/TT_RTS_Standard/animation/animation_infantry/Spear_shield/spearshield_04_attack_A.FBX using Guid(1111ae1477d1e214c84401ea31ee3425) Importer(-1,00000000000000000000000000000000) [PhysX] Initialized MultithreadedTaskDispatcher with 12 workers.
Keyframe reduction: Ratio: 26.420179%;
 -> (artifact id: '89c0b1711d226d881b3ed180d57553c6') in 0.025126 seconds
Start importing Assets/ToonyTinyPeople/TT_RTS/TT_RTS_Standard/models/extras/weapons/w_staff_C.FBX using Guid(1122f40b03c373a4298fd2501cd5900b) Importer(-1,00000000000000000000000000000000) [PhysX] Initialized MultithreadedTaskDispatcher with 12 workers.
 -> (artifact id: 'c188b4d24056ecc9e474ba79e4353f00') in 0.011513 seconds
Start importing Assets/ToonyTinyPeople/TT_RTS/TT_RTS_Standard/animation/animation_cavalry/cavalry_shield/cav_shield_01_idle.FBX using Guid(11b4bb34618657b4f8919aa36b53c3e3) Importer(-1,00000000000000000000000000000000) [PhysX] Initialized MultithreadedTaskDispatcher with 12 workers.
Keyframe reduction: Ratio: 13.749918%;
 -> (artifact id: '47b86f95ec196d958cb0e718317bca00') in 0.045728 seconds
Start importing Assets/ToonyTinyPeople/TT_RTS/TT_RTS_Standard/models/extras/heads/Head_07b.FBX using Guid(113e78259b4e3ee4c91ffa7bc3276d10) Importer(-1,00000000000000000000000000000000) [PhysX] Initialized MultithreadedTaskDispatcher with 12 workers.
 -> (artifact id: '23541a0bbbac8622217d11c566fae36c') in 0.014295 seconds
Start importing Assets/ToonyTinyPeople/TT_RTS/TT_RTS_Standard/animation/animation_cavalry/cavalry_archer/cav_archer_06_death_B.FBX using Guid(214140386512e0248a3e6d376a3a86c2) Importer(-1,00000000000000000000000000000000) [PhysX] Initialized MultithreadedTaskDispatcher with 12 workers.
Keyframe reduction: Ratio: 30.736258%;
 -> (artifact id: 'cf1b52612ce377a68f4d27ffa99c5393') in 0.040385 seconds
Start importing Assets/ToonyTinyPeople/TT_RTS/TT_RTS_Standard/models/extras/heads/Head_12e.FBX using Guid(21a837504b55bd74bbcbe0db0d5020a1) Importer(-1,00000000000000000000000000000000) [PhysX] Initialized MultithreadedTaskDispatcher with 12 workers.
 -> (artifact id: '5c6d76b47ec1d3516a92bcbc68ff5398') in 0.012409 seconds
Start importing Assets/ToonyTinyPeople/TT_RTS/TT_RTS_Standard/animation/animation_infantry/Staff/staff_04_attack_B.FBX using Guid(314cbbc2e7d7942438aaa24a8866c9f0) Importer(-1,00000000000000000000000000000000) [PhysX] Initialized MultithreadedTaskDispatcher with 12 workers.
Keyframe reduction: Ratio: 25.126022%;
 -> (artifact id: '622f727feee68bbc33faadac6c8b35df') in 0.024155 seconds
Start importing Assets/ToonyTinyPeople/TT_RTS/TT_RTS_Standard/animation/animation_infantry/Crossbow/crossbow_02_walk.FBX using Guid(316cc6ef3a1e10943a72749db1cca41c) Importer(-1,00000000000000000000000000000000) [PhysX] Initialized MultithreadedTaskDispatcher with 12 workers.
Keyframe reduction: Ratio: 30.544638%;
 -> (artifact id: 'd24e9e3308a8d75121f650cf17814abb') in 0.024029 seconds
Start importing Assets/ToonyTinyPeople/TT_RTS/TT_RTS_Standard/animation/animation_cavalry/cavalry_spear_A/cav_spear_A_06_death_A.FBX using Guid(4173e1d014fbc534ea62018e0d1de92c) Importer(-1,00000000000000000000000000000000) [PhysX] Initialized MultithreadedTaskDispatcher with 12 workers.
Keyframe reduction: Ratio: 30.879103%;
 -> (artifact id: '98287083487ba0720bcfe37c80c16c53') in 0.036086 seconds
Start importing Assets/ToonyTinyPeople/TT_RTS/TT_RTS_Standard/animation/animation_infantry/Staff/staff_02_walk.FBX using Guid(4108c8e6ed5ef6841b08239d372c0fe2) Importer(-1,00000000000000000000000000000000) [PhysX] Initialized MultithreadedTaskDispatcher with 12 workers.
Keyframe reduction: Ratio: 32.107021%;
 -> (artifact id: 'c43f1200574b574705abbcba0a1fa14f') in 0.024478 seconds
Start importing Assets/ToonyTinyPeople/TT_RTS/TT_RTS_Standard/models/extras/weapons/w_dagger_C.FBX using Guid(5110c1c53668a7341a22f739b18d0cdf) Importer(-1,00000000000000000000000000000000) [PhysX] Initialized MultithreadedTaskDispatcher with 12 workers.
 -> (artifact id: '8e4611899851b1b0aac0690bf403cc79') in 0.011300 seconds
Start importing Assets/ToonyTinyPeople/TT_RTS/TT_RTS_Standard/animation/animation_infantry/Archer/archer_04_attack_B.FBX using Guid(5142e855d0214a64fa6432eafc50a2d0) Importer(-1,00000000000000000000000000000000) [PhysX] Initialized MultithreadedTaskDispatcher with 12 workers.
Keyframe reduction: Ratio: 28.054586%;
 -> (artifact id: 'a382b55d26f1adbc32bb5cb9985aeee1') in 0.026073 seconds
Start importing Assets/ToonyTinyPeople/TT_RTS/TT_RTS_Standard/animation/animation_machines/Catapult/catapult_05_death.FBX using Guid(5158c7cb8e7dabc4daf1ef1946b471e6) Importer(-1,00000000000000000000000000000000) [PhysX] Initialized MultithreadedTaskDispatcher with 12 workers.
Keyframe reduction: Ratio: 51.807819%;
 -> (artifact id: '7eb89c855475c95ae72077d550d2659c') in 0.021544 seconds
Start importing Assets/ToonyTinyPeople/TT_RTS/TT_RTS_Standard/animation/animation_cavalry/cavalry_staff/cav_staff_03_run.FBX using Guid(7109018f1b954e644813d5aa7553d6db) Importer(-1,00000000000000000000000000000000) [PhysX] Initialized MultithreadedTaskDispatcher with 12 workers.
Keyframe reduction: Ratio: 27.682119%;
 -> (artifact id: 'c0d245322da571272dfff938985331f7') in 0.039594 seconds
Start importing Assets/ToonyTinyPeople/TT_RTS/TT_RTS_standard_demo/animations/infantry_04_attack_A.FBX using Guid(713b1e69f38310048ad50131a6cf45fc) Importer(-1,00000000000000000000000000000000) [PhysX] Initialized MultithreadedTaskDispatcher with 12 workers.
Keyframe reduction: Ratio: 27.255026%;
 -> (artifact id: '9abb822d342b451b498c4d9ed81958ef') in 0.024830 seconds
Start importing Assets/ToonyTinyPeople/TT_RTS/TT_RTS_Standard/models/buildings/construction/Wall_A_wall_1.FBX using Guid(812acd5205a724c40b7cd7d493a48bdd) Importer(-1,00000000000000000000000000000000) [PhysX] Initialized MultithreadedTaskDispatcher with 12 workers.
 -> (artifact id: '91df125b1d927d9867a759ac374704e6') in 0.014323 seconds
Start importing Assets/ToonyTinyPeople/TT_RTS/TT_RTS_Standard/animation/animation_cavalry/cavalry_archer/cav_archer_01_idle.FBX using Guid(91c0b7cee7717f44e8592a8ae0b83446) Importer(-1,00000000000000000000000000000000) [PhysX] Initialized MultithreadedTaskDispatcher with 12 workers.
Keyframe reduction: Ratio: 14.392497%;
 -> (artifact id: 'd7c97fcf2d982820438d86177a273a3c') in 0.046022 seconds
Start importing Assets/ToonyTinyPeople/TT_RTS/TT_RTS_Standard/animation/animation_infantry/Spear_shield/spearshield_06_death_B.FBX using Guid(91e2cd684a647a94e858c4d0aca6ba99) Importer(-1,00000000000000000000000000000000) [PhysX] Initialized MultithreadedTaskDispatcher with 12 workers.
Keyframe reduction: Ratio: 32.466614%;
 -> (artifact id: '885d65e32b693d3099e6529211ca143a') in 0.028621 seconds
Start importing Assets/ToonyTinyPeople/TT_RTS/TT_RTS_Standard/models/buildings/construction/Wall_B_gate_0.FBX using Guid(914c6a6c8577a644695c9d94116c598d) Importer(-1,00000000000000000000000000000000) [PhysX] Initialized MultithreadedTaskDispatcher with 12 workers.
 -> (artifact id: 'b368fb643c77e2db960af013d4002a2f') in 0.014964 seconds
Start importing Assets/ToonyTinyPeople/TT_RTS/TT_RTS_Standard/animation/animation_cavalry/cavalry_spear_B/cav_spear_B_01_idle.FBX using Guid(91fe72824d1939b4a88dcf69875c164d) Importer(-1,00000000000000000000000000000000) [PhysX] Initialized MultithreadedTaskDispatcher with 12 workers.
Keyframe reduction: Ratio: 14.425283%;
 -> (artifact id: 'fb1bd8fbbb6f72da204442b2bb0f0404') in 0.043741 seconds
Start importing Assets/ToonyTinyPeople/TT_RTS/TT_RTS_Standard/models/extras/banners/animation/banner_idle_A.FBX using Guid(a1292a486ece3904f9ab94c5b2d3b1dc) Importer(-1,00000000000000000000000000000000) [PhysX] Initialized MultithreadedTaskDispatcher with 12 workers.
Keyframe reduction: Ratio: 2.475248%;
 -> (artifact id: '567a19af6951cf1d80aaa74367bc17d7') in 0.016939 seconds
Start importing Assets/ToonyTinyPeople/TT_RTS/TT_RTS_Standard/models/buildings/construction/Granary_0.FBX using Guid(b18013bceef29894d95932ffbdf069c0) Importer(-1,00000000000000000000000000000000) [PhysX] Initialized MultithreadedTaskDispatcher with 12 workers.
 -> (artifact id: 'a30c0612af77266ee6ce7706fe03c76c') in 0.012503 seconds
Start importing Assets/ToonyTinyPeople/TT_RTS/TT_RTS_Standard/models/buildings/construction/House_1.FBX using Guid(b1ff534b3931e674e8e475faa59eb659) Importer(-1,00000000000000000000000000000000) [PhysX] Initialized MultithreadedTaskDispatcher with 12 workers.
 -> (artifact id: '60725cb8b1287e5775ad673bf549a51b') in 0.012719 seconds
Start importing Assets/ToonyTinyPeople/TT_RTS/TT_RTS_Standard/models/extras/weapons/w_maul.FBX using Guid(c163901e8ed52cc4483c967ce2271c61) Importer(-1,00000000000000000000000000000000) [PhysX] Initialized MultithreadedTaskDispatcher with 12 workers.
 -> (artifact id: '35d91dda2f11afd894564b3b778b6561') in 0.012133 seconds
Start importing Assets/ToonyTinyPeople/TT_RTS/TT_RTS_Standard/models/extras/weapons/w_axe_B.FBX using Guid(d1fe24767c1b69c41ba2d43eff5ca3fe) Importer(-1,00000000000000000000000000000000) [PhysX] Initialized MultithreadedTaskDispatcher with 12 workers.
 -> (artifact id: '4dfa3bc32ffa741287e110d59372bf0f') in 0.013064 seconds
Start importing Assets/ToonyTinyPeople/TT_RTS/TT_RTS_Standard/models/extras/weapons/w_staff_A.FBX using Guid(e1b298fdf9547b14aacde68970a29bde) Importer(-1,00000000000000000000000000000000) [PhysX] Initialized MultithreadedTaskDispatcher with 12 workers.
 -> (artifact id: '53b03fa82712c936ceb1fd547ca20941') in 0.011867 seconds
Start importing Assets/ToonyTinyPeople/TT_RTS/TT_RTS_Standard/models/extras/weapons/shield_17.FBX using Guid(f1300005e5021fb43909447a54a034c9) Importer(-1,00000000000000000000000000000000) [PhysX] Initialized MultithreadedTaskDispatcher with 12 workers.
 -> (artifact id: 'c00553acae9d411a3cf878fff809a699') in 0.015223 seconds
Start importing Assets/ToonyTinyPeople/TT_RTS/TT_RTS_Standard/models/buildings/construction/MageTower_1.FBX using Guid(f1d267045620d8f40a446655a93df223) Importer(-1,00000000000000000000000000000000) [PhysX] Initialized MultithreadedTaskDispatcher with 12 workers.
 -> (artifact id: 'c9c50578a11fe0db5f0ee09ada3165b8') in 0.014960 seconds
Start importing Assets/ToonyTinyPeople/TT_RTS/TT_RTS_Standard/models/units/machines/TT_RTS_Ram.FBX using Guid(f12ccf2dde6cbfc4286328da366c9c8d) Importer(-1,00000000000000000000000000000000) [PhysX] Initialized MultithreadedTaskDispatcher with 12 workers.
 -> (artifact id: '8199cc108f9eff884be55210f6a53c1c') in 0.021412 seconds
Start importing Assets/ToonyTinyPeople/TT_RTS/TT_RTS_Standard/animation/animation_infantry/Spear_shield/spearshield_05_damage.FBX using Guid(f15c56ba5b9eacd4fbbdd19b750cc76a) Importer(-1,00000000000000000000000000000000) [PhysX] Initialized MultithreadedTaskDispatcher with 12 workers.
Keyframe reduction: Ratio: 33.437611%;
 -> (artifact id: '4f3bd31bce89b1fe2f9f6caa8b0b228d') in 0.024177 seconds
Start importing Assets/ToonyTinyPeople/TT_RTS/TT_RTS_Standard/animation/animation_cavalry/cavalry_shield/cav_shield_06_death_B.FBX using Guid(f1cd88b0cbcead944bdc044ef6d92f04) Importer(-1,00000000000000000000000000000000) [PhysX] Initialized MultithreadedTaskDispatcher with 12 workers.
Keyframe reduction: Ratio: 30.463573%;
 -> (artifact id: 'fbc2a08802d26474badf6762aa96b2f1') in 0.040787 seconds
Start importing Assets/ToonyTinyPeople/TT_RTS/TT_RTS_Standard/animation/animation_infantry/Spear_shield/spearshield_06_death_A.FBX using Guid(02ad53d9e50364848a06006f277b4a4b) Importer(-1,00000000000000000000000000000000) [PhysX] Initialized MultithreadedTaskDispatcher with 12 workers.
Keyframe reduction: Ratio: 29.736216%;
 -> (artifact id: 'a6b5ede2e26d9b64105a0eaf92c44747') in 0.026981 seconds
Start importing Assets/ToonyTinyPeople/TT_RTS/TT_RTS_Standard/models/units/TT_RTS_Characters_customizable.FBX using Guid(02ded044b8e0963439276550f50be6f9) Importer(-1,00000000000000000000000000000000) [PhysX] Initialized MultithreadedTaskDispatcher with 12 workers.
 -> (artifact id: '3bfe99f0f50542c2d2783fbcec7658b0') in 0.213737 seconds
Start importing Assets/ToonyTinyPeople/TT_RTS/TT_RTS_Standard/models/extras/weapons/w_staff_B.FBX using Guid(124a7d5c79a12ad42ba3c3b37349906e) Importer(-1,00000000000000000000000000000000) [PhysX] Initialized MultithreadedTaskDispatcher with 12 workers.
 -> (artifact id: '9fa5c61acb87d3ea5612417745ef7dd6') in 0.014066 seconds
Start importing Assets/ToonyTinyPeople/TT_RTS/TT_RTS_Standard/models/extras/heads/Head_11c.FBX using Guid(42e7a41d96d6d9e4d95df77105817169) Importer(-1,00000000000000000000000000000000) [PhysX] Initialized MultithreadedTaskDispatcher with 12 workers.
 -> (artifact id: '1f435e1b6ae6a419780a1571378b98ee') in 0.014266 seconds
Start importing Assets/ToonyTinyPeople/TT_RTS/TT_RTS_Standard/models/extras/weapons/w_TH_warhammer.FBX using Guid(424cbceaa7eaa444ebc0da452dfc1b88) Importer(-1,00000000000000000000000000000000) [PhysX] Initialized MultithreadedTaskDispatcher with 12 workers.
 -> (artifact id: 'a8ba401a508650166a2ffe1105655a92') in 0.015431 seconds
Start importing Assets/ToonyTinyPeople/TT_RTS/TT_RTS_Standard/models/extras/weapons/w_mace.FBX using Guid(527355e45631a534ba8b623b5d1108a4) Importer(-1,00000000000000000000000000000000) [PhysX] Initialized MultithreadedTaskDispatcher with 12 workers.
 -> (artifact id: 'd5b5702fa4813cbfeb1d306782da02e4') in 0.052249 seconds
Start importing Assets/ToonyTinyPeople/TT_RTS/TT_RTS_Standard/models/buildings/Farm.FBX using Guid(520e20395d1150a4c94174228bde0499) Importer(-1,00000000000000000000000000000000) [PhysX] Initialized MultithreadedTaskDispatcher with 12 workers.
 -> (artifact id: 'd52878793fa3966b0dd0aace04464238') in 0.042297 seconds
Start importing Assets/ToonyTinyPeople/TT_RTS/TT_RTS_Standard/models/extras/weapons/w_club.FBX using Guid(62610a500d256494cb66a40bc1f9ae46) Importer(-1,00000000000000000000000000000000) [PhysX] Initialized MultithreadedTaskDispatcher with 12 workers.
 -> (artifact id: 'c5bc5a834b2c64f7e3088fc85a729daa') in 0.016647 seconds
Start importing Assets/ToonyTinyPeople/TT_RTS/TT_RTS_Standard/animation/animation_infantry/Spear/spear_05_damage.FBX using Guid(628afcd6c2726c8438d41426e1658ede) Importer(-1,00000000000000000000000000000000) [PhysX] Initialized MultithreadedTaskDispatcher with 12 workers.
Keyframe reduction: Ratio: 34.186218%;
 -> (artifact id: '004360f82631937adaa714cfac1dfd98') in 0.061108 seconds
Start importing Assets/ToonyTinyPeople/TT_RTS/TT_RTS_Standard/FX/meshes/FX_wood_B.FBX using Guid(823827868e54cdb41beec25c085b2e89) Importer(-1,00000000000000000000000000000000) [PhysX] Initialized MultithreadedTaskDispatcher with 12 workers.
 -> (artifact id: 'c0f41336c6b8c3ac43a923588a45c6ac') in 0.016869 seconds
Start importing Assets/ToonyTinyPeople/TT_RTS/TT_RTS_Standard/models/extras/weapons/w_cav_lance_B.FBX using Guid(822dc3439816bae44a5adb5bf72367c8) Importer(-1,00000000000000000000000000000000) [PhysX] Initialized MultithreadedTaskDispatcher with 12 workers.
 -> (artifact id: 'ac4a12da2bb7d262ce1f4bff319c910c') in 0.015530 seconds
Start importing Assets/ToonyTinyPeople/TT_RTS/TT_RTS_Standard/animation/animation_infantry/Staff/staff_03_run_rm.FBX using Guid(92e7a11b803d5b8488c5e5df5df36938) Importer(-1,00000000000000000000000000000000) [PhysX] Initialized MultithreadedTaskDispatcher with 12 workers.
Keyframe reduction: Ratio: 37.921444%;
 -> (artifact id: '81eec44aa2d81ddc79f34366200c8f79') in 0.027945 seconds
Start importing Assets/ToonyTinyPeople/TT_RTS/TT_RTS_Standard/models/buildings/construction/Wall_B_wall_0.FBX using Guid(922ea54d47119074d8b9b4e757b417e6) Importer(-1,00000000000000000000000000000000) [PhysX] Initialized MultithreadedTaskDispatcher with 12 workers.
 -> (artifact id: 'ff0c98f22f63bd43c2c0a6cd6926c120') in 0.014034 seconds
Start importing Assets/ToonyTinyPeople/TT_RTS/TT_RTS_Standard/animation/animation_infantry/TwoHanded/twohanded_06_death_A.FBX using Guid(a2734260adfadb94ca2629af8af3c3bf) Importer(-1,00000000000000000000000000000000) [PhysX] Initialized MultithreadedTaskDispatcher with 12 workers.
Keyframe reduction: Ratio: 28.303497%;
 -> (artifact id: '295ffc389f9fb4d1c725ef3c2e2d6a80') in 0.030925 seconds
Start importing Assets/ToonyTinyPeople/TT_RTS/TT_RTS_Standard/models/buildings/Library.FBX using Guid(a219455911288e84da9a9c5f55fd95c6) Importer(-1,00000000000000000000000000000000) [PhysX] Initialized MultithreadedTaskDispatcher with 12 workers.
 -> (artifact id: '5cd8b2835bddb5f8e16295db17d18b73') in 0.019458 seconds
Start importing Assets/ToonyTinyPeople/TT_RTS/TT_RTS_Standard/models/buildings/construction/Barracks_1.FBX using Guid(a2bc843dcc7a5be45993257d22444585) Importer(-1,00000000000000000000000000000000) [PhysX] Initialized MultithreadedTaskDispatcher with 12 workers.
 -> (artifact id: '11da29c3f200a74479034e44e85cd841') in 0.016960 seconds
Start importing Assets/ToonyTinyPeople/TT_RTS/TT_RTS_Standard/models/extras/heads/Head_06c.FBX using Guid(c272f7d9f0602054ba2ed5083f8de2aa) Importer(-1,00000000000000000000000000000000) [PhysX] Initialized MultithreadedTaskDispatcher with 12 workers.
 -> (artifact id: 'c828e4d25dc5460d1ce19b22677c963d') in 0.013699 seconds
Start importing Assets/ToonyTinyPeople/TT_RTS/TT_RTS_Standard/animation/animation_infantry/Infantry/infantry_06_death_A.FBX using Guid(d21976f6430d38b4d89737bfbf9c936f) Importer(-1,00000000000000000000000000000000) [PhysX] Initialized MultithreadedTaskDispatcher with 12 workers.
Keyframe reduction: Ratio: 27.990910%;
 -> (artifact id: '7c761c4ccd52498cf21eb2d70a527578') in 0.028500 seconds
Start importing Assets/ToonyTinyPeople/TT_RTS/TT_RTS_Standard/animation/animation_infantry/Shield/shield_01_idle.FBX using Guid(d2fa6cc158d1d8e4da35dba21ab4395d) Importer(-1,00000000000000000000000000000000) [PhysX] Initialized MultithreadedTaskDispatcher with 12 workers.
Keyframe reduction: Ratio: 6.403838%;
 -> (artifact id: 'c801c625fcd4b514b1ffdde506e402e6') in 0.036087 seconds
Start importing Assets/ToonyTinyPeople/TT_RTS/TT_RTS_Standard/models/buildings/Barracks.FBX using Guid(e2f28d7d7478cb64597ebb9077abfe6e) Importer(-1,00000000000000000000000000000000) [PhysX] Initialized MultithreadedTaskDispatcher with 12 workers.
 -> (artifact id: '27f4c99e9aa8143d074f8259d6631bba') in 0.015765 seconds
Start importing Assets/ToonyTinyPeople/TT_RTS/TT_RTS_Standard/animation/animation_cavalry/cavalry_spear_A/cav_spear_A_02_walk.FBX using Guid(f2b721309994f7c46a591ef7211e525f) Importer(-1,00000000000000000000000000000000) [PhysX] Initialized MultithreadedTaskDispatcher with 12 workers.
Keyframe reduction: Ratio: 25.144197%;
 -> (artifact id: '5988d7fb492ca64ce49e3d9026052b36') in 0.056916 seconds
Start importing Assets/ToonyTinyPeople/TT_RTS/TT_RTS_Standard/models/extras/weapons/w_axe_A.FBX using Guid(f24de2c8d37c4c7489dbc8a7f1bad1b3) Importer(-1,00000000000000000000000000000000) [PhysX] Initialized MultithreadedTaskDispatcher with 12 workers.
 -> (artifact id: 'c09dcbb2e69c8ecc7585c0e2805c438f') in 0.015232 seconds
Start importing Assets/ToonyTinyPeople/TT_RTS/TT_RTS_Standard/models/extras/heads/Head_12c.FBX using Guid(03472d74155c0ce40b63fd6de0c414eb) Importer(-1,00000000000000000000000000000000) [PhysX] Initialized MultithreadedTaskDispatcher with 12 workers.
 -> (artifact id: 'f83e99614ab34d4ed529559af8a70509') in 0.012484 seconds
Start importing Assets/ToonyTinyPeople/TT_RTS/TT_RTS_Standard/models/extras/heads/Head_02d.FBX using Guid(13408c3510e33994d9328cab1987ad9e) Importer(-1,00000000000000000000000000000000) [PhysX] Initialized MultithreadedTaskDispatcher with 12 workers.
 -> (artifact id: '03d5a286d736911f6d0684b49938e4e5') in 0.011362 seconds
Start importing Assets/ToonyTinyPeople/TT_RTS/TT_RTS_Standard/animation/animation_machines/Ram/ram_05_death.FBX using Guid(1334802e61822de44a80e57ea85e365f) Importer(-1,00000000000000000000000000000000) [PhysX] Initialized MultithreadedTaskDispatcher with 12 workers.
Keyframe reduction: Ratio: 20.128206%;
 -> (artifact id: '7b022a9e9c2252472270d4266ad41cff') in 0.016302 seconds
Start importing Assets/ToonyTinyPeople/TT_RTS/TT_RTS_Standard/models/extras/heads/Head_11d.FBX using Guid(13ec74b6a9bff0d49a3ecc94049299e5) Importer(-1,00000000000000000000000000000000) [PhysX] Initialized MultithreadedTaskDispatcher with 12 workers.
 -> (artifact id: '695efe2e39bfb90a293af9cf1700c29e') in 0.013462 seconds
Start importing Assets/ToonyTinyPeople/TT_RTS/TT_RTS_Standard/models/buildings/construction/MageTower_0.FBX using Guid(23f5e8bfeddc6454da643b5f31d0ff9a) Importer(-1,00000000000000000000000000000000) [PhysX] Initialized MultithreadedTaskDispatcher with 12 workers.
 -> (artifact id: 'aa09f233371b1e4312ffcc97675e12ff') in 0.012445 seconds
Start importing Assets/SimpleNaturePack/Models/Rock_04.fbx using Guid(33ebf3440b12ec245bd008cd464f8d9a) Importer(-1,00000000000000000000000000000000) [PhysX] Initialized MultithreadedTaskDispatcher with 12 workers.
 -> (artifact id: 'b8c48f09f4f54a290fc1cb62ca227eab') in 0.013915 seconds
Start importing Assets/ToonyTinyPeople/TT_RTS/TT_RTS_Standard/animation/animation_infantry/TwoHanded/twohanded_04_attack_A.FBX using Guid(33bd65223d28b1c4cb76a7bebb02a099) Importer(-1,00000000000000000000000000000000) [PhysX] Initialized MultithreadedTaskDispatcher with 12 workers.
Keyframe reduction: Ratio: 25.977476%;
 -> (artifact id: '135ddc1a8e9b5e428518139873f89009') in 0.022934 seconds
Start importing Assets/ToonyTinyPeople/TT_RTS/TT_RTS_Standard/models/extras/heads/Head_12b.FBX using Guid(53b41a169cbdb774d97beaf95c41fe1b) Importer(-1,00000000000000000000000000000000) [PhysX] Initialized MultithreadedTaskDispatcher with 12 workers.
 -> (artifact id: 'cee1eaae13ef699b95b1fea8e92fab31') in 0.012728 seconds
Start importing Assets/ToonyTinyPeople/TT_RTS/TT_RTS_Standard/animation/animation_cavalry/cavalry/cavalry_04_attack.FBX using Guid(63322e7d283549c4a9df1da1007a04a0) Importer(-1,00000000000000000000000000000000) [PhysX] Initialized MultithreadedTaskDispatcher with 12 workers.
Keyframe reduction: Ratio: 24.631487%;
 -> (artifact id: '6c92643e9a28cdec82bc6764a4a4c2c6') in 0.032133 seconds
Start importing Assets/ToonyTinyPeople/TT_RTS/TT_RTS_Standard/models/extras/weapons/w_recurve_bow.FBX using Guid(6304cf70aa6951f4ab3b26065db2b934) Importer(-1,00000000000000000000000000000000) [PhysX] Initialized MultithreadedTaskDispatcher with 12 workers.
 -> (artifact id: '38c74b38794f77fe1887752174f688a8') in 0.014458 seconds
Start importing Assets/ToonyTinyPeople/TT_RTS/TT_RTS_Standard/models/buildings/Castle.FBX using Guid(637b3bb1a53fd584b8b2f29eddb05290) Importer(-1,00000000000000000000000000000000) [PhysX] Initialized MultithreadedTaskDispatcher with 12 workers.
 -> (artifact id: '360651cbec2dec12c3af77eddb9e9b7b') in 0.015346 seconds
Start importing Assets/SimpleNaturePack/Models/Grass_02.fbx using Guid(638dc165572d2a84081d13ce1afb4d52) Importer(-1,00000000000000000000000000000000) [PhysX] Initialized MultithreadedTaskDispatcher with 12 workers.
 -> (artifact id: 'c38b9b2aee8126be6a946c1b1bc3d426') in 0.010939 seconds
Start importing Assets/ToonyTinyPeople/TT_RTS/TT_RTS_Standard/animation/animation_infantry/Crossbow/crossbow_04_attack_A.FBX using Guid(7317e24a1d1d4574a95226a1347804e0) Importer(-1,00000000000000000000000000000000) [PhysX] Initialized MultithreadedTaskDispatcher with 12 workers.
Keyframe reduction: Ratio: 22.634268%;
 -> (artifact id: '3d1480707ffd3c649cf02c1baa0c91a5') in 0.021866 seconds
Start importing Assets/ToonyTinyPeople/TT_RTS/TT_RTS_Standard/models/extras/projectiles/Arrow_B.FBX using Guid(7368c7d5f6071c248bc3f744189c7d7b) Importer(-1,00000000000000000000000000000000) [PhysX] Initialized MultithreadedTaskDispatcher with 12 workers.
 -> (artifact id: '4c8901ef3836593b063ce8a8107e5f4e') in 0.011280 seconds
Start importing Assets/ToonyTinyPeople/TT_RTS/TT_RTS_Standard/models/extras/heads/Head_05c.FBX using Guid(7369cc9574777854fbc755011f40364a) Importer(-1,00000000000000000000000000000000) [PhysX] Initialized MultithreadedTaskDispatcher with 12 workers.
 -> (artifact id: 'adb0c8f489c69a64530e96e42552e662') in 0.013083 seconds
Start importing Assets/ToonyTinyPeople/TT_RTS/TT_RTS_Standard/animation/animation_machines/Catapult/catapult_01_idle.FBX using Guid(73ca10bcbdbc30d468d0a3bb7fe2bc34) Importer(-1,00000000000000000000000000000000) [PhysX] Initialized MultithreadedTaskDispatcher with 12 workers.
Keyframe reduction: Ratio: 18.181818%;
 -> (artifact id: '0ec69f70b355f13da97d337f1223ccd4') in 0.015799 seconds
Start importing Assets/ToonyTinyPeople/TT_RTS/TT_RTS_Standard/models/extras/weapons/w_pike.FBX using Guid(8383d263301155b4980dc56132b82813) Importer(-1,00000000000000000000000000000000) [PhysX] Initialized MultithreadedTaskDispatcher with 12 workers.
 -> (artifact id: '0aa63f6fdea2f46ff3281158ae628588') in 0.012361 seconds
Start importing Assets/SimpleNaturePack/Models/Tree_04.fbx using Guid(83e8d2542718a2e49a73d71c3a5fc685) Importer(-1,00000000000000000000000000000000) [PhysX] Initialized MultithreadedTaskDispatcher with 12 workers.
 -> (artifact id: '730bdd07238f7526fc3f21eb8ac283a7') in 0.013401 seconds
Start importing Assets/ToonyTinyPeople/TT_RTS/TT_RTS_Standard/models/extras/weapons/w_short_sword.FBX using Guid(93b3ac2d1edb6454280a7222fedb4974) Importer(-1,00000000000000000000000000000000) [PhysX] Initialized MultithreadedTaskDispatcher with 12 workers.
 -> (artifact id: '604f74803a6391ad1a703576c5f4c16b') in 0.013519 seconds
Start importing Assets/ToonyTinyPeople/TT_RTS/TT_RTS_Standard/models/buildings/animation/wall_B_gate/wall_B_open.FBX using Guid(b3a055a8761b2934d9506f04f7a2f472) Importer(-1,00000000000000000000000000000000) [PhysX] Initialized MultithreadedTaskDispatcher with 12 workers.
Keyframe reduction: Ratio: 57.685009%;
 -> (artifact id: 'ea6addf8408b13c126b1da26a8834bce') in 0.013547 seconds
Start importing Assets/ToonyTinyPeople/TT_RTS/TT_RTS_Standard/models/extras/backstuff/Back_Quiver_B.FBX using Guid(e31047a788f79f845a2dae995dcecdfd) Importer(-1,00000000000000000000000000000000) [PhysX] Initialized MultithreadedTaskDispatcher with 12 workers.
 -> (artifact id: '7a1540850412d9cfb731591484b40eb8') in 0.012496 seconds
Start importing Assets/ToonyTinyPeople/TT_RTS/TT_RTS_Standard/models/extras/backstuff/Back_Wood.FBX using Guid(e3312162e22d94b48b76cdb244148643) Importer(-1,00000000000000000000000000000000) [PhysX] Initialized MultithreadedTaskDispatcher with 12 workers.
 -> (artifact id: '93c828e2756b0be4db6e0f24adb56a0b') in 0.011845 seconds
Start importing Assets/ToonyTinyPeople/TT_RTS/TT_RTS_Standard/animation/animation_infantry/Spear/spear_06_death_A.FBX using Guid(e345dfb73b1572d43b93fbda56b53815) Importer(-1,00000000000000000000000000000000) [PhysX] Initialized MultithreadedTaskDispatcher with 12 workers.
Keyframe reduction: Ratio: 35.163395%;
 -> (artifact id: '748ea95e7b6611124c10745f41f03c27') in 0.025837 seconds
Start importing Assets/ToonyTinyPeople/TT_RTS/TT_RTS_Standard/models/extras/weapons/w_long_bow.FBX using Guid(e3270f62143ddae42b1d21ab68b16aa6) Importer(-1,00000000000000000000000000000000) [PhysX] Initialized MultithreadedTaskDispatcher with 12 workers.
 -> (artifact id: '7a01e4613fe2c69e635b4b490ed70651') in 0.013092 seconds
Start importing Assets/ToonyTinyPeople/TT_RTS/TT_RTS_Standard/models/buildings/Tower_B.FBX using Guid(f38b9a56b23e4df499eaede1c2276296) Importer(-1,00000000000000000000000000000000) [PhysX] Initialized MultithreadedTaskDispatcher with 12 workers.
 -> (artifact id: '434020d8283c4a6d3c560f79f7ce6894') in 0.013649 seconds
Start importing Assets/SimpleNaturePack/Models/Rock_03.fbx using Guid(14125b656fb71fd4d9d65bfe344107ad) Importer(-1,00000000000000000000000000000000) [PhysX] Initialized MultithreadedTaskDispatcher with 12 workers.
 -> (artifact id: '8aec9e7cd03ecfeefe38f1fe981f7010') in 0.012788 seconds
Start importing Assets/ToonyTinyPeople/TT_RTS/TT_RTS_Standard/models/extras/weapons/w_crossbow_B.FBX using Guid(14aa066216ead72479295ff9fa1a523b) Importer(-1,00000000000000000000000000000000) [PhysX] Initialized MultithreadedTaskDispatcher with 12 workers.
 -> (artifact id: 'f561ec15ae3836250b1533e90b3bea2b') in 0.012886 seconds
Start importing Assets/ToonyTinyPeople/TT_RTS/TT_RTS_Standard/models/buildings/construction/Tower_A_1.FBX using Guid(240875b6dee8d804883a4a485f4ed145) Importer(-1,00000000000000000000000000000000) [PhysX] Initialized MultithreadedTaskDispatcher with 12 workers.
 -> (artifact id: '78ac61df33e8fb801b0373df5f6bea23') in 0.017777 seconds
Start importing Assets/ToonyTinyPeople/TT_RTS/TT_RTS_Standard/models/extras/weapons/w_TH_maul_B.FBX using Guid(24198430b55cd0b4abae01222f33d01b) Importer(-1,00000000000000000000000000000000) [PhysX] Initialized MultithreadedTaskDispatcher with 12 workers.
 -> (artifact id: 'cd097bb9d6b510bf8be2dad26af82a3f') in 0.016719 seconds
Start importing Assets/ToonyTinyPeople/TT_RTS/TT_RTS_Standard/animation/animation_cavalry/cavalry_spear_B/cav_spear_B_06_death_A.FBX using Guid(3473860812c75504e85f647e5ed78474) Importer(-1,00000000000000000000000000000000) [PhysX] Initialized MultithreadedTaskDispatcher with 12 workers.
Keyframe reduction: Ratio: 31.177761%;
 -> (artifact id: '040972c8e8ff9eff6eff89713021474e') in 0.054379 seconds
Start importing Assets/ToonyTinyPeople/TT_RTS/TT_RTS_Standard/models/extras/projectiles/Catapult_rock_lvl2.FBX using Guid(44f0746f724c4f441af17d8f47950cc8) Importer(-1,00000000000000000000000000000000) [PhysX] Initialized MultithreadedTaskDispatcher with 12 workers.
 -> (artifact id: 'aa639540d8930de153a1fb406aac7eae') in 0.016152 seconds
Start importing Assets/SimpleNaturePack/Models/Tree_02.fbx using Guid(4471b1f7f824e4d44887e1364c6fc61a) Importer(-1,00000000000000000000000000000000) [PhysX] Initialized MultithreadedTaskDispatcher with 12 workers.
 -> (artifact id: 'e8335f38dbb1d9054f85dbf46feac064') in 0.013730 seconds
Start importing Assets/ToonyTinyPeople/TT_RTS/TT_RTS_Standard/animation/animation_cavalry/cavalry_spear_B/cav_spear_B_03_run_rm.FBX using Guid(64d0212aee3233d45a1ee89b8496484a) Importer(-1,00000000000000000000000000000000) [PhysX] Initialized MultithreadedTaskDispatcher with 12 workers.
Keyframe reduction: Ratio: 31.390728%;
 -> (artifact id: '5bafed03da7c71f9cd5fbd9b849cd978') in 0.034712 seconds
Start importing Assets/ToonyTinyPeople/TT_RTS/TT_RTS_Standard/animation/animation_cavalry/cavalry_shield/cav_shield_02_walk.FBX using Guid(641f6ddd86b8f3c47beac99a49f5fd02) Importer(-1,00000000000000000000000000000000) [PhysX] Initialized MultithreadedTaskDispatcher with 12 workers.
Keyframe reduction: Ratio: 24.118774%;
 -> (artifact id: 'd5445b2272f2fee617502b0f7ac24cff') in 0.037281 seconds
Start importing Assets/ToonyTinyPeople/TT_RTS/TT_RTS_Standard/models/extras/weapons/shield_22.FBX using Guid(84005f9a5668cee449b4dbdd6cf19472) Importer(-1,00000000000000000000000000000000) [PhysX] Initialized MultithreadedTaskDispatcher with 12 workers.
 -> (artifact id: '547e3747a49f4428e0376d5d2af98d5a') in 0.012874 seconds
Start importing Assets/ToonyTinyPeople/TT_RTS/TT_RTS_Standard/models/buildings/construction/Wall_A_corner_1.FBX using Guid(8410783fe3ef98c4e8b34dcdc9b92e41) Importer(-1,00000000000000000000000000000000) [PhysX] Initialized MultithreadedTaskDispatcher with 12 workers.
 -> (artifact id: '22bac1a82b25fb9cbb0fd8fffc575ae9') in 0.011944 seconds
Start importing Assets/ToonyTinyPeople/TT_RTS/TT_RTS_Standard/models/buildings/construction/Wall_A_corner_0.FBX using Guid(84027b74851eeb942a03f4a723b1a66e) Importer(-1,00000000000000000000000000000000) [PhysX] Initialized MultithreadedTaskDispatcher with 12 workers.
 -> (artifact id: 'a782bfdb685043b9ad423aab533ee377') in 0.014016 seconds
Start importing Assets/ToonyTinyPeople/TT_RTS/TT_RTS_Standard/models/extras/heads/Head_01d.FBX using Guid(84f9fc45dac58744aadd14fb26c33b24) Importer(-1,00000000000000000000000000000000) [PhysX] Initialized MultithreadedTaskDispatcher with 12 workers.
 -> (artifact id: '11334cc5ada966fa849dab12333580df') in 0.010661 seconds
Start importing Assets/ToonyTinyPeople/TT_RTS/TT_RTS_Standard/animation/animation_cavalry/cavalry_spear_B/cav_spear_B_04_attack.FBX using Guid(9454ecd424823164989014c53ee750d2) Importer(-1,00000000000000000000000000000000) [PhysX] Initialized MultithreadedTaskDispatcher with 12 workers.
Keyframe reduction: Ratio: 25.571457%;
 -> (artifact id: 'd008d33ff101a28d02dad94b2fa53871') in 0.032437 seconds
Start importing Assets/ToonyTinyPeople/TT_RTS/TT_RTS_Standard/models/extras/weapons/w_staff_D.FBX using Guid(94e6046f8f40b4849b020b83f4b12b83) Importer(-1,00000000000000000000000000000000) [PhysX] Initialized MultithreadedTaskDispatcher with 12 workers.
 -> (artifact id: 'f16b171c3b04cd52e356f3b54cd4d21e') in 0.011957 seconds
Start importing Assets/ToonyTinyPeople/TT_RTS/TT_RTS_Standard/models/extras/heads/Head_01a.FBX using Guid(a480c1e9d6cdead4f8428d8efb3df29f) Importer(-1,00000000000000000000000000000000) [PhysX] Initialized MultithreadedTaskDispatcher with 12 workers.
 -> (artifact id: '2cf02e536bc47820ebf62331d0bb39da') in 0.012393 seconds
Start importing Assets/ToonyTinyPeople/TT_RTS/TT_RTS_Standard/models/buildings/Blacksmith.FBX using Guid(a43f0d6131f84de40b182eb70bb23b87) Importer(-1,00000000000000000000000000000000) [PhysX] Initialized MultithreadedTaskDispatcher with 12 workers.
 -> (artifact id: 'fae535693de917af3fd605a18ad89070') in 0.015512 seconds
Start importing Assets/ToonyTinyPeople/TT_RTS/TT_RTS_Standard/models/buildings/construction/Temple_1.FBX using Guid(b40bcd86f471a554696e16e6e41c7e0b) Importer(-1,00000000000000000000000000000000) [PhysX] Initialized MultithreadedTaskDispatcher with 12 workers.
 -> (artifact id: '2e68c257597ed65c353de4fab8b773ff') in 0.013161 seconds
Start importing Assets/ToonyTinyPeople/TT_RTS/TT_RTS_Standard/models/buildings/construction/House_0.FBX using Guid(c4bb27f050a2ef4439fb736e16b2bded) Importer(-1,00000000000000000000000000000000) [PhysX] Initialized MultithreadedTaskDispatcher with 12 workers.
 -> (artifact id: '09a686fdb0e33af918da3173811dd5b4') in 0.011236 seconds
Start importing Assets/SimpleNaturePack/Models/Ground_01.fbx using Guid(d4ad967689295ba4eaf8baeaebc8721b) Importer(-1,00000000000000000000000000000000) [PhysX] Initialized MultithreadedTaskDispatcher with 12 workers.
 -> (artifact id: 'e62e78aaf685c3bf2073a47cf981b890') in 0.013146 seconds
Start importing Assets/ToonyTinyPeople/TT_RTS/TT_RTS_Standard/models/extras/banners/TT_RTS_Banner.FBX using Guid(d40f4dc5b4fae4c46a3cc5d4da0f6cf6) Importer(-1,00000000000000000000000000000000) [PhysX] Initialized MultithreadedTaskDispatcher with 12 workers.
 -> (artifact id: '2db515e26576cfa08f521797eba6457a') in 0.017226 seconds
Start importing Assets/ToonyTinyPeople/TT_RTS/TT_RTS_Standard/models/extras/heads/Head_06d.FBX using Guid(e4a4cafa104b55344a66f84c46192ecf) Importer(-1,00000000000000000000000000000000) [PhysX] Initialized MultithreadedTaskDispatcher with 12 workers.
 -> (artifact id: '7d9ebe8b767c912c914a3747a9824d43') in 0.013818 seconds
Start importing Assets/ToonyTinyPeople/TT_RTS/TT_RTS_Standard/models/buildings/Wall_A_wall.FBX using Guid(f46056aa6c238664bb6e0af30f681126) Importer(-1,00000000000000000000000000000000) [PhysX] Initialized MultithreadedTaskDispatcher with 12 workers.
 -> (artifact id: '6eadc4ce5bcd8317ccbc3b11148dd597') in 0.013247 seconds
Start importing Assets/ToonyTinyPeople/TT_RTS/TT_RTS_Standard/models/extras/banners/animation/banner_idle_B.FBX using Guid(f4525da4be91bb24982ded601f52afa7) Importer(-1,00000000000000000000000000000000) [PhysX] Initialized MultithreadedTaskDispatcher with 12 workers.
Keyframe reduction: Ratio: 2.475248%;
 -> (artifact id: 'd4a882d3eb0be9db8e6ed96be62629e2') in 0.015315 seconds
Start importing Assets/ToonyTinyPeople/TT_RTS/TT_RTS_Standard/animation/animation_infantry/Infantry/infantry_04_attack_A.FBX using Guid(f4554a6188f8a9147954e4d6c388d287) Importer(-1,00000000000000000000000000000000) [PhysX] Initialized MultithreadedTaskDispatcher with 12 workers.
Keyframe reduction: Ratio: 27.372263%;
 -> (artifact id: 'e57b0503c23d18073b708d1c0de99fbc') in 0.022585 seconds
Start importing Assets/ToonyTinyPeople/TT_RTS/TT_RTS_Standard/models/buildings/animation/wall_B_gate/wall_B_gate_close.FBX using Guid(052267f2c9cd8f94e85d9a35003aa164) Importer(-1,00000000000000000000000000000000) [PhysX] Initialized MultithreadedTaskDispatcher with 12 workers.
Keyframe reduction: Ratio: 12.580646%;
 -> (artifact id: '64c722fa39a3a80575c10f05316454c8') in 0.014219 seconds
Start importing Assets/ToonyTinyPeople/TT_RTS/TT_RTS_Standard/models/buildings/House.FBX using Guid(05035b78d90b21f43854dfe010ccd289) Importer(-1,00000000000000000000000000000000) [PhysX] Initialized MultithreadedTaskDispatcher with 12 workers.
 -> (artifact id: 'a601b4550c90050226c8aa1f01977aba') in 0.012997 seconds
Start importing Assets/ToonyTinyPeople/TT_RTS/TT_RTS_Standard/models/buildings/construction/Tower_C_1.FBX using Guid(05435a1c90d6a9d4b88a33afe6adc4cd) Importer(-1,00000000000000000000000000000000) [PhysX] Initialized MultithreadedTaskDispatcher with 12 workers.
 -> (artifact id: 'b82cde922d77c43599b58c262944363d') in 0.014107 seconds
Start importing Assets/ToonyTinyPeople/TT_RTS/TT_RTS_Standard/animation/animation_infantry/TwoHanded/twohanded_04_attack_B.FBX using Guid(05a6266c6c1647f4b90ef5524fd4204e) Importer(-1,00000000000000000000000000000000) [PhysX] Initialized MultithreadedTaskDispatcher with 12 workers.
Keyframe reduction: Ratio: 30.166981%;
 -> (artifact id: '88ea347e391387ddf2a11c6e80320a10') in 0.024667 seconds
Start importing Assets/ToonyTinyPeople/TT_RTS/TT_RTS_Standard/animation/animation_infantry/Archer/archer_01_idle.FBX using Guid(0527e149cc2c97f4d8400a454a21e9d6) Importer(-1,00000000000000000000000000000000) [PhysX] Initialized MultithreadedTaskDispatcher with 12 workers.
Keyframe reduction: Ratio: 6.570714%;
 -> (artifact id: '0e7caf2e8da601a9fd930d92ab66a433') in 0.031925 seconds
Start importing Assets/ToonyTinyPeople/TT_RTS/TT_RTS_Standard/models/extras/weapons/w_TH_Axe_B.FBX using Guid(159f18e544a015f409548520ac6ae651) Importer(-1,00000000000000000000000000000000) [PhysX] Initialized MultithreadedTaskDispatcher with 12 workers.
 -> (artifact id: '65f731860a9a30a153b5e54c48ebe6e5') in 0.014129 seconds
Start importing Assets/ToonyTinyPeople/TT_RTS/TT_RTS_Standard/models/buildings/construction/Wall_B_corner_1.FBX using Guid(2537389e7f9749544a04f0d6a3b0b5c8) Importer(-1,00000000000000000000000000000000) [PhysX] Initialized MultithreadedTaskDispatcher with 12 workers.
 -> (artifact id: '805411b83cfbf461a4c012b5feaa5768') in 0.013077 seconds
Start importing Assets/ToonyTinyPeople/TT_RTS/TT_RTS_Standard/models/extras/weapons/shield_20.FBX using Guid(25e8a20d156997c428c4642e03a643f7) Importer(-1,00000000000000000000000000000000) [PhysX] Initialized MultithreadedTaskDispatcher with 12 workers.
 -> (artifact id: 'e7f8b3af0cf2d7875b38d8dba101e88a') in 0.011751 seconds
Start importing Assets/ToonyTinyPeople/TT_RTS/TT_RTS_Standard/animation/animation_infantry/Crossbow/crossbow_03_run_rm.FBX using Guid(258f9440ed5426147a7675c3b852b728) Importer(-1,00000000000000000000000000000000) [PhysX] Initialized MultithreadedTaskDispatcher with 12 workers.
Keyframe reduction: Ratio: 37.400074%;
 -> (artifact id: 'ce6be94f0ac19425893c3807d2fa555a') in 0.021848 seconds
Start importing Assets/ToonyTinyPeople/TT_RTS/TT_RTS_Standard/models/buildings/construction/Granary_1.FBX using Guid(25ef05172876b8742b290e10ba4393cf) Importer(-1,00000000000000000000000000000000) [PhysX] Initialized MultithreadedTaskDispatcher with 12 workers.
 -> (artifact id: 'c64e61655e4124da0fa98ca3345a008e') in 0.014468 seconds
Start importing Assets/ToonyTinyPeople/TT_RTS/TT_RTS_Standard/animation/animation_cavalry/cavalry_archer/cav_archer_02_walk_rm.FBX using Guid(35c3577e6971969448b2814d4445cc8d) Importer(-1,00000000000000000000000000000000) [PhysX] Initialized MultithreadedTaskDispatcher with 12 workers.
Keyframe reduction: Ratio: 27.900024%;
 -> (artifact id: 'f4cb558caa12b8b7edd6255633de2bde') in 0.032847 seconds
Start importing Assets/ToonyTinyPeople/TT_RTS/TT_RTS_Standard/models/extras/projectiles/Bolt_lvl3.FBX using Guid(3518a6585162c0f4b93956b8ef2e72a0) Importer(-1,00000000000000000000000000000000) [PhysX] Initialized MultithreadedTaskDispatcher with 12 workers.
 -> (artifact id: 'fab4b7b3437b3196856034b1fadac4bc') in 0.014144 seconds
Start importing Assets/ToonyTinyPeople/TT_RTS/TT_RTS_Standard/models/extras/weapons/w_pick.FBX using Guid(4532114623be8ce45b6c9ea03ef857c7) Importer(-1,00000000000000000000000000000000) [PhysX] Initialized MultithreadedTaskDispatcher with 12 workers.
 -> (artifact id: '68f362e2b016b433a9d821ad06ec59b6') in 0.011608 seconds
Start importing Assets/ToonyTinyPeople/TT_RTS/TT_RTS_Standard/models/extras/weapons/w_cav_lance_D.FBX using Guid(457484dc5367fa54b8c8e0d0d7b18067) Importer(-1,00000000000000000000000000000000) [PhysX] Initialized MultithreadedTaskDispatcher with 12 workers.
 -> (artifact id: 'e9e8ec48ae921c665c28bcda878725eb') in 0.012792 seconds
Start importing Assets/ToonyTinyPeople/TT_RTS/TT_RTS_Standard/models/extras/heads/Head_02a.FBX using Guid(45963ff0956d0374cbd966f6b6004951) Importer(-1,00000000000000000000000000000000) [PhysX] Initialized MultithreadedTaskDispatcher with 12 workers.
 -> (artifact id: '71e30242462b49b4d12cac9f0a679bb5') in 0.013441 seconds
Start importing Assets/ToonyTinyPeople/TT_RTS/TT_RTS_Standard/models/extras/heads/Head_03d.FBX using Guid(45a7ebc9d653b72499aa037335e6a7c5) Importer(-1,00000000000000000000000000000000) [PhysX] Initialized MultithreadedTaskDispatcher with 12 workers.
 -> (artifact id: '86094ba23718505a7c84a7bcdb754ba5') in 0.012772 seconds
Start importing Assets/ToonyTinyPeople/TT_RTS/TT_RTS_Standard/animation/animation_infantry/TwoHanded/twohanded_02_walk.FBX using Guid(55d0d8d17c1172b4f943bb61832d8a3b) Importer(-1,00000000000000000000000000000000) [PhysX] Initialized MultithreadedTaskDispatcher with 12 workers.
Keyframe reduction: Ratio: 28.804041%;
 -> (artifact id: 'f24a965a4d97556b2635312bba24d334') in 0.023174 seconds
Start importing Assets/ToonyTinyPeople/TT_RTS/TT_RTS_Standard/models/buildings/Workshop.FBX using Guid(5573396f6b8833f4dbd78bbb53d56df5) Importer(-1,00000000000000000000000000000000) [PhysX] Initialized MultithreadedTaskDispatcher with 12 workers.
 -> (artifact id: 'f9137287438b91a6a76fec296a19abf6') in 0.015067 seconds
Start importing Assets/ToonyTinyPeople/TT_RTS/TT_RTS_Standard/animation/animation_infantry/Crossbow/crossbow_06_death_A.FBX using Guid(5594dc56c906c484c949eb6fbd1bddb3) Importer(-1,00000000000000000000000000000000) [PhysX] Initialized MultithreadedTaskDispatcher with 12 workers.
Keyframe reduction: Ratio: 28.246662%;
 -> (artifact id: 'a3d4725f64c70a351e3ede8e68f8835b') in 0.025974 seconds
Start importing Assets/SimpleNaturePack/Models/Branch_01.fbx using Guid(5528351815fd4c04abf537f22c7e18f1) Importer(-1,00000000000000000000000000000000) [PhysX] Initialized MultithreadedTaskDispatcher with 12 workers.
 -> (artifact id: '4c8e6633e43162b42feabbb9bd33ce37') in 0.011239 seconds
Start importing Assets/ToonyTinyPeople/TT_RTS/TT_RTS_Standard/models/extras/heads/Head_12d.FBX using Guid(55b9af5ca29f15848959d9ff9ed8777b) Importer(-1,00000000000000000000000000000000) [PhysX] Initialized MultithreadedTaskDispatcher with 12 workers.
 -> (artifact id: 'a0b2047d3fe2aa4ab3bdc555afa33d78') in 0.012920 seconds
Start importing Assets/ToonyTinyPeople/TT_RTS/TT_RTS_standard_demo/models/TT_RTS_Demo_Character.FBX using Guid(555dddb0fd62c1a4a8a87449606cff55) Importer(-1,00000000000000000000000000000000) [PhysX] Initialized MultithreadedTaskDispatcher with 12 workers.
 -> (artifact id: 'c917497db4fb3d4454091a050f6a5d6f') in 0.020458 seconds
Start importing Assets/ToonyTinyPeople/TT_RTS/TT_RTS_Standard/animation/animation_cavalry/cavalry_archer/cav_archer_05_damage.FBX using Guid(7593afb374cb3184d85d032cfacf6978) Importer(-1,00000000000000000000000000000000) [PhysX] Initialized MultithreadedTaskDispatcher with 12 workers.
Keyframe reduction: Ratio: 29.769787%;
 -> (artifact id: '23804e146c0436df8f6795484ac919c7') in 0.032649 seconds
Start importing Assets/ToonyTinyPeople/TT_RTS/TT_RTS_Standard/models/buildings/construction/Blacksmith_1.FBX using Guid(75cb71cd68996f147af86badbf154a13) Importer(-1,00000000000000000000000000000000) [PhysX] Initialized MultithreadedTaskDispatcher with 12 workers.
 -> (artifact id: '7a80205ecf371d1817ddce3c06acccbd') in 0.014672 seconds
Start importing Assets/ToonyTinyPeople/TT_RTS/TT_RTS_Standard/animation/animation_cavalry/cavalry_spear_B/cav_spear_B_06_death_B.FBX using Guid(854201cb459d994459c058c490445818) Importer(-1,00000000000000000000000000000000) [PhysX] Initialized MultithreadedTaskDispatcher with 12 workers.
Keyframe reduction: Ratio: 31.086859%;
 -> (artifact id: '59f4da9663d7abf136ac64e7954ea775') in 0.035530 seconds
Start importing Assets/ToonyTinyPeople/TT_RTS/TT_RTS_Standard/animation/animation_infantry/Crossbow/crossbow_06_death_B.FBX using Guid(85ae03f569e3ec84cb56356f30993afc) Importer(-1,00000000000000000000000000000000) [PhysX] Initialized MultithreadedTaskDispatcher with 12 workers.
Keyframe reduction: Ratio: 31.090424%;
 -> (artifact id: 'cdd6471c2bca6a102992f3d52cca0b5a') in 0.023731 seconds
Start importing Assets/ToonyTinyPeople/TT_RTS/TT_RTS_Standard/models/extras/heads/Head_08d.FBX using Guid(95f46ff1694f9f54e9ec5308add43ed2) Importer(-1,00000000000000000000000000000000) [PhysX] Initialized MultithreadedTaskDispatcher with 12 workers.
 -> (artifact id: 'ba8061ca5351f8ef7e924decece14813') in 0.012640 seconds
Start importing Assets/ToonyTinyPeople/TT_RTS/TT_RTS_Standard/animation/animation_infantry/Archer/archer_02_walk_rm.FBX using Guid(95c62db7ab4e47649b73c67b0c75f4e0) Importer(-1,00000000000000000000000000000000) [PhysX] Initialized MultithreadedTaskDispatcher with 12 workers.
Keyframe reduction: Ratio: 32.484783%;
 -> (artifact id: '31100f1ab78fb4ad274991815c711ab6') in 0.022235 seconds
Start importing Assets/ToonyTinyPeople/TT_RTS/TT_RTS_Standard/models/extras/weapons/shield_16.FBX using Guid(950fca18eaa3aab41b5d093685f2bdf5) Importer(-1,00000000000000000000000000000000) [PhysX] Initialized MultithreadedTaskDispatcher with 12 workers.
 -> (artifact id: 'ba82baf24c80620819b85836c8854913') in 0.012670 seconds
Start importing Assets/ToonyTinyPeople/TT_RTS/TT_RTS_Standard/models/units/machines/TT_RTS_Catapult.FBX using Guid(a568148748050d646b5be25edaa7d066) Importer(-1,00000000000000000000000000000000) [PhysX] Initialized MultithreadedTaskDispatcher with 12 workers.
 -> (artifact id: '11b3c5e9dbbe152500c84026256fe31e') in 0.021978 seconds
Start importing Assets/ToonyTinyPeople/TT_RTS/TT_RTS_Standard/animation/animation_machines/Ballista/ballista_04_damage.FBX using Guid(a51dacdb18ccedf439e13c115d0a8eb6) Importer(-1,00000000000000000000000000000000) [PhysX] Initialized MultithreadedTaskDispatcher with 12 workers.
Keyframe reduction: Ratio: 17.460316%;
 -> (artifact id: '035345cfac03a2de0d095ea1a902d327') in 0.017628 seconds
Start importing Assets/ToonyTinyPeople/TT_RTS/TT_RTS_Standard/animation/animation_infantry/Spear_shield/spearshield_03_run_rm.FBX using Guid(b576b2902b55bb047af5df9c618637c6) Importer(-1,00000000000000000000000000000000) [PhysX] Initialized MultithreadedTaskDispatcher with 12 workers.
Keyframe reduction: Ratio: 36.624653%;
 -> (artifact id: '82026fc8208e3f129578a16408881260') in 0.024261 seconds
Start importing Assets/SimpleNaturePack/Models/Flowers_01.fbx using Guid(b5a80b3e2a089b841b155d7c7f461e7c) Importer(-1,00000000000000000000000000000000) [PhysX] Initialized MultithreadedTaskDispatcher with 12 workers.
 -> (artifact id: 'f27eb70e394a72022204322ea68937a9') in 0.013103 seconds
Start importing Assets/ToonyTinyPeople/TT_RTS/TT_RTS_Standard/models/extras/weapons/w_morning_star.FBX using Guid(b57ff4229dde526438a664b2e3f07413) Importer(-1,00000000000000000000000000000000) [PhysX] Initialized MultithreadedTaskDispatcher with 12 workers.
 -> (artifact id: '27af55023181d56c21c5a64e94add34e') in 0.012218 seconds
Start importing Assets/ToonyTinyPeople/TT_RTS/TT_RTS_Standard/models/buildings/TownHall.FBX using Guid(c5f43a47e4b64c14da6e0081f639fdd3) Importer(-1,00000000000000000000000000000000) [PhysX] Initialized MultithreadedTaskDispatcher with 12 workers.
 -> (artifact id: '504fcbfa03906cc373a864e6cf357839') in 0.015307 seconds
Start importing Assets/ToonyTinyPeople/TT_RTS/TT_RTS_Standard/models/extras/heads/Head_08a.FBX using Guid(c5ef00dc9b3daaa4694c5324ced80cdf) Importer(-1,00000000000000000000000000000000) [PhysX] Initialized MultithreadedTaskDispatcher with 12 workers.
 -> (artifact id: 'd83265d613105ffe346d604ac899bd34') in 0.012985 seconds
Start importing Assets/ToonyTinyPeople/TT_RTS/TT_RTS_Standard/animation/animation_infantry/Crossbow/crossbow_04_attack_B.FBX using Guid(d554182a93d4d6046a331e713c5705b2) Importer(-1,00000000000000000000000000000000) [PhysX] Initialized MultithreadedTaskDispatcher with 12 workers.
Keyframe reduction: Ratio: 25.119007%;
 -> (artifact id: '9773f61c3196e83354bf0d15b8b3bd77') in 0.022672 seconds
Start importing Assets/ToonyTinyPeople/TT_RTS/TT_RTS_Standard/models/extras/weapons/w_TH_club.FBX using Guid(d5b707591f5db294b80c05895c6a6acd) Importer(-1,00000000000000000000000000000000) [PhysX] Initialized MultithreadedTaskDispatcher with 12 workers.
 -> (artifact id: '8d6858a4d8a2b4ee99e42987e642673a') in 0.013732 seconds
Start importing Assets/ToonyTinyPeople/TT_RTS/TT_RTS_Standard/animation/animation_cavalry/cavalry_staff/cav_staff_07_cast_A.FBX using Guid(e593c94d69234744cb67e00bbb1d6b25) Importer(-1,00000000000000000000000000000000) [PhysX] Initialized MultithreadedTaskDispatcher with 12 workers.
Keyframe reduction: Ratio: 24.588760%;
 -> (artifact id: '99a3fd4aff54793fbddd4f1c14e13276') in 0.035894 seconds
Start importing Assets/ToonyTinyPeople/TT_RTS/TT_RTS_Standard/models/extras/weapons/shield_04.FBX using Guid(e5d86668bd13f2b428e394f7f51d482a) Importer(-1,00000000000000000000000000000000) [PhysX] Initialized MultithreadedTaskDispatcher with 12 workers.
 -> (artifact id: '73c0cf118c3715846adb87d1ffa6a6a6') in 0.013133 seconds
Start importing Assets/ToonyTinyPeople/TT_RTS/TT_RTS_Standard/models/extras/heads/Head_01c.FBX using Guid(f59ccdd0cf11c0842b4329b837f06d4c) Importer(-1,00000000000000000000000000000000) [PhysX] Initialized MultithreadedTaskDispatcher with 12 workers.
 -> (artifact id: 'db9bda171c88653876f13d6e398ec27d') in 0.011843 seconds
Start importing Assets/ToonyTinyPeople/TT_RTS/TT_RTS_Standard/models/buildings/LumberMill.FBX using Guid(06905b5e993435c4e9526f63c49622e3) Importer(-1,00000000000000000000000000000000) [PhysX] Initialized MultithreadedTaskDispatcher with 12 workers.
 -> (artifact id: '7fa5c1d3f923d93eee67e397ae668e0a') in 0.013550 seconds
Start importing Assets/ToonyTinyPeople/TT_RTS/TT_RTS_Standard/animation/animation_machines/Catapult/catapult_04_damage.FBX using Guid(0681544ade2174545ab8d69d6c977994) Importer(-1,00000000000000000000000000000000) [PhysX] Initialized MultithreadedTaskDispatcher with 12 workers.
Keyframe reduction: Ratio: 17.604618%;
 -> (artifact id: 'a1733ee18d9071d883b1f351a1b48b89') in 0.016418 seconds
Start importing Assets/ToonyTinyPeople/TT_RTS/TT_RTS_Standard/models/extras/heads/Head_01e.FBX using Guid(1630a4a7428480f43b8c73766803078e) Importer(-1,00000000000000000000000000000000) [PhysX] Initialized MultithreadedTaskDispatcher with 12 workers.
 -> (artifact id: '8db1a77ed25a2c951a91ec1d4ed11dab') in 0.011444 seconds
Start importing Assets/ToonyTinyPeople/TT_RTS/TT_RTS_Standard/models/buildings/construction/Blacksmith_0.FBX using Guid(16c16ea3927925b4a85067b12080333d) Importer(-1,00000000000000000000000000000000) [PhysX] Initialized MultithreadedTaskDispatcher with 12 workers.
 -> (artifact id: '001bcbf240186d36ba07e4868d558253') in 0.012942 seconds
Start importing Assets/ToonyTinyPeople/TT_RTS/TT_RTS_Standard/models/extras/heads/Head_02e.FBX using Guid(16e34573d5d967a4d9112b994818f6e5) Importer(-1,00000000000000000000000000000000) [PhysX] Initialized MultithreadedTaskDispatcher with 12 workers.
 -> (artifact id: 'ce7e8007be9281746df1da9b9fc705a6') in 0.011970 seconds
Start importing Assets/ToonyTinyPeople/TT_RTS/TT_RTS_Standard/animation/animation_infantry/Crossbow/crossbow_05_damage.FBX using Guid(16962fe1dff81144c9335b2c732b4474) Importer(-1,00000000000000000000000000000000) [PhysX] Initialized MultithreadedTaskDispatcher with 12 workers.
Keyframe reduction: Ratio: 35.093170%;
 -> (artifact id: '47196d242f9c4d752f51dde68ea34010') in 0.020744 seconds
Start importing Assets/ToonyTinyPeople/TT_RTS/TT_RTS_Standard/models/extras/heads/Head_08f.FBX using Guid(165ef21fef761af4da43057dc43b4079) Importer(-1,00000000000000000000000000000000) [PhysX] Initialized MultithreadedTaskDispatcher with 12 workers.
 -> (artifact id: 'ef2249d470623edb84ff77189d95692f') in 0.011876 seconds
Start importing Assets/ToonyTinyPeople/TT_RTS/TT_RTS_Standard/models/buildings/construction/Market_0.FBX using Guid(36773d88f5d34834587aff054644b010) Importer(-1,00000000000000000000000000000000) [PhysX] Initialized MultithreadedTaskDispatcher with 12 workers.
 -> (artifact id: '7dafb951720c77c662ec40c7c19cf9b8') in 0.013488 seconds
Start importing Assets/ToonyTinyPeople/TT_RTS/TT_RTS_Standard/models/extras/weapons/w_TH_sword_B.FBX using Guid(46cb29abc704e55419e60d102c3013ab) Importer(-1,00000000000000000000000000000000) [PhysX] Initialized MultithreadedTaskDispatcher with 12 workers.
 -> (artifact id: 'ed40a42842d53362c46ca641559900a1') in 0.012111 seconds
Start importing Assets/ToonyTinyPeople/TT_RTS/TT_RTS_Standard/animation/animation_infantry/Shield/shield_06_death_A.FBX using Guid(46cd827701fed424c817fee08823358d) Importer(-1,00000000000000000000000000000000) [PhysX] Initialized MultithreadedTaskDispatcher with 12 workers.
Keyframe reduction: Ratio: 29.496407%;
 -> (artifact id: '25f94f91a8107115ee90986f27d22cb6') in 0.029416 seconds
Start importing Assets/ToonyTinyPeople/TT_RTS/TT_RTS_Standard/animation/animation_infantry/TwoHanded/twohanded_06_death_B.FBX using Guid(56df04359b86c9b45a37498c1e0f7e37) Importer(-1,00000000000000000000000000000000) [PhysX] Initialized MultithreadedTaskDispatcher with 12 workers.
Keyframe reduction: Ratio: 34.887959%;
 -> (artifact id: '2c191abce09480a2608c7d16deb3c273') in 0.026319 seconds
Start importing Assets/SimpleNaturePack/Models/Ground_03.fbx using Guid(661464e19c087564badb2bf5230c842c) Importer(-1,00000000000000000000000000000000) [PhysX] Initialized MultithreadedTaskDispatcher with 12 workers.
 -> (artifact id: '02ed28ea318c279101a5c9502bd51230') in 0.014334 seconds
Start importing Assets/SimpleNaturePack/Models/Stump_01.fbx using Guid(768be665aba8b4e4aae7a973ae9616cf) Importer(-1,00000000000000000000000000000000) [PhysX] Initialized MultithreadedTaskDispatcher with 12 workers.
 -> (artifact id: '0c33f8b1eced3ad6bba49d78729bfbe3') in 0.012521 seconds
Start importing Assets/ToonyTinyPeople/TT_RTS/TT_RTS_Standard/animation/animation_infantry/Staff/staff_04_attack_A.FBX using Guid(96ee0f2e9123b68459ae99028a0a3b62) Importer(-1,00000000000000000000000000000000) [PhysX] Initialized MultithreadedTaskDispatcher with 12 workers.
Keyframe reduction: Ratio: 26.213900%;
 -> (artifact id: 'a5597b203fbd62f919008e221309c477') in 0.027631 seconds
Start importing Assets/ToonyTinyPeople/TT_RTS/TT_RTS_Standard/models/buildings/construction/Tower_B_0.FBX using Guid(a6360e359f4767e41a49aec1887be29c) Importer(-1,00000000000000000000000000000000) [PhysX] Initialized MultithreadedTaskDispatcher with 12 workers.
 -> (artifact id: '6198308e6735474f88d6022f04ac39f8') in 0.014701 seconds
Start importing Assets/ToonyTinyPeople/TT_RTS/TT_RTS_Standard/models/buildings/animation/wall_B_gate/wall_B_idle_open.FBX using Guid(a61bb45e6daeba44e88d758484e5993f) Importer(-1,00000000000000000000000000000000) [PhysX] Initialized MultithreadedTaskDispatcher with 12 workers.
Keyframe reduction: Ratio: 18.181818%;
 -> (artifact id: '25b9c29296e20f3f1b32185ec7bd793c') in 0.013719 seconds
Start importing Assets/ToonyTinyPeople/TT_RTS/TT_RTS_Standard/models/buildings/construction/Castle_1.FBX using Guid(a65bd061cdf100b4ba4e4379a5ae6aec) Importer(-1,00000000000000000000000000000000) [PhysX] Initialized MultithreadedTaskDispatcher with 12 workers.
 -> (artifact id: '03bfe1afe90ba8969c4a7099cb75be0b') in 0.016174 seconds
Start importing Assets/ToonyTinyPeople/TT_RTS/TT_RTS_Standard/models/extras/heads/Head_04e.FBX using Guid(a69dd07965777314ca766189ca37b78b) Importer(-1,00000000000000000000000000000000) [PhysX] Initialized MultithreadedTaskDispatcher with 12 workers.
 -> (artifact id: 'ce7989371b72579cc89cfc9e0551cfcd') in 0.013662 seconds
Start importing Assets/ToonyTinyPeople/TT_RTS/TT_RTS_Standard/animation/animation_infantry/Spear_shield/spearshield_03_run.FBX using Guid(b64e60e3fcbf21f4392f475291f62731) Importer(-1,00000000000000000000000000000000) [PhysX] Initialized MultithreadedTaskDispatcher with 12 workers.
Keyframe reduction: Ratio: 36.974792%;
 -> (artifact id: 'cfcaa50492957f4a48b44eb65158f379') in 0.024228 seconds
Start importing Assets/ToonyTinyPeople/TT_RTS/TT_RTS_Standard/models/buildings/construction/LumberMill_1.FBX using Guid(c650d1b47e984954fa4415d5b8fba967) Importer(-1,00000000000000000000000000000000) [PhysX] Initialized MultithreadedTaskDispatcher with 12 workers.
 -> (artifact id: '79ebb4e5fa1acf933e4501002a5e6c7f') in 0.017704 seconds
Start importing Assets/ToonyTinyPeople/TT_RTS/TT_RTS_Standard/animation/animation_machines/Ram/ram_04_damage.FBX using Guid(c629c1c7c5edf5140b825f8607b92e43) Importer(-1,00000000000000000000000000000000) [PhysX] Initialized MultithreadedTaskDispatcher with 12 workers.
Keyframe reduction: Ratio: 17.460318%;
 -> (artifact id: '710b36da6f481d33e897a6d3f3777862') in 0.022740 seconds
Start importing Assets/ToonyTinyPeople/TT_RTS/TT_RTS_Standard/models/extras/weapons/shield_12.FBX using Guid(d6377c76de99ede44860d7c68152a54a) Importer(-1,00000000000000000000000000000000) [PhysX] Initialized MultithreadedTaskDispatcher with 12 workers.
 -> (artifact id: '876fdb9db6ae3648e78d8c0cdeb72179') in 0.013384 seconds
Start importing Assets/ToonyTinyPeople/TT_RTS/TT_RTS_Standard/models/extras/banners/animation/banner_deploy.FBX using Guid(e6bbd5ab23f75844481592ee8eb56ec9) Importer(-1,00000000000000000000000000000000) [PhysX] Initialized MultithreadedTaskDispatcher with 12 workers.
Keyframe reduction: Ratio: 20.967741%;
 -> (artifact id: '13cd9bd762053852a21e80797ef06fb5') in 0.017994 seconds
Start importing Assets/ToonyTinyPeople/TT_RTS/TT_RTS_Standard/animation/animation_infantry/Staff/staff_07_cast_A.FBX using Guid(f653247add3aab64bb8f0b4c6465a742) Importer(-1,00000000000000000000000000000000) [PhysX] Initialized MultithreadedTaskDispatcher with 12 workers.
Keyframe reduction: Ratio: 21.104408%;
 -> (artifact id: '60f10330f5cbbd9bdd51e79f82e4c1ff') in 0.026505 seconds
Start importing Assets/ToonyTinyPeople/TT_RTS/TT_RTS_Standard/models/extras/weapons/w_cav_lance_A.FBX using Guid(17c0bc975e8643247b33fbac8c5a35ff) Importer(-1,00000000000000000000000000000000) [PhysX] Initialized MultithreadedTaskDispatcher with 12 workers.
 -> (artifact id: '7f2db385575a3225eeddd362499c70f1') in 0.015731 seconds
Start importing Assets/ToonyTinyPeople/TT_RTS/TT_RTS_Standard/models/extras/weapons/shield_09.FBX using Guid(17ee3cc0c9888ef44ba8200548e8f413) Importer(-1,00000000000000000000000000000000) [PhysX] Initialized MultithreadedTaskDispatcher with 12 workers.
 -> (artifact id: '39c90720108528019d6c29db97cae588') in 0.015560 seconds
Start importing Assets/ToonyTinyPeople/TT_RTS/TT_RTS_Standard/models/extras/weapons/w_TH_sword.FBX using Guid(17bfb6b0b5f721143a5a6a80cd50a153) Importer(-1,00000000000000000000000000000000) [PhysX] Initialized MultithreadedTaskDispatcher with 12 workers.
 -> (artifact id: 'c84029c07592c3bdd5b0db1421a4d445') in 0.015877 seconds
Start importing Assets/ToonyTinyPeople/TT_RTS/TT_RTS_Standard/models/extras/heads/Head_07c.FBX using Guid(17bf99334302885418d834cc41a86f4b) Importer(-1,00000000000000000000000000000000) [PhysX] Initialized MultithreadedTaskDispatcher with 12 workers.
 -> (artifact id: '60edc74811b6ea08122bbd3ab0a605f5') in 0.026309 seconds
Start importing Assets/ToonyTinyPeople/TT_RTS/TT_RTS_Standard/models/extras/projectiles/Catapult_rock_lvl3.FBX using Guid(2761a09f46d73334eb35519c312da6fb) Importer(-1,00000000000000000000000000000000) [PhysX] Initialized MultithreadedTaskDispatcher with 12 workers.
 -> (artifact id: '78b5168528ebbda4db56fa0ad6d531d8') in 0.017380 seconds
Start importing Assets/ToonyTinyPeople/TT_RTS/TT_RTS_Standard/models/extras/heads/Head_04c.FBX using Guid(27c377bd033cb04419d219da13c0fc07) Importer(-1,00000000000000000000000000000000) [PhysX] Initialized MultithreadedTaskDispatcher with 12 workers.
 -> (artifact id: '91d5304eaa34dafbd691243b560af6c0') in 0.019161 seconds
Start importing Assets/ToonyTinyPeople/TT_RTS/TT_RTS_Standard/models/extras/heads/Head_09a.FBX using Guid(27a4ee06186121241b87a60d40c3d1dc) Importer(-1,00000000000000000000000000000000) [PhysX] Initialized MultithreadedTaskDispatcher with 12 workers.
 -> (artifact id: '8a72fc87b60c98c27a5eb1f5a6b5792b') in 0.018312 seconds
Start importing Assets/ToonyTinyPeople/TT_RTS/TT_RTS_Standard/models/buildings/construction/Archery_1.FBX using Guid(27fdd863cab8d1a419f247f4ed7a2b01) Importer(-1,00000000000000000000000000000000) [PhysX] Initialized MultithreadedTaskDispatcher with 12 workers.
 -> (artifact id: 'eb5f29ccaf4a1b52067a5c13eabbf3e2') in 0.017127 seconds
Start importing Assets/ToonyTinyPeople/TT_RTS/TT_RTS_Standard/animation/animation_infantry/Polearm/polearm_06_death_A.FBX using Guid(37c24fd34a1233942be5c6f259a926e7) Importer(-1,00000000000000000000000000000000) [PhysX] Initialized MultithreadedTaskDispatcher with 12 workers.
Keyframe reduction: Ratio: 27.948284%;
 -> (artifact id: 'fa55b5b438e9799cb96a9c490e4d5ebc') in 0.033203 seconds
Start importing Assets/ToonyTinyPeople/TT_RTS/TT_RTS_Standard/models/extras/weapons/w_dagger_A.FBX using Guid(37357538db632114a8f09b5a10862f30) Importer(-1,00000000000000000000000000000000) [PhysX] Initialized MultithreadedTaskDispatcher with 12 workers.
 -> (artifact id: '77f07a99500e5fa8bd1488a67cb5547f') in 0.015765 seconds
Start importing Assets/ToonyTinyPeople/TT_RTS/TT_RTS_Standard/animation/animation_cavalry/cavalry_crossbow/cav_crossbow_03_run_rm.FBX using Guid(372ad032dda07ab4d94f8e2184e1f4d7) Importer(-1,00000000000000000000000000000000) [PhysX] Initialized MultithreadedTaskDispatcher with 12 workers.
Keyframe reduction: Ratio: 31.629139%;
 -> (artifact id: '164539f35581e9a4004bcb50083dc7a1') in 0.047088 seconds
Start importing Assets/ToonyTinyPeople/TT_RTS/TT_RTS_Standard/animation/animation_cavalry/cavalry_spear_A/cav_spear_A_03_run_rm.FBX using Guid(37abf01fd52fc0043988e747ce81adba) Importer(-1,00000000000000000000000000000000) [PhysX] Initialized MultithreadedTaskDispatcher with 12 workers.
Keyframe reduction: Ratio: 31.364239%;
 -> (artifact id: '9ce33dad038375dd5f8e6c7d874960ce') in 0.043076 seconds
Start importing Assets/ToonyTinyPeople/TT_RTS/TT_RTS_Standard/animation/animation_machines/Cart/cart_02_move.FBX using Guid(472466d6f8ca37c4e9ddc56b09fa2beb) Importer(-1,00000000000000000000000000000000) [PhysX] Initialized MultithreadedTaskDispatcher with 12 workers.
Keyframe reduction: Ratio: 30.011274%;
 -> (artifact id: 'b65ef46f9db289685b5cd9b0e23ea1db') in 0.063217 seconds
Start importing Assets/SimpleNaturePack/Models/Ground_02.fbx using Guid(57d3eed6d2253d24994d5ad37e00aedc) Importer(-1,00000000000000000000000000000000) [PhysX] Initialized MultithreadedTaskDispatcher with 12 workers.
 -> (artifact id: '57e1d15bd06b901771f28fa8ead398c4') in 0.014723 seconds
Start importing Assets/ToonyTinyPeople/TT_RTS/TT_RTS_Standard/animation/animation_infantry/Archer/archer_03_run.FBX using Guid(57f4b6d8e4aaa67469ac9e22f15acb33) Importer(-1,00000000000000000000000000000000) [PhysX] Initialized MultithreadedTaskDispatcher with 12 workers.
Keyframe reduction: Ratio: 42.648598%;
 -> (artifact id: '74e1bc8541d656afc752fdf21bcedcf1') in 0.026017 seconds
Start importing Assets/ToonyTinyPeople/TT_RTS/TT_RTS_Standard/models/extras/weapons/shield_10.FBX using Guid(577772644860a394fb1b7938e7fdb494) Importer(-1,00000000000000000000000000000000) [PhysX] Initialized MultithreadedTaskDispatcher with 12 workers.
 -> (artifact id: '5f721f33160de5156825bde9a8fa48a4') in 0.013015 seconds
Start importing Assets/ToonyTinyPeople/TT_RTS/TT_RTS_Standard/models/extras/weapons/w_short_sword_B.FBX using Guid(6723afb6767704340b21f8cef70281c4) Importer(-1,00000000000000000000000000000000) [PhysX] Initialized MultithreadedTaskDispatcher with 12 workers.
 -> (artifact id: '4773e1be3bdb9e1d4abca951649256cc') in 0.014646 seconds
Start importing Assets/ToonyTinyPeople/TT_RTS/TT_RTS_Standard/models/extras/heads/Head_11a.FBX using Guid(67071b7aa21eb864c947388681c23b19) Importer(-1,00000000000000000000000000000000) [PhysX] Initialized MultithreadedTaskDispatcher with 12 workers.
 -> (artifact id: '7b12e715df660e48c2caa51f16f92663') in 0.014709 seconds
Start importing Assets/ToonyTinyPeople/TT_RTS/TT_RTS_Standard/animation/animation_cavalry/cavalry_spear_A/cav_spear_A_01_idle.FBX using Guid(679722b7761318d4ba117deb8e2f6875) Importer(-1,00000000000000000000000000000000) [PhysX] Initialized MultithreadedTaskDispatcher with 12 workers.
Keyframe reduction: Ratio: 14.346598%;
 -> (artifact id: '7d5c19ccdfd27ec6f2b3e56396f7810f') in 0.049072 seconds
Start importing Assets/ToonyTinyPeople/TT_RTS/TT_RTS_Standard/models/extras/weapons/w_broad_sword_B.FBX using Guid(67af3f8b6200770439919bdf2be2b856) Importer(-1,00000000000000000000000000000000) [PhysX] Initialized MultithreadedTaskDispatcher with 12 workers.
 -> (artifact id: '162544579c4f2c98e166f85cbb43c94b') in 0.015199 seconds
Start importing Assets/ToonyTinyPeople/TT_RTS/TT_RTS_Standard/models/extras/heads/Head_04f.FBX using Guid(7740c4599ced09f4db2de1b07fbefd06) Importer(-1,00000000000000000000000000000000) [PhysX] Initialized MultithreadedTaskDispatcher with 12 workers.
 -> (artifact id: '38af58833c2dd7ad41996403fcfab7cc') in 0.014342 seconds
Start importing Assets/ToonyTinyPeople/TT_RTS/TT_RTS_Standard/models/extras/weapons/shield_05.FBX using Guid(777b6949a30c2454c9bec02600a026e7) Importer(-1,00000000000000000000000000000000) [PhysX] Initialized MultithreadedTaskDispatcher with 12 workers.
 -> (artifact id: 'cd39f40bcd62f64fbb1676c8e830e673') in 0.015946 seconds
Start importing Assets/ToonyTinyPeople/TT_RTS/TT_RTS_Standard/animation/animation_cavalry/cavalry/cavalry_02_walk_rm.FBX using Guid(87719527f90950642b7ea8d0d6dd1286) Importer(-1,00000000000000000000000000000000) [PhysX] Initialized MultithreadedTaskDispatcher with 12 workers.
Keyframe reduction: Ratio: 26.960049%;
 -> (artifact id: 'bdf6aa5947492960f9eeee6b6acc4e12') in 0.045598 seconds
Start importing Assets/ToonyTinyPeople/TT_RTS/TT_RTS_Standard/models/buildings/BeastLair.FBX using Guid(87b9feb3a9cb8be44826a7bf90902e97) Importer(-1,00000000000000000000000000000000) [PhysX] Initialized MultithreadedTaskDispatcher with 12 workers.
 -> (artifact id: 'bfcec1cc001a5b9eba456c7c56f29e9b') in 0.019412 seconds
Start importing Assets/ToonyTinyPeople/TT_RTS/TT_RTS_Standard/models/extras/heads/Head_10a.FBX using Guid(878a26b4b09a5e6418802eb763a879b7) Importer(-1,00000000000000000000000000000000) [PhysX] Initialized MultithreadedTaskDispatcher with 12 workers.
 -> (artifact id: '92c990aa756d218d92605fcc2adfc010') in 0.016088 seconds
Start importing Assets/ToonyTinyPeople/TT_RTS/TT_RTS_Standard/animation/animation_cavalry/cavalry_staff/cav_staff_05_damage.FBX using Guid(87cee32ec7003c74b8c8f4071c493752) Importer(-1,00000000000000000000000000000000) [PhysX] Initialized MultithreadedTaskDispatcher with 12 workers.
Keyframe reduction: Ratio: 30.085148%;
 -> (artifact id: '216f3d252fcfd6c3abe1073c65b960b8') in 0.047960 seconds
Start importing Assets/ToonyTinyPeople/TT_RTS/TT_RTS_Standard/models/extras/heads/Head_03e.FBX using Guid(a7c0cef58881ab34aa08c2c50d8bebf6) Importer(-1,00000000000000000000000000000000) [PhysX] Initialized MultithreadedTaskDispatcher with 12 workers.
 -> (artifact id: '66cd93dcb9ba1f1456e514deddc6b1c4') in 0.013513 seconds
Start importing Assets/ToonyTinyPeople/TT_RTS/TT_RTS_Standard/models/extras/heads/Head_09c.FBX using Guid(a7c5b82ef902b9f41ad6d55c110b4167) Importer(-1,00000000000000000000000000000000) [PhysX] Initialized MultithreadedTaskDispatcher with 12 workers.
 -> (artifact id: '06d23b9404aae0f946b9104cdd9dcd52') in 0.012724 seconds
Start importing Assets/ToonyTinyPeople/TT_RTS/TT_RTS_Standard/animation/animation_cavalry/cavalry_archer/cav_archer_06_death_A.FBX using Guid(a7ca6dc9c0ee94842aa4d72e4b5cfb02) Importer(-1,00000000000000000000000000000000) [PhysX] Initialized MultithreadedTaskDispatcher with 12 workers.
Keyframe reduction: Ratio: 31.047903%;
 -> (artifact id: '842080b63b459132979e9b760db74664') in 0.041160 seconds
Start importing Assets/ToonyTinyPeople/TT_RTS/TT_RTS_Standard/animation/animation_infantry/Archer/archer_06_death_A.FBX using Guid(a70ccc875bd2f254293e91baaad644f9) Importer(-1,00000000000000000000000000000000) [PhysX] Initialized MultithreadedTaskDispatcher with 12 workers.
Keyframe reduction: Ratio: 28.706451%;
 -> (artifact id: '7598717cb531d7eee6da0dc55cdc96da') in 0.030345 seconds
Start importing Assets/ToonyTinyPeople/TT_RTS/TT_RTS_Standard/animation/animation_infantry/Infantry/infantry_02_walk.FBX using Guid(b789181d013573945825c7b5c6e51e7c) Importer(-1,00000000000000000000000000000000) [PhysX] Initialized MultithreadedTaskDispatcher with 12 workers.
Keyframe reduction: Ratio: 33.500561%;
 -> (artifact id: 'ba7b42d1da8dec7a9f88ca964907d2ae') in 0.027468 seconds
Start importing Assets/ToonyTinyPeople/TT_RTS/TT_RTS_Standard/animation/animation_infantry/Spear/spear_01_idle.FBX using Guid(b77a0151c1c2b6842a830f5bc60644c4) Importer(-1,00000000000000000000000000000000) [PhysX] Initialized MultithreadedTaskDispatcher with 12 workers.
Keyframe reduction: Ratio: 5.877929%;
 -> (artifact id: '2acd1da6e541663f0977c650462f60a3') in 0.037908 seconds
Start importing Assets/ToonyTinyPeople/TT_RTS/TT_RTS_Standard/models/extras/heads/Head_06f.FBX using Guid(c7a1c4786d1976b4c8be25598b6ac098) Importer(-1,00000000000000000000000000000000) [PhysX] Initialized MultithreadedTaskDispatcher with 12 workers.
 -> (artifact id: '4649115d37c0cf3c8974ee5eb113590a') in 0.016577 seconds
Start importing Assets/ToonyTinyPeople/TT_RTS/TT_RTS_Standard/FX/meshes/FX_wreck_A.FBX using Guid(c732a874acfe4974189285fc9df70c29) Importer(-1,00000000000000000000000000000000) [PhysX] Initialized MultithreadedTaskDispatcher with 12 workers.
 -> (artifact id: '4aec30bca01aebcd24a976267987662f') in 0.016008 seconds
Start importing Assets/ToonyTinyPeople/TT_RTS/TT_RTS_Standard/models/buildings/Tower_C.FBX using Guid(c73c37430c8ac1e43831ddacfa77c180) Importer(-1,00000000000000000000000000000000) [PhysX] Initialized MultithreadedTaskDispatcher with 12 workers.
 -> (artifact id: '591782a117e3cf09c2ddb4b0c492f021') in 0.016304 seconds
Start importing Assets/ToonyTinyPeople/TT_RTS/TT_RTS_Standard/models/extras/heads/Head_09b.FBX using Guid(d7a701200ee8c82499d6e80deaa8aa53) Importer(-1,00000000000000000000000000000000) [PhysX] Initialized MultithreadedTaskDispatcher with 12 workers.
 -> (artifact id: '8b05d8f9825fb242c59de148c732035a') in 0.013449 seconds
Start importing Assets/ToonyTinyPeople/TT_RTS/TT_RTS_Standard/FX/meshes/FX_stone_A.FBX using Guid(e785da5600deca049a60a26d6cf9aadb) Importer(-1,00000000000000000000000000000000) [PhysX] Initialized MultithreadedTaskDispatcher with 12 workers.
 -> (artifact id: '252720857ca6c42dcc59930a410300c3') in 0.014404 seconds
Start importing Assets/ToonyTinyPeople/TT_RTS/TT_RTS_Standard/models/extras/heads/Head_06e.FBX using Guid(e7ab9a71813e490468c073fdbaac56b1) Importer(-1,00000000000000000000000000000000) [PhysX] Initialized MultithreadedTaskDispatcher with 12 workers.
 -> (artifact id: 'f25db6b392e7c4a4f45be527afca9f29') in 0.014496 seconds
Start importing Assets/ToonyTinyPeople/TT_RTS/TT_RTS_Standard/models/extras/weapons/shield_21.FBX using Guid(e78f6bd79c1bcfd41ad1e016cba48f20) Importer(-1,00000000000000000000000000000000) [PhysX] Initialized MultithreadedTaskDispatcher with 12 workers.
 -> (artifact id: 'd2f86bbd2c5afa281c54c216a8c67c74') in 0.016886 seconds
Start importing Assets/ToonyTinyPeople/TT_RTS/TT_RTS_Standard/animation/animation_infantry/Staff/staff_06_death_B.FBX using Guid(f7b9d52548ed10c4095624f512aa7e80) Importer(-1,00000000000000000000000000000000) [PhysX] Initialized MultithreadedTaskDispatcher with 12 workers.
Keyframe reduction: Ratio: 32.736580%;
 -> (artifact id: '967bd75850a7611a3d88345d627d9fe2') in 0.031351 seconds
Start importing Assets/ToonyTinyPeople/TT_RTS/TT_RTS_Standard/models/extras/heads/Head_04b.FBX using Guid(080ae1ce3b886bc48bc431edfc0c332a) Importer(-1,00000000000000000000000000000000) [PhysX] Initialized MultithreadedTaskDispatcher with 12 workers.
 -> (artifact id: '62a29388f1810437b825160d62c7675b') in 0.015473 seconds
Start importing Assets/ToonyTinyPeople/TT_RTS/TT_RTS_Standard/animation/animation_infantry/Staff/staff_05_damage.FBX using Guid(18ba22f1bb7f13b42bb9b71b872c254f) Importer(-1,00000000000000000000000000000000) [PhysX] Initialized MultithreadedTaskDispatcher with 12 workers.
Keyframe reduction: Ratio: 34.966984%;
 -> (artifact id: '82c14c171ae65e6bb607628d18792136') in 0.032030 seconds
Start importing Assets/ToonyTinyPeople/TT_RTS/TT_RTS_Standard/models/extras/heads/Head_11b.FBX using Guid(2808b44a95e8c184c9d80c08085394ef) Importer(-1,00000000000000000000000000000000) [PhysX] Initialized MultithreadedTaskDispatcher with 12 workers.
 -> (artifact id: '1c80ee39f955188d347e3489b65d728e') in 0.017589 seconds
Start importing Assets/ToonyTinyPeople/TT_RTS/TT_RTS_Standard/animation/animation_infantry/Spear/spear_03_run_rm.FBX using Guid(28da4cff809ddb44786f182582b4e870) Importer(-1,00000000000000000000000000000000) [PhysX] Initialized MultithreadedTaskDispatcher with 12 workers.
Keyframe reduction: Ratio: 37.737198%;
 -> (artifact id: '3c45fe1a2dff7d5dd5d4d2b3b5254af3') in 0.029370 seconds
Start importing Assets/ToonyTinyPeople/TT_RTS/TT_RTS_Standard/models/extras/backstuff/Back_Package.FBX using Guid(3832cb469e9c2ee47af1a2d52e4c5efe) Importer(-1,00000000000000000000000000000000) [PhysX] Initialized MultithreadedTaskDispatcher with 12 workers.
 -> (artifact id: '342f9108cc0e33e23669e780121b5cf3') in 0.014886 seconds
Start importing Assets/ToonyTinyPeople/TT_RTS/TT_RTS_Standard/animation/animation_cavalry/cavalry/cavalry_05_damage.FBX using Guid(3816606a0ac617641aa18b7bb50d6631) Importer(-1,00000000000000000000000000000000) [PhysX] Initialized MultithreadedTaskDispatcher with 12 workers.
Keyframe reduction: Ratio: 29.738249%;
 -> (artifact id: 'd561d573ec8ea8db5037fa3aa0e131c0') in 0.040295 seconds
Start importing Assets/ToonyTinyPeople/TT_RTS/TT_RTS_Standard/animation/animation_cavalry/cavalry_spear_B/cav_spear_B_02_walk_rm.FBX using Guid(38a60083075ae2b44b420cac2778c38c) Importer(-1,00000000000000000000000000000000) [PhysX] Initialized MultithreadedTaskDispatcher with 12 workers.
Keyframe reduction: Ratio: 27.900023%;
 -> (artifact id: '93aea834809ce7fdbbaa6cb58a0439ab') in 0.037712 seconds
Start importing Assets/ToonyTinyPeople/TT_RTS/TT_RTS_Standard/animation/animation_cavalry/cavalry_crossbow/cav_crossbow_03_run.FBX using Guid(38c674f867c1b9246b4603f8e0467993) Importer(-1,00000000000000000000000000000000) [PhysX] Initialized MultithreadedTaskDispatcher with 12 workers.
Keyframe reduction: Ratio: 28.450331%;
 -> (artifact id: '285300c354d85d626303ea8c89bd4904') in 0.040129 seconds
Start importing Assets/ToonyTinyPeople/TT_RTS/TT_RTS_Standard/models/buildings/Wall_A_1x1.FBX using Guid(38f7e2d8e36aee34ea1626e31c1db895) Importer(-1,00000000000000000000000000000000) [PhysX] Initialized MultithreadedTaskDispatcher with 12 workers.
 -> (artifact id: 'a7aa3b153f1bdf67617d88ac5c2463da') in 0.011495 seconds
Start importing Assets/ToonyTinyPeople/TT_RTS/TT_RTS_Standard/animation/animation_infantry/TwoHanded/twohanded_05_damage.FBX using Guid(38dc6c0ee8e8994428e202a1354b05c0) Importer(-1,00000000000000000000000000000000) [PhysX] Initialized MultithreadedTaskDispatcher with 12 workers.
Keyframe reduction: Ratio: 32.568653%;
 -> (artifact id: 'a56192b260128fac1f582b983cb9a79e') in 0.023923 seconds
Start importing Assets/ToonyTinyPeople/TT_RTS/TT_RTS_Standard/animation/animation_cavalry/cavalry_crossbow/cav_crossbow_02_walk.FBX using Guid(383ed247b67c9c44a8c882a777853ee7) Importer(-1,00000000000000000000000000000000) [PhysX] Initialized MultithreadedTaskDispatcher with 12 workers.
Keyframe reduction: Ratio: 25.101469%;
 -> (artifact id: '1f2d02ec9b954ff5ad6e3c49b9efe4c2') in 0.038451 seconds
Start importing Assets/ToonyTinyPeople/TT_RTS/TT_RTS_Standard/models/buildings/construction/Tower_C_0.FBX using Guid(48f5ed055a55d3e4e8a0d58338a79109) Importer(-1,00000000000000000000000000000000) [PhysX] Initialized MultithreadedTaskDispatcher with 12 workers.
 -> (artifact id: '052587550c327e3621aaf62e49d97c01') in 0.013327 seconds
Start importing Assets/ToonyTinyPeople/TT_RTS/TT_RTS_Standard/animation/animation_cavalry/cavalry_staff/cav_staff_06_death_B.FBX using Guid(48172d323db816147842d7b8ae7f3f60) Importer(-1,00000000000000000000000000000000) [PhysX] Initialized MultithreadedTaskDispatcher with 12 workers.
Keyframe reduction: Ratio: 30.969997%;
 -> (artifact id: '90512ab89e06a7994ee59b92ca6ab90a') in 0.039105 seconds
Start importing Assets/ToonyTinyPeople/TT_RTS/TT_RTS_Standard/animation/animation_infantry/Staff/staff_03_run.FBX using Guid(58b522b345a775d4a9b69ba407ac6165) Importer(-1,00000000000000000000000000000000) [PhysX] Initialized MultithreadedTaskDispatcher with 12 workers.
Keyframe reduction: Ratio: 38.234276%;
 -> (artifact id: 'c5eeb112bab70f1a6fa3e1396290977a') in 0.025592 seconds
Start importing Assets/ToonyTinyPeople/TT_RTS/TT_RTS_Standard/models/buildings/construction/LumberMill_0.FBX using Guid(68dc2d4464799a947be0ba3c5b424331) Importer(-1,00000000000000000000000000000000) [PhysX] Initialized MultithreadedTaskDispatcher with 12 workers.
 -> (artifact id: 'a21a96506daa79da59554779a111d249') in 0.015000 seconds
Start importing Assets/ToonyTinyPeople/TT_RTS/TT_RTS_Standard/FX/meshes/FX_wood_C.FBX using Guid(783456e850d88ca4a96d1aaed786ac2c) Importer(-1,00000000000000000000000000000000) [PhysX] Initialized MultithreadedTaskDispatcher with 12 workers.
 -> (artifact id: '61221a6d7299464286c4f64f20a4db2b') in 0.013019 seconds
Start importing Assets/ToonyTinyPeople/TT_RTS/TT_RTS_Standard/models/buildings/construction/Farm_1.FBX using Guid(8841aadd935eb6e4f9567e5a24a1f945) Importer(-1,00000000000000000000000000000000) [PhysX] Initialized MultithreadedTaskDispatcher with 12 workers.
 -> (artifact id: '9a3f8d35874a5e34c6f43f2928b368d0') in 0.016339 seconds
Start importing Assets/ToonyTinyPeople/TT_RTS/TT_RTS_Standard/models/buildings/construction/Wall_A_1x1_1.FBX using Guid(88d9a27c1cb01384a9d0cba5ea8ed91f) Importer(-1,00000000000000000000000000000000) [PhysX] Initialized MultithreadedTaskDispatcher with 12 workers.
 -> (artifact id: 'c15e29d5d69524d83b80ce46373fb8f5') in 0.014083 seconds
Start importing Assets/ToonyTinyPeople/TT_RTS/TT_RTS_Standard/models/units/machines/TT_RTS_Cart.FBX using Guid(883d216e6f21bc6469c84867c3deea7c) Importer(-1,00000000000000000000000000000000) [PhysX] Initialized MultithreadedTaskDispatcher with 12 workers.
 -> (artifact id: '11a5293fe2b2131e25930913ce6be073') in 0.068386 seconds
Start importing Assets/ToonyTinyPeople/TT_RTS/TT_RTS_Standard/models/extras/weapons/w_dagger_B.FBX using Guid(98a0fdf33c1d6c245bb74658945f490b) Importer(-1,00000000000000000000000000000000) [PhysX] Initialized MultithreadedTaskDispatcher with 12 workers.
 -> (artifact id: '08ce3ea0a12166c6065dee6dd90b9b60') in 0.012338 seconds
Start importing Assets/ToonyTinyPeople/TT_RTS/TT_RTS_Standard/models/buildings/construction/Wall_B_1x1_0.FBX using Guid(98633bc2a8b69fb4ab21231dddbdbf0e) Importer(-1,00000000000000000000000000000000) [PhysX] Initialized MultithreadedTaskDispatcher with 12 workers.
 -> (artifact id: 'd317315d22c51ccf64aeb0e5f15a139f') in 0.012647 seconds
Start importing Assets/ToonyTinyPeople/TT_RTS/TT_RTS_Standard/models/extras/heads/Head_06h.FBX using Guid(a8bcfcda0b26738439433e8e42d22d6f) Importer(-1,00000000000000000000000000000000) [PhysX] Initialized MultithreadedTaskDispatcher with 12 workers.
 -> (artifact id: '13eef791c93555610d710f756c8eba10') in 0.012852 seconds
Start importing Assets/ToonyTinyPeople/TT_RTS/TT_RTS_Standard/models/buildings/construction/Wall_B_wall_1.FBX using Guid(c8b0da940c5dd9a408110f5e34fb5799) Importer(-1,00000000000000000000000000000000) [PhysX] Initialized MultithreadedTaskDispatcher with 12 workers.
 -> (artifact id: '276843bffe6271b8dffc39c9313fa1ba') in 0.013406 seconds
Start importing Assets/ToonyTinyPeople/TT_RTS/TT_RTS_Standard/models/buildings/construction/Stables_0.FBX using Guid(c8f46a36db3ed5d4ba1ec3877467e8ca) Importer(-1,00000000000000000000000000000000) [PhysX] Initialized MultithreadedTaskDispatcher with 12 workers.
 -> (artifact id: '4fe2dbdf4527052e18381b42396e4111') in 0.012291 seconds
Start importing Assets/ToonyTinyPeople/TT_RTS/TT_RTS_Standard/models/extras/weapons/w_crossbow.FBX using Guid(c8c5a3052366180458aaad15a0813992) Importer(-1,00000000000000000000000000000000) [PhysX] Initialized MultithreadedTaskDispatcher with 12 workers.
 -> (artifact id: '5ffd67c9657dcf9769a1ca66099b1b75') in 0.012334 seconds
Start importing Assets/ToonyTinyPeople/TT_RTS/TT_RTS_Standard/models/extras/weapons/shield_11.FBX using Guid(d82896ceb9fed45428ae6ee0de4147c1) Importer(-1,00000000000000000000000000000000) [PhysX] Initialized MultithreadedTaskDispatcher with 12 workers.
 -> (artifact id: 'f21990dff1b706bf80e2f3b18120dedb') in 0.011994 seconds
Start importing Assets/SimpleNaturePack/Models/Bush_01.fbx using Guid(d8ea93d2d4757e444a5349f4bc849128) Importer(-1,00000000000000000000000000000000) [PhysX] Initialized MultithreadedTaskDispatcher with 12 workers.
 -> (artifact id: '38749f6416e8b0b5945f7b842347ff39') in 0.012549 seconds
Start importing Assets/ToonyTinyPeople/TT_RTS/TT_RTS_Standard/animation/animation_infantry/Staff/staff_02_walk_rm.FBX using Guid(d83cf3292a18a5543a26b2da32f14fcd) Importer(-1,00000000000000000000000000000000) [PhysX] Initialized MultithreadedTaskDispatcher with 12 workers.
Keyframe reduction: Ratio: 31.549606%;
 -> (artifact id: 'da241d22dbb23a7d792cb0aeeb301b62') in 0.021118 seconds
Start importing Assets/ToonyTinyPeople/TT_RTS/TT_RTS_Standard/animation/animation_cavalry/cavalry/cavalry_03_run_rm.FBX using Guid(d85dccdafe31f9a459a0d38b8d5e1225) Importer(-1,00000000000000000000000000000000) [PhysX] Initialized MultithreadedTaskDispatcher with 12 workers.
Keyframe reduction: Ratio: 30.701986%;
 -> (artifact id: 'b98282201422e3836a6effe31235691c') in 0.034736 seconds
Start importing Assets/ToonyTinyPeople/TT_RTS/TT_RTS_Standard/models/buildings/Market.FBX using Guid(e80371d003bd70d439af07f3facb22ea) Importer(-1,00000000000000000000000000000000) [PhysX] Initialized MultithreadedTaskDispatcher with 12 workers.
 -> (artifact id: '7d16e1f167d4aa6ad1b1deeecf38528a') in 0.013950 seconds
Start importing Assets/ToonyTinyPeople/TT_RTS/TT_RTS_Standard/animation/animation_infantry/Shield/shield_04_attack_A.FBX using Guid(e8b6ae497645a274e98d76a6e407ce8b) Importer(-1,00000000000000000000000000000000) [PhysX] Initialized MultithreadedTaskDispatcher with 12 workers.
Keyframe reduction: Ratio: 27.070772%;
 -> (artifact id: 'a5d3d98d7e79056ad666ce3daad9b7ec') in 0.031772 seconds
Start importing Assets/ToonyTinyPeople/TT_RTS/TT_RTS_Standard/animation/animation_cavalry/cavalry_archer/cav_archer_04_attack.FBX using Guid(e8f997c428fbfda40bc425f003db8a77) Importer(-1,00000000000000000000000000000000) [PhysX] Initialized MultithreadedTaskDispatcher with 12 workers.
Keyframe reduction: Ratio: 26.255068%;
 -> (artifact id: '43781cc7184144142d6d22c35acfb246') in 0.038508 seconds
Start importing Assets/ToonyTinyPeople/TT_RTS/TT_RTS_Standard/animation/animation_machines/Ballista/ballista_05_death.FBX using Guid(e86e6170c5032b54ab2d3cd73dd4d00a) Importer(-1,00000000000000000000000000000000) [PhysX] Initialized MultithreadedTaskDispatcher with 12 workers.
Keyframe reduction: Ratio: 14.362518%;
 -> (artifact id: '0063b04ad9213fb4f705e5c80865a10f') in 0.021329 seconds
Start importing Assets/ToonyTinyPeople/TT_RTS/TT_RTS_Standard/models/extras/weapons/w_axe_C.FBX using Guid(f8d3613c53caeb04097f34008f2fcc51) Importer(-1,00000000000000000000000000000000) [PhysX] Initialized MultithreadedTaskDispatcher with 12 workers.
 -> (artifact id: '07a671861afde2262ec2218edc941c6c') in 0.016337 seconds
Start importing Assets/ToonyTinyPeople/TT_RTS/TT_RTS_Standard/models/extras/heads/Head_08b.FBX using Guid(f8189f4ddd564a240855ac4c117f35ea) Importer(-1,00000000000000000000000000000000) [PhysX] Initialized MultithreadedTaskDispatcher with 12 workers.
 -> (artifact id: '797c0aeb62e8f718ed2cc8bb4753f45f') in 0.012481 seconds
Start importing Assets/ToonyTinyPeople/TT_RTS/TT_RTS_Standard/FX/meshes/FX_collision_plane.FBX using Guid(f84c8b37e5e1e8a4aa2d1aa5a0c2c28b) Importer(-1,00000000000000000000000000000000) [PhysX] Initialized MultithreadedTaskDispatcher with 12 workers.
 -> (artifact id: 'd77649561af93468a30be8aef108d6fb') in 0.013488 seconds
Start importing Assets/ToonyTinyPeople/TT_RTS/TT_RTS_Standard/animation/animation_infantry/Polearm/polearm_03_run.FBX using Guid(09d141f67ce1de84b9718263f80e9b25) Importer(-1,00000000000000000000000000000000) [PhysX] Initialized MultithreadedTaskDispatcher with 12 workers.
Keyframe reduction: Ratio: 36.869747%;
 -> (artifact id: 'ec54be49aaac0f20580aabbca901ac22') in 0.034072 seconds
Start importing Assets/ToonyTinyPeople/TT_RTS/TT_RTS_Standard/animation/animation_infantry/Infantry/infantry_02_walk_rm.FBX using Guid(1998e068a71868a449c7617fd0090568) Importer(-1,00000000000000000000000000000000) [PhysX] Initialized MultithreadedTaskDispatcher with 12 workers.
Keyframe reduction: Ratio: 32.859535%;
 -> (artifact id: '2cd3e4a4a92cc2ef0180ac6fdb90130c') in 0.046932 seconds
Start importing Assets/ToonyTinyPeople/TT_RTS/TT_RTS_Standard/animation/animation_infantry/Polearm/polearm_04_attack_A.FBX using Guid(19d8aada1614f424185ea2797f004c77) Importer(-1,00000000000000000000000000000000) [PhysX] Initialized MultithreadedTaskDispatcher with 12 workers.
Keyframe reduction: Ratio: 24.524956%;
 -> (artifact id: 'ab3aa2d4beddfca7131264e4f31dae03') in 0.066693 seconds
Start importing Assets/ToonyTinyPeople/TT_RTS/TT_RTS_Standard/models/extras/weapons/shield_03.FBX using Guid(19f81f2b44fc5474ba96b88f4544d39f) Importer(-1,00000000000000000000000000000000) [PhysX] Initialized MultithreadedTaskDispatcher with 12 workers.
 -> (artifact id: '14c854e1bc29d094190cf5f23347f4b4') in 0.018847 seconds
Start importing Assets/ToonyTinyPeople/TT_RTS/TT_RTS_Standard/models/buildings/construction/Library_1.FBX using Guid(2969cfa0fe7f35d4c94a50c9fb1d9f8c) Importer(-1,00000000000000000000000000000000) [PhysX] Initialized MultithreadedTaskDispatcher with 12 workers.
 -> (artifact id: '9374f429a07f2a483c7d4985a5f2690f') in 0.067691 seconds
Start importing Assets/ToonyTinyPeople/TT_RTS/TT_RTS_Standard/animation/animation_infantry/Infantry/infantry_03_run.FBX using Guid(39c5a1e19d6559345aa3c57adb589874) Importer(-1,00000000000000000000000000000000) [PhysX] Initialized MultithreadedTaskDispatcher with 12 workers.
Keyframe reduction: Ratio: 40.319778%;
 -> (artifact id: '9adfd570ca591413b48f78e9a1a8cc5f') in 0.075910 seconds
Start importing Assets/ToonyTinyPeople/TT_RTS/TT_RTS_Standard/FX/meshes/FX_wood_A.FBX using Guid(39bd36bd36077c544ac4ff34a9e1f5ee) Importer(-1,00000000000000000000000000000000) [PhysX] Initialized MultithreadedTaskDispatcher with 12 workers.
 -> (artifact id: '350c2916e01ba852fd31367ff40ece73') in 0.015204 seconds
Start importing Assets/ToonyTinyPeople/TT_RTS/TT_RTS_Standard/models/extras/heads/Head_06b.FBX using Guid(499687aa0dd767d4e8a6b761e17be79a) Importer(-1,00000000000000000000000000000000) [PhysX] Initialized MultithreadedTaskDispatcher with 12 workers.
 -> (artifact id: 'babd453d5f92b8d84af2b407f2478d8b') in 0.047359 seconds
Start importing Assets/ToonyTinyPeople/TT_RTS/TT_RTS_Standard/animation/animation_cavalry/cavalry_staff/cav_staff_01_idle.FBX using Guid(492977a7084e52549ae091d8faca54f4) Importer(-1,00000000000000000000000000000000) [PhysX] Initialized MultithreadedTaskDispatcher with 12 workers.
Keyframe reduction: Ratio: 14.444954%;
 -> (artifact id: 'c4243ce93a47f148226d0938630d0a2c') in 0.071632 seconds
Start importing Assets/ToonyTinyPeople/TT_RTS/TT_RTS_Standard/models/buildings/Tower_A.FBX using Guid(5921e45280d702e44ad0fb582ac16d26) Importer(-1,00000000000000000000000000000000) [PhysX] Initialized MultithreadedTaskDispatcher with 12 workers.
 -> (artifact id: '175cbd62e64955b32692c99d0aed08ce') in 0.027879 seconds
Start importing Assets/ToonyTinyPeople/TT_RTS/TT_RTS_Standard/animation/animation_infantry/Infantry/infantry_05_damage.FBX using Guid(59ea70e74b23bed4683e8312494014aa) Importer(-1,00000000000000000000000000000000) [PhysX] Initialized MultithreadedTaskDispatcher with 12 workers.
Keyframe reduction: Ratio: 34.445610%;
 -> (artifact id: '766be85d4e443235a11ddbcea3589af3') in 0.039989 seconds
Start importing Assets/ToonyTinyPeople/TT_RTS/TT_RTS_Standard/models/extras/heads/Head_07a.FBX using Guid(596d2a63c0612214d841c20c59c427ff) Importer(-1,00000000000000000000000000000000) [PhysX] Initialized MultithreadedTaskDispatcher with 12 workers.
 -> (artifact id: '3e8dcff4d0bddcf0a017a58c87b1dcaa') in 0.019116 seconds
Start importing Assets/SimpleNaturePack/Models/Tree_03.fbx using Guid(69f0af3a0a6c73b4ab4b89eb82cdc488) Importer(-1,00000000000000000000000000000000) [PhysX] Initialized MultithreadedTaskDispatcher with 12 workers.
 -> (artifact id: '68a8b7aff67b939d1e2f23b430625520') in 0.027959 seconds
Start importing Assets/ToonyTinyPeople/TT_RTS/TT_RTS_Standard/animation/animation_cavalry/cavalry_staff/cav_staff_02_walk_rm.FBX using Guid(69caa12b9694b3f4aa38d9ee957dae0b) Importer(-1,00000000000000000000000000000000) [PhysX] Initialized MultithreadedTaskDispatcher with 12 workers.
Keyframe reduction: Ratio: 27.750479%;
 -> (artifact id: '1094424029bd10ebff40370dd6985114') in 0.111676 seconds
Start importing Assets/ToonyTinyPeople/TT_RTS/TT_RTS_Standard/animation/animation_cavalry/cavalry_spear_B/cav_spear_B_03_run.FBX using Guid(79b055ffd2c5e9f40b9c4de2a30e10cf) Importer(-1,00000000000000000000000000000000) [PhysX] Initialized MultithreadedTaskDispatcher with 12 workers.
Keyframe reduction: Ratio: 28.662252%;
 -> (artifact id: '23399c7fedfe68f5cc91afd7ee348ec7') in 0.146053 seconds
Start importing Assets/ToonyTinyPeople/TT_RTS/TT_RTS_Standard/models/buildings/construction/Barracks_0.FBX using Guid(89fb5f68a7a07e24aa03504d5a034e9e) Importer(-1,00000000000000000000000000000000) [PhysX] Initialized MultithreadedTaskDispatcher with 12 workers.
 -> (artifact id: 'e4523e0e87481be2dee3ece03505fc10') in 0.024502 seconds
Start importing Assets/ToonyTinyPeople/TT_RTS/TT_RTS_Standard/models/buildings/construction/Wall_B_corner_0.FBX using Guid(993cee789332e584d88bf4e7b9a5e1a9) Importer(-1,00000000000000000000000000000000) [PhysX] Initialized MultithreadedTaskDispatcher with 12 workers.
 -> (artifact id: 'cf5dc9c4776fd66a0f2863c7362d92d5') in 0.021106 seconds
Start importing Assets/ToonyTinyPeople/TT_RTS/TT_RTS_Standard/animation/animation_cavalry/cavalry/cavalry_06_death_B.FBX using Guid(a9e87252c235cf5478eea4b8b9dac6c8) Importer(-1,00000000000000000000000000000000) [PhysX] Initialized MultithreadedTaskDispatcher with 12 workers.
Keyframe reduction: Ratio: 30.125944%;
 -> (artifact id: 'd47c75e6b4e45971ad6325e0199e7dd2') in 0.122135 seconds
Start importing Assets/ToonyTinyPeople/TT_RTS/TT_RTS_Standard/models/extras/weapons/w_spear.FBX using Guid(a92b30a91f40fc8488823202f82d3024) Importer(-1,00000000000000000000000000000000) [PhysX] Initialized MultithreadedTaskDispatcher with 12 workers.
 -> (artifact id: 'c8fae08306b7ada14acd0dde839c1db6') in 0.016216 seconds
Start importing Assets/ToonyTinyPeople/TT_RTS/TT_RTS_Standard/animation/animation_cavalry/cavalry_spear_A/cav_spear_A_06_death_B.FBX using Guid(b98b361f35216e243bfa249220db4bd4) Importer(-1,00000000000000000000000000000000) [PhysX] Initialized MultithreadedTaskDispatcher with 12 workers.
Keyframe reduction: Ratio: 31.112825%;
 -> (artifact id: 'e2d33e5931f5ac1a5618521ce3987b36') in 0.083121 seconds
Start importing Assets/ToonyTinyPeople/TT_RTS/TT_RTS_Standard/animation/animation_infantry/Spear_shield/spearshield_04_attack_B.FBX using Guid(b9def7c6da9201647b1bd65c6cafe6a8) Importer(-1,00000000000000000000000000000000) [PhysX] Initialized MultithreadedTaskDispatcher with 12 workers.
Keyframe reduction: Ratio: 27.578545%;
 -> (artifact id: 'c2829c96faac939e5bace5e836fefc6d') in 0.036560 seconds
Start importing Assets/ToonyTinyPeople/TT_RTS/TT_RTS_Standard/models/extras/weapons/w_broad_sword.FBX using Guid(c9f23f267ed37f4409b937cb672f3c61) Importer(-1,00000000000000000000000000000000) [PhysX] Initialized MultithreadedTaskDispatcher with 12 workers.
 -> (artifact id: '0bc861db05d3e36fae03c1e8636527b3') in 0.015800 seconds
Start importing Assets/ToonyTinyPeople/TT_RTS/TT_RTS_Standard/animation/animation_cavalry/cavalry_staff/cav_staff_02_walk.FBX using Guid(c953106898807cb4e87aeae41b730965) Importer(-1,00000000000000000000000000000000) [PhysX] Initialized MultithreadedTaskDispatcher with 12 workers.
Keyframe reduction: Ratio: 24.909203%;
 -> (artifact id: '99ec1833dc0f56d1287bed8f79414154') in 0.040355 seconds
Start importing Assets/ToonyTinyPeople/TT_RTS/TT_RTS_Standard/models/extras/projectiles/Bolt_lvl2.FBX using Guid(c9ad7c9f536d4614fa1447552a4d23f3) Importer(-1,00000000000000000000000000000000) [PhysX] Initialized MultithreadedTaskDispatcher with 12 workers.
 -> (artifact id: '4780625000bb020113ad60af5a487463') in 0.013189 seconds
Start importing Assets/ToonyTinyPeople/TT_RTS/TT_RTS_Standard/models/extras/heads/Head_06g.FBX using Guid(d9f7cf3533134da4cabfb96c5abb38b2) Importer(-1,00000000000000000000000000000000) [PhysX] Initialized MultithreadedTaskDispatcher with 12 workers.
 -> (artifact id: 'b59f4c59cbb3ddb7f91e3554cf5c9c00') in 0.013630 seconds
Start importing Assets/ToonyTinyPeople/TT_RTS/TT_RTS_Standard/models/extras/backstuff/Back_Quiver_A.FBX using Guid(d9386eeb8f648cf44b627931d7a7d1b0) Importer(-1,00000000000000000000000000000000) [PhysX] Initialized MultithreadedTaskDispatcher with 12 workers.
 -> (artifact id: '31d3ee341efa94cfe75448b54dde5304') in 0.014344 seconds
Start importing Assets/ToonyTinyPeople/TT_RTS/TT_RTS_Standard/models/buildings/animation/wall_A_gate/wall_A_idle_closed.FBX using Guid(d9d8ffb718d118f45bbde16a6e9308e8) Importer(-1,00000000000000000000000000000000) [PhysX] Initialized MultithreadedTaskDispatcher with 12 workers.
Keyframe reduction: Ratio: 18.181818%;
 -> (artifact id: '38ead9b08c210fcd4da605dc32a411d2') in 0.014096 seconds
Start importing Assets/ToonyTinyPeople/TT_RTS/TT_RTS_Standard/animation/animation_cavalry/cavalry_shield/cav_shield_04_attack.FBX using Guid(d98cf9aa74a3bf947bc89d3d467e1575) Importer(-1,00000000000000000000000000000000) [PhysX] Initialized MultithreadedTaskDispatcher with 12 workers.
Keyframe reduction: Ratio: 24.823753%;
 -> (artifact id: '04f612951eaa490d00eec831085516cd') in 0.031781 seconds
Start importing Assets/ToonyTinyPeople/TT_RTS/TT_RTS_Standard/models/buildings/construction/Wall_A_wall_0.FBX using Guid(e9f3519d8a967cf4a820ecd5979e12b1) Importer(-1,00000000000000000000000000000000) [PhysX] Initialized MultithreadedTaskDispatcher with 12 workers.
 -> (artifact id: '85157c8b951477869a4142f842c20188') in 0.011741 seconds
Start importing Assets/ToonyTinyPeople/TT_RTS/TT_RTS_Standard/models/buildings/Wall_B_gate.FBX using Guid(e9554c943e8d60643a12a6ee55c092e6) Importer(-1,00000000000000000000000000000000) [PhysX] Initialized MultithreadedTaskDispatcher with 12 workers.
 -> (artifact id: '86b4aac6bedc4158d6c769e8d84dd9b5') in 0.013682 seconds
Start importing Assets/SimpleNaturePack/Models/Rock_01.fbx using Guid(e9089b1db16b58f4282a94e020b9c0e8) Importer(-1,00000000000000000000000000000000) [PhysX] Initialized MultithreadedTaskDispatcher with 12 workers.
 -> (artifact id: '91e9076e28a200dff90b06312acb5465') in 0.010983 seconds
Start importing Assets/ToonyTinyPeople/TT_RTS/TT_RTS_Standard/animation/animation_cavalry/cavalry_archer/cav_archer_03_run_rm.FBX using Guid(e92a397f3a1eb924caf08667f579e087) Importer(-1,00000000000000000000000000000000) [PhysX] Initialized MultithreadedTaskDispatcher with 12 workers.
Keyframe reduction: Ratio: 31.178808%;
 -> (artifact id: 'fbc574d2a75fe1c800127a923d37fe4d') in 0.032520 seconds
Start importing Assets/ToonyTinyPeople/TT_RTS/TT_RTS_Standard/models/extras/projectiles/Bolt_lvl1.FBX using Guid(e9dc34eaeaad01a4e9ff066e44c414ff) Importer(-1,00000000000000000000000000000000) [PhysX] Initialized MultithreadedTaskDispatcher with 12 workers.
 -> (artifact id: 'bb5985d43510c295c6d96e6bd0d9c277') in 0.014282 seconds
Start importing Assets/ToonyTinyPeople/TT_RTS/TT_RTS_Standard/animation/animation_infantry/Spear/spear_02_walk.FBX using Guid(e9ff7855f8770f148b154b61073963fb) Importer(-1,00000000000000000000000000000000) [PhysX] Initialized MultithreadedTaskDispatcher with 12 workers.
Keyframe reduction: Ratio: 31.601606%;
 -> (artifact id: '1f08eaedeafccdb7c40e33ac9149cf8f') in 0.022062 seconds
Start importing Assets/ToonyTinyPeople/TT_RTS/TT_RTS_Standard/animation/animation_cavalry/cavalry/cavalry_03_run.FBX using Guid(f94457a22f3ae4544b4a2ef90a18a7e6) Importer(-1,00000000000000000000000000000000) [PhysX] Initialized MultithreadedTaskDispatcher with 12 workers.
Keyframe reduction: Ratio: 27.973511%;
 -> (artifact id: 'a242f49b9f8735c62cafd50a7098df3f') in 0.033559 seconds
Start importing Assets/ToonyTinyPeople/TT_RTS/TT_RTS_Standard/models/extras/weapons/w_short_bow.FBX using Guid(0aa6ebcf3764a8b4d8434e511934a52b) Importer(-1,00000000000000000000000000000000) [PhysX] Initialized MultithreadedTaskDispatcher with 12 workers.
 -> (artifact id: '329c092e4ebdeddfe069ab3c9d2cd03e') in 0.011828 seconds
Start importing Assets/ToonyTinyPeople/TT_RTS/TT_RTS_Standard/animation/animation_infantry/Archer/archer_05_damage.FBX using Guid(0a4e8acfb75e3654db0973b4d502fdee) Importer(-1,00000000000000000000000000000000) [PhysX] Initialized MultithreadedTaskDispatcher with 12 workers.
Keyframe reduction: Ratio: 34.334026%;
 -> (artifact id: '6680fa33f1f053aa7f4d878b46dc65fe') in 0.020460 seconds
Start importing Assets/ToonyTinyPeople/TT_RTS/TT_RTS_Standard/animation/animation_cavalry/cavalry_spear_A/cav_spear_A_03_run.FBX using Guid(2afc493d6390a174893669952965c2c5) Importer(-1,00000000000000000000000000000000) [PhysX] Initialized MultithreadedTaskDispatcher with 12 workers.
Keyframe reduction: Ratio: 28.715231%;
 -> (artifact id: 'dae38d0d86fcf87c64b1b1d002d8399f') in 0.031664 seconds
Start importing Assets/SimpleNaturePack/Models/Rock_02.fbx using Guid(3a775dc2c1a334b45a5667a56fe92c23) Importer(-1,00000000000000000000000000000000) [PhysX] Initialized MultithreadedTaskDispatcher with 12 workers.
 -> (artifact id: '2a2a8be471392d6d5642273fc2a5ec0d') in 0.012141 seconds
Start importing Assets/ToonyTinyPeople/TT_RTS/TT_RTS_Standard/animation/animation_infantry/Shield/shield_04_attack_B.FBX using Guid(5a7200e1c2b48164d856cdab807a71bb) Importer(-1,00000000000000000000000000000000) [PhysX] Initialized MultithreadedTaskDispatcher with 12 workers.
Keyframe reduction: Ratio: 27.753094%;
 -> (artifact id: 'ebf9506cefb9fe4f152ba775d1b0341e') in 0.022171 seconds
Start importing Assets/ToonyTinyPeople/TT_RTS/TT_RTS_Standard/models/extras/weapons/w_TH_maul.FBX using Guid(5a8a86cfab125f94d947011de10b269d) Importer(-1,00000000000000000000000000000000) [PhysX] Initialized MultithreadedTaskDispatcher with 12 workers.
 -> (artifact id: '1edc774e47b45adda8a470fd81e8664f') in 0.011581 seconds
Start importing Assets/ToonyTinyPeople/TT_RTS/TT_RTS_Standard/animation/animation_machines/Ballista/ballista_03_attack.FBX using Guid(6a1a8063f7921bf468bd5da00bfe7e5f) Importer(-1,00000000000000000000000000000000) [PhysX] Initialized MultithreadedTaskDispatcher with 12 workers.
Keyframe reduction: Ratio: 14.132103%;
 -> (artifact id: '8c0455b4d6e4da9be130990b3d713850') in 0.017236 seconds
Start importing Assets/ToonyTinyPeople/TT_RTS/TT_RTS_Standard/models/buildings/Wall_A_gate.FBX using Guid(7ae56a8428b94f24b854dac395c7c925) Importer(-1,00000000000000000000000000000000) [PhysX] Initialized MultithreadedTaskDispatcher with 12 workers.
 -> (artifact id: '8e9a3f9b053721a797fac9513b44cbdb') in 0.013402 seconds
Start importing Assets/ToonyTinyPeople/TT_RTS/TT_RTS_Standard/animation/animation_infantry/Spear/spear_04_attack_A.FBX using Guid(7ae56d5469e7f334abb22dd37f302bd6) Importer(-1,00000000000000000000000000000000) [PhysX] Initialized MultithreadedTaskDispatcher with 12 workers.
Keyframe reduction: Ratio: 27.482153%;
 -> (artifact id: '2303547f68579befb6cc2f563e8eb784') in 0.022371 seconds
Start importing Assets/ToonyTinyPeople/TT_RTS/TT_RTS_Standard/animation/animation_infantry/Polearm/polearm_02_walk_rm.FBX using Guid(7a8f60c61530d3046845ff04b0dec9a0) Importer(-1,00000000000000000000000000000000) [PhysX] Initialized MultithreadedTaskDispatcher with 12 workers.
Keyframe reduction: Ratio: 30.207745%;
 -> (artifact id: 'bf1ade8948069c0aad2de6661519e98e') in 0.020143 seconds
Start importing Assets/ToonyTinyPeople/TT_RTS/TT_RTS_Standard/models/extras/heads/Head_10b.FBX using Guid(8a7cc853b6a4afa4ca3e1b3449f245a5) Importer(-1,00000000000000000000000000000000) [PhysX] Initialized MultithreadedTaskDispatcher with 12 workers.
 -> (artifact id: '5072a95f451dc1857593bf99b0b10fdf') in 0.010883 seconds
Start importing Assets/ToonyTinyPeople/TT_RTS/TT_RTS_Standard/models/extras/heads/Head_02b.FBX using Guid(8aed65aa521f1f141a262a0cafdac285) Importer(-1,00000000000000000000000000000000) [PhysX] Initialized MultithreadedTaskDispatcher with 12 workers.
 -> (artifact id: 'e5a090d70e940c4a0fe808f5ed17a74a') in 0.011831 seconds
Start importing Assets/ToonyTinyPeople/TT_RTS/TT_RTS_Standard/animation/animation_infantry/Staff/staff_06_death_A.FBX using Guid(8a4ff3a854fe14b449c68d73693ddc38) Importer(-1,00000000000000000000000000000000) [PhysX] Initialized MultithreadedTaskDispatcher with 12 workers.
Keyframe reduction: Ratio: 29.635857%;
 -> (artifact id: 'c421c07cd0c816e843247e7fc5576510') in 0.022110 seconds
Start importing Assets/ToonyTinyPeople/TT_RTS/TT_RTS_Standard/models/extras/projectiles/Catapult_rock_lvl1.FBX using Guid(9ac1f90005599084490a0c75f5acd972) Importer(-1,00000000000000000000000000000000) [PhysX] Initialized MultithreadedTaskDispatcher with 12 workers.
 -> (artifact id: 'c1193ca4b9e81af2f9805a8dfc405ba6') in 0.011901 seconds
Start importing Assets/ToonyTinyPeople/TT_RTS/TT_RTS_Standard/animation/animation_cavalry/cavalry_shield/cav_shield_03_run_rm.FBX using Guid(9a989f1ed38392d4696c442f5984c946) Importer(-1,00000000000000000000000000000000) [PhysX] Initialized MultithreadedTaskDispatcher with 12 workers.
Keyframe reduction: Ratio: 30.781458%;
 -> (artifact id: '363ae9d55bdb615014e5cd00ffc06e16') in 0.032665 seconds
Start importing Assets/ToonyTinyPeople/TT_RTS/TT_RTS_Standard/models/extras/projectiles/Arrow_A.FBX using Guid(aa6419f48f4fbc84c9ec864a8468f57e) Importer(-1,00000000000000000000000000000000) [PhysX] Initialized MultithreadedTaskDispatcher with 12 workers.
 -> (artifact id: 'a7f1fa0ec69972e8c8e83eab6d049d7b') in 0.012036 seconds
Start importing Assets/ToonyTinyPeople/TT_RTS/TT_RTS_Standard/FX/meshes/FX_wreck_B.FBX using Guid(aad542795eeec2d41854f22df474dcec) Importer(-1,00000000000000000000000000000000) [PhysX] Initialized MultithreadedTaskDispatcher with 12 workers.
 -> (artifact id: '9954c462106cdf0f93ca9d93f4a92184') in 0.010535 seconds
Start importing Assets/ToonyTinyPeople/TT_RTS/TT_RTS_Standard/animation/animation_cavalry/cavalry_spear_A/cav_spear_A_04_attack.FBX using Guid(aa6cdda78d38703469f148b320e00cf3) Importer(-1,00000000000000000000000000000000) [PhysX] Initialized MultithreadedTaskDispatcher with 12 workers.
Keyframe reduction: Ratio: 25.635546%;
 -> (artifact id: 'd2a98a3b9d20f38b82ae5576b3e6016d') in 0.034216 seconds
Start importing Assets/ToonyTinyPeople/TT_RTS/TT_RTS_Standard/animation/animation_infantry/Archer/archer_02_walk.FBX using Guid(aabc35eaaa658c747ba58b7ede30f77c) Importer(-1,00000000000000000000000000000000) [PhysX] Initialized MultithreadedTaskDispatcher with 12 workers.
Keyframe reduction: Ratio: 33.093521%;
 -> (artifact id: 'a72cb0ce7eac491b9f21f255d150e0ba') in 0.023439 seconds
Start importing Assets/SimpleNaturePack/Models/Bush_02.fbx using Guid(ba52853a69186a841a52a9cc2e9b77fa) Importer(-1,00000000000000000000000000000000) [PhysX] Initialized MultithreadedTaskDispatcher with 12 workers.
 -> (artifact id: '98c3801fa288fc7c737c1d7f6d053663') in 0.013091 seconds
Start importing Assets/ToonyTinyPeople/TT_RTS/TT_RTS_Standard/animation/animation_machines/Ram/ram_02_move.FBX using Guid(baa7490040f732842a1563add4d7dc63) Importer(-1,00000000000000000000000000000000) [PhysX] Initialized MultithreadedTaskDispatcher with 12 workers.
Keyframe reduction: Ratio: 7.804878%;
 -> (artifact id: 'e32e4f77cabfc411b2a29574bb49e42a') in 0.018415 seconds
Start importing Assets/ToonyTinyPeople/TT_RTS/TT_RTS_Standard/models/buildings/construction/Wall_A_gate_1.FBX using Guid(caa0b36c4f60f7b47a461c12cd9fe8cd) Importer(-1,00000000000000000000000000000000) [PhysX] Initialized MultithreadedTaskDispatcher with 12 workers.
 -> (artifact id: '06e61534ada92dff76d93282be07934f') in 0.012962 seconds
Start importing Assets/ToonyTinyPeople/TT_RTS/TT_RTS_Standard/models/extras/heads/Head_05b.FBX using Guid(cad612d8a985aac4bb802ff96c1bee3c) Importer(-1,00000000000000000000000000000000) [PhysX] Initialized MultithreadedTaskDispatcher with 12 workers.
 -> (artifact id: '6b00ba2d7f3793358328b895f1083409') in 0.010628 seconds
Start importing Assets/ToonyTinyPeople/TT_RTS/TT_RTS_Standard/models/extras/weapons/w_bardiche.FBX using Guid(da784d75665d0804584991896a661ea5) Importer(-1,00000000000000000000000000000000) [PhysX] Initialized MultithreadedTaskDispatcher with 12 workers.
 -> (artifact id: 'feaf169e2ffe871c3fa2e2b275ddb6e3') in 0.012321 seconds
Start importing Assets/ToonyTinyPeople/TT_RTS/TT_RTS_Standard/animation/animation_cavalry/cavalry_shield/cav_shield_05_damage.FBX using Guid(dad86b5fd0f2a504f97b47d1a80c8367) Importer(-1,00000000000000000000000000000000) [PhysX] Initialized MultithreadedTaskDispatcher with 12 workers.
Keyframe reduction: Ratio: 30.085146%;
 -> (artifact id: 'b72e5f88fab2cc9ccc032c01c3087dbc') in 0.033785 seconds
Start importing Assets/ToonyTinyPeople/TT_RTS/TT_RTS_Standard/models/extras/weapons/w_TH_claymore.FBX using Guid(da5b3b40cc67f6b41b01ba6a7eb61763) Importer(-1,00000000000000000000000000000000) [PhysX] Initialized MultithreadedTaskDispatcher with 12 workers.
 -> (artifact id: '09b27aead6c31a4c85abdb17665ad5d9') in 0.012043 seconds
Start importing Assets/ToonyTinyPeople/TT_RTS/TT_RTS_Standard/animation/animation_infantry/Spear/spear_04_attack_B.FBX using Guid(dabce5525f41e3b43b71afba5951f91a) Importer(-1,00000000000000000000000000000000) [PhysX] Initialized MultithreadedTaskDispatcher with 12 workers.
Keyframe reduction: Ratio: 28.212196%;
 -> (artifact id: '94faf673b0fa64f393f88df2a80c0551') in 0.033460 seconds
Start importing Assets/ToonyTinyPeople/TT_RTS/TT_RTS_Standard/FX/meshes/FX_wreck_C.FBX using Guid(faa226ac611b52f4fa9db6494275f58b) Importer(-1,00000000000000000000000000000000) [PhysX] Initialized MultithreadedTaskDispatcher with 12 workers.
 -> (artifact id: '8b7acc8a4695e27e26ab05030957e2fb') in 0.011366 seconds
Start importing Assets/SimpleNaturePack/Models/Rock_05.fbx using Guid(fa2e670bb3648a84b9df8d16da25b85e) Importer(-1,00000000000000000000000000000000) [PhysX] Initialized MultithreadedTaskDispatcher with 12 workers.
 -> (artifact id: '007f5ad352585a615624af9ea26c4601') in 0.011282 seconds
Start importing Assets/ToonyTinyPeople/TT_RTS/TT_RTS_Standard/models/extras/weapons/shield_18.FBX using Guid(faded45297bfc7c4fa87e7f78373ea08) Importer(-1,00000000000000000000000000000000) [PhysX] Initialized MultithreadedTaskDispatcher with 12 workers.
 -> (artifact id: '50958a6483a43c6e332f5b6b99c43680') in 0.012899 seconds
Start importing Assets/ToonyTinyPeople/TT_RTS/TT_RTS_Standard/animation/animation_infantry/Spear_shield/spearshield_02_walk.FBX using Guid(0b62b3460f4dfd049a031d3352936537) Importer(-1,00000000000000000000000000000000) [PhysX] Initialized MultithreadedTaskDispatcher with 12 workers.
Keyframe reduction: Ratio: 30.011230%;
 -> (artifact id: '7da4d2f475f41b08f4e81525623fc1ea') in 0.021377 seconds
Start importing Assets/ToonyTinyPeople/TT_RTS/TT_RTS_Standard/animation/animation_cavalry/cavalry_shield/cav_shield_06_death_A.FBX using Guid(0b93f43992ae9f244a2907b7278d4d0a) Importer(-1,00000000000000000000000000000000) [PhysX] Initialized MultithreadedTaskDispatcher with 12 workers.
Keyframe reduction: Ratio: 30.515522%;
 -> (artifact id: '59a6f7565abbf0f4f206ba5b383bc930') in 0.044954 seconds
Start importing Assets/ToonyTinyPeople/TT_RTS/TT_RTS_Standard/models/buildings/construction/Farm_0.FBX using Guid(1b468518a5f1b10489a754019fbd290c) Importer(-1,00000000000000000000000000000000) [PhysX] Initialized MultithreadedTaskDispatcher with 12 workers.
 -> (artifact id: 'cb20a75c9e08b84bfd9dde06299b8966') in 0.015813 seconds
Start importing Assets/ToonyTinyPeople/TT_RTS/TT_RTS_Standard/models/extras/heads/Head_06a.FBX using Guid(1b7987a860368dc49a8ae959c2e03220) Importer(-1,00000000000000000000000000000000) [PhysX] Initialized MultithreadedTaskDispatcher with 12 workers.
 -> (artifact id: '9d2ff86e35d255650ff0d0166a6bf60b') in 0.023211 seconds
Start importing Assets/ToonyTinyPeople/TT_RTS/TT_RTS_Standard/models/extras/weapons/shield_13.FBX using Guid(1b6c3810a2fe76c45b0431af09429fd7) Importer(-1,00000000000000000000000000000000) [PhysX] Initialized MultithreadedTaskDispatcher with 12 workers.
 -> (artifact id: 'd9a5973008d2f473f14a753d86a4efc8') in 0.016548 seconds
Start importing Assets/ToonyTinyPeople/TT_RTS/TT_RTS_Standard/models/buildings/Wall_B_1x1.FBX using Guid(1bff8eeac62bd944c9d12ef7cccc745d) Importer(-1,00000000000000000000000000000000) [PhysX] Initialized MultithreadedTaskDispatcher with 12 workers.
 -> (artifact id: '374c03acfebe9e0337add3101286e45f') in 0.015528 seconds
Start importing Assets/ToonyTinyPeople/TT_RTS/TT_RTS_Standard/models/extras/heads/Head_02c.FBX using Guid(2b1c3d3ded3bc1543afaa0b92583891c) Importer(-1,00000000000000000000000000000000) [PhysX] Initialized MultithreadedTaskDispatcher with 12 workers.
 -> (artifact id: 'b3ae6be5f72bf8c5b3bf68fba497143a') in 0.014578 seconds
Start importing Assets/ToonyTinyPeople/TT_RTS/TT_RTS_Standard/animation/animation_infantry/Shield/shield_03_run_rm.FBX using Guid(7ba947b6dedf28d4f9fb9d2ba3e90cc3) Importer(-1,00000000000000000000000000000000) [PhysX] Initialized MultithreadedTaskDispatcher with 12 workers.
Keyframe reduction: Ratio: 38.408066%;
 -> (artifact id: 'd59edc2b60b8f8b43736f9c021e56e62') in 0.024509 seconds
Start importing Assets/SimpleNaturePack/Models/Bush_03.fbx using Guid(7b5a098d913a3c74692a2a9963dbd3ba) Importer(-1,00000000000000000000000000000000) [PhysX] Initialized MultithreadedTaskDispatcher with 12 workers.
 -> (artifact id: 'e889fc3305bdaf70556562e8371546bc') in 0.014642 seconds
Start importing Assets/ToonyTinyPeople/TT_RTS/TT_RTS_Standard/animation/animation_infantry/Polearm/polearm_02_walk.FBX using Guid(7bee94b2705a0114eb1aff7d287c8e76) Importer(-1,00000000000000000000000000000000) [PhysX] Initialized MultithreadedTaskDispatcher with 12 workers.
Keyframe reduction: Ratio: 30.685005%;
 -> (artifact id: '6d78391c63ea305b8b437461e62068c6') in 0.023715 seconds
Start importing Assets/ToonyTinyPeople/TT_RTS/TT_RTS_Standard/models/buildings/construction/TownHall_0.FBX using Guid(8bfa3476d6d02f04aac71fd7a8d1da0a) Importer(-1,00000000000000000000000000000000) [PhysX] Initialized MultithreadedTaskDispatcher with 12 workers.
 -> (artifact id: 'e039b7c5fb809c0b43cfce71d40efc9f') in 0.013463 seconds
Start importing Assets/ToonyTinyPeople/TT_RTS/TT_RTS_Standard/models/buildings/Temple.FBX using Guid(9bf280570cf5dce45a29b84470a52c7e) Importer(-1,00000000000000000000000000000000) [PhysX] Initialized MultithreadedTaskDispatcher with 12 workers.
 -> (artifact id: 'b1bcf1d7fd37535fc56285afce0fe245') in 0.015214 seconds
Start importing Assets/ToonyTinyPeople/TT_RTS/TT_RTS_Standard/models/extras/heads/Head_10h.FBX using Guid(abd58b6332e28d342837749b55158c4c) Importer(-1,00000000000000000000000000000000) [PhysX] Initialized MultithreadedTaskDispatcher with 12 workers.
 -> (artifact id: 'ff77105590d235c78d04accebeb60f66') in 0.012389 seconds
Start importing Assets/ToonyTinyPeople/TT_RTS/TT_RTS_Standard/models/extras/heads/Head_10d.FBX using Guid(abe5ebb929ad9654883e51c47b9a7747) Importer(-1,00000000000000000000000000000000) [PhysX] Initialized MultithreadedTaskDispatcher with 12 workers.
 -> (artifact id: '63909df40319047bb060ea1062c6a4cb') in 0.012227 seconds
Start importing Assets/ToonyTinyPeople/TT_RTS/TT_RTS_Standard/models/extras/banners/animation/banner_fall.FBX using Guid(bb72e88c1bba4c14c817d55cb1a0da5f) Importer(-1,00000000000000000000000000000000) [PhysX] Initialized MultithreadedTaskDispatcher with 12 workers.
Keyframe reduction: Ratio: 15.036232%;
 -> (artifact id: '7b7130882db819cccf16f29a55a955cc') in 0.013593 seconds
Start importing Assets/ToonyTinyPeople/TT_RTS/TT_RTS_Standard/animation/animation_cavalry/cavalry_crossbow/cav_crossbow_01_idle.FBX using Guid(bb230c33418279e45a49e35a68fc8a5f) Importer(-1,00000000000000000000000000000000) [PhysX] Initialized MultithreadedTaskDispatcher with 12 workers.
Keyframe reduction: Ratio: 14.536751%;
 -> (artifact id: '8b6a47309374731580259f559a8c9551') in 0.041616 seconds
Start importing Assets/ToonyTinyPeople/TT_RTS/TT_RTS_Standard/animation/animation_infantry/TwoHanded/twohanded_03_run_rm.FBX using Guid(bb587d6acc0d2124692d1721191f8340) Importer(-1,00000000000000000000000000000000) [PhysX] Initialized MultithreadedTaskDispatcher with 12 workers.
Keyframe reduction: Ratio: 37.921448%;
 -> (artifact id: 'f7a09c4c6529fdf399f89b9add0e29eb') in 0.024720 seconds
Start importing Assets/ToonyTinyPeople/TT_RTS/TT_RTS_Standard/models/buildings/Wall_A_corner.FBX using Guid(cba5dcbe606db5c489d9a7269c56598a) Importer(-1,00000000000000000000000000000000) [PhysX] Initialized MultithreadedTaskDispatcher with 12 workers.
 -> (artifact id: 'e13e5daa766b894c1ac0108c3ddc4dc7') in 0.018636 seconds
Start importing Assets/ToonyTinyPeople/TT_RTS/TT_RTS_Standard/animation/animation_cavalry/cavalry/cavalry_02_walk.FBX using Guid(eb7de86d67ebbf549b7e492e517acbac) Importer(-1,00000000000000000000000000000000) [PhysX] Initialized MultithreadedTaskDispatcher with 12 workers.
Keyframe reduction: Ratio: 24.097414%;
 -> (artifact id: '54fda53199aee437a50ebf3513297913') in 0.035805 seconds
Start importing Assets/ToonyTinyPeople/TT_RTS/TT_RTS_Standard/animation/animation_machines/Ballista/ballista_02_move.FBX using Guid(fb60e017e1d2e7c4e809bb61cf2d175f) Importer(-1,00000000000000000000000000000000) [PhysX] Initialized MultithreadedTaskDispatcher with 12 workers.
Keyframe reduction: Ratio: 6.271777%;
 -> (artifact id: 'e89e2fb6d9b6a8a04d9bea14ff4d17b3') in 0.020660 seconds
Start importing Assets/ToonyTinyPeople/TT_RTS/TT_RTS_Standard/models/extras/heads/Head_02f.FBX using Guid(fbaef7b8885e6ce4f90f601b4926f3c2) Importer(-1,00000000000000000000000000000000) [PhysX] Initialized MultithreadedTaskDispatcher with 12 workers.
 -> (artifact id: '989f774d219ea0c4f0b6c48614ef41f0') in 0.014244 seconds
Start importing Assets/ToonyTinyPeople/TT_RTS/TT_RTS_Standard/models/buildings/Stables.FBX using Guid(0c6eb60ad59a81145839dbc6dedcbc3f) Importer(-1,00000000000000000000000000000000) [PhysX] Initialized MultithreadedTaskDispatcher with 12 workers.
 -> (artifact id: 'e43669858e807551bdb1f10e643c23a3') in 0.019138 seconds
Start importing Assets/ToonyTinyPeople/TT_RTS/TT_RTS_Standard/models/extras/weapons/w_TH_Axe_A.FBX using Guid(1c2ebf890adfc594fae01532d790f59c) Importer(-1,00000000000000000000000000000000) [PhysX] Initialized MultithreadedTaskDispatcher with 12 workers.
 -> (artifact id: 'b42d373c1d41133ea79ea3435a8638f8') in 0.012243 seconds
Start importing Assets/ToonyTinyPeople/TT_RTS/TT_RTS_Standard/animation/animation_infantry/Shield/shield_06_death_B.FBX using Guid(2cd4c7fa9ab8728449da2d7730b71ac2) Importer(-1,00000000000000000000000000000000) [PhysX] Initialized MultithreadedTaskDispatcher with 12 workers.
Keyframe reduction: Ratio: 31.329929%;
 -> (artifact id: 'ebea19878a5c3349bf09256249009e68') in 0.025482 seconds
Start importing Assets/ToonyTinyPeople/TT_RTS/TT_RTS_Standard/models/buildings/construction/Temple_0.FBX using Guid(2c19f74705f3b6b44af06171a67178a1) Importer(-1,00000000000000000000000000000000) [PhysX] Initialized MultithreadedTaskDispatcher with 12 workers.
 -> (artifact id: 'c4a177e7427f549f859870c32fa72209') in 0.013500 seconds
Start importing Assets/ToonyTinyPeople/TT_RTS/TT_RTS_Standard/animation/animation_cavalry/cavalry/cavalry_06_death_A.FBX using Guid(2c4f369bba01b9346922d623974e7442) Importer(-1,00000000000000000000000000000000) [PhysX] Initialized MultithreadedTaskDispatcher with 12 workers.
Keyframe reduction: Ratio: 30.515503%;
 -> (artifact id: '7adb3bdf2f0f44d35c9f523d5da71354') in 0.036395 seconds
Start importing Assets/ToonyTinyPeople/TT_RTS/TT_RTS_Standard/animation/animation_cavalry/cavalry_crossbow/cav_crossbow_05_damage.FBX using Guid(3c266c3a947e09144a640a214ef86ec7) Importer(-1,00000000000000000000000000000000) [PhysX] Initialized MultithreadedTaskDispatcher with 12 workers.
Keyframe reduction: Ratio: 30.022074%;
 -> (artifact id: '764162ee33b1258e823c552b8b9a1ec6') in 0.037611 seconds
Start importing Assets/ToonyTinyPeople/TT_RTS/TT_RTS_Standard/models/extras/weapons/shield_02.FBX using Guid(3c88e84e208c1844aba030e3fddc3722) Importer(-1,00000000000000000000000000000000) [PhysX] Initialized MultithreadedTaskDispatcher with 12 workers.
 -> (artifact id: '861b7885337ce67d44d5ee648cf2e84c') in 0.013680 seconds
Start importing Assets/ToonyTinyPeople/TT_RTS/TT_RTS_Standard/models/extras/heads/Head_11e.FBX using Guid(4c20f1a49dd021844820b8d7457ecb7c) Importer(-1,00000000000000000000000000000000) [PhysX] Initialized MultithreadedTaskDispatcher with 12 workers.
 -> (artifact id: 'd4ed0af80c02be75bafc4f1750801be8') in 0.014361 seconds
Start importing Assets/ToonyTinyPeople/TT_RTS/TT_RTS_Standard/animation/animation_cavalry/cavalry_crossbow/cav_crossbow_06_death_B.FBX using Guid(4cb5b65d5a4d98e4bb92fc9ee6143da6) Importer(-1,00000000000000000000000000000000) [PhysX] Initialized MultithreadedTaskDispatcher with 12 workers.
Keyframe reduction: Ratio: 30.151924%;
 -> (artifact id: '37eae15c4dbd1ee9ae09cd2c6e8b3fbc') in 0.037423 seconds
Start importing Assets/ToonyTinyPeople/TT_RTS/TT_RTS_Standard/animation/animation_machines/Catapult/catapult_03_attack.FBX using Guid(4cf83e04cc7696f4e87f7b5ec05a7d4d) Importer(-1,00000000000000000000000000000000) [PhysX] Initialized MultithreadedTaskDispatcher with 12 workers.
Keyframe reduction: Ratio: 17.008797%;
 -> (artifact id: 'c7507da2bad472a95cf5f65fe533df59') in 0.018665 seconds
Start importing Assets/ToonyTinyPeople/TT_RTS/TT_RTS_Standard/models/buildings/animation/wall_B_gate/wall_B_idle_closed.FBX using Guid(4c5c0c91035124042b62a0dac620824f) Importer(-1,00000000000000000000000000000000) [PhysX] Initialized MultithreadedTaskDispatcher with 12 workers.
Keyframe reduction: Ratio: 100.000000%;
 -> (artifact id: '4a3865455804d93659bbbedf07c51601') in 0.012682 seconds
Start importing Assets/ToonyTinyPeople/TT_RTS/TT_RTS_Standard/models/extras/heads/Head_07e.FBX using Guid(5c56b80681a069741b8d918d27416cfe) Importer(-1,00000000000000000000000000000000) [PhysX] Initialized MultithreadedTaskDispatcher with 12 workers.
 -> (artifact id: '1eaab4e52211bf81aa3f4bd928debcc1') in 0.013887 seconds
Start importing Assets/ToonyTinyPeople/TT_RTS/TT_RTS_Standard/animation/animation_machines/Ram/ram_01_idle.FBX using Guid(6cb8b02f857cbc947be3e06068dcfa0c) Importer(-1,00000000000000000000000000000000) [PhysX] Initialized MultithreadedTaskDispatcher with 12 workers.
Keyframe reduction: Ratio: 18.181818%;
 -> (artifact id: 'cae01aa351cb8918ea952a9cde35ada2') in 0.016742 seconds
Start importing Assets/SimpleNaturePack/Models/Mushroom_02.fbx using Guid(6c890c97a154a474082af84a379dffce) Importer(-1,00000000000000000000000000000000) [PhysX] Initialized MultithreadedTaskDispatcher with 12 workers.
 -> (artifact id: '9edd10e78fa2e066799c89f1900c4416') in 0.013715 seconds
Start importing Assets/SimpleNaturePack/Models/Tree_01.fbx using Guid(6c7eaede4efc960409fb9ef2dfb77f29) Importer(-1,00000000000000000000000000000000) [PhysX] Initialized MultithreadedTaskDispatcher with 12 workers.
 -> (artifact id: '29e5075df0c0333fba336d85986cd67b') in 0.013586 seconds
Start importing Assets/ToonyTinyPeople/TT_RTS/TT_RTS_Standard/models/buildings/animation/wall_A_gate/wall_A_open.FBX using Guid(6c1fb72d9afb1a941a4ffe6182bfa652) Importer(-1,00000000000000000000000000000000) [PhysX] Initialized MultithreadedTaskDispatcher with 12 workers.
Keyframe reduction: Ratio: 16.705069%;
 -> (artifact id: '1d9832128cf30b1ffc3b5b6d9e9ad696') in 0.014566 seconds
Start importing Assets/ToonyTinyPeople/TT_RTS/TT_RTS_Standard/models/extras/heads/Head_01b.FBX using Guid(7c15d5da23b90b8469e1d49fe76fe1fe) Importer(-1,00000000000000000000000000000000) [PhysX] Initialized MultithreadedTaskDispatcher with 12 workers.
 -> (artifact id: '8f7827cf459cfeb81b01e458d0928346') in 0.013768 seconds
Start importing Assets/ToonyTinyPeople/TT_RTS/TT_RTS_Standard/models/buildings/Wall_B_corner.FBX using Guid(8c11ae7c589e3f34d966c6d1fd721bea) Importer(-1,00000000000000000000000000000000) [PhysX] Initialized MultithreadedTaskDispatcher with 12 workers.
 -> (artifact id: 'b76216caf115220eed0e577c89b1bdd0') in 0.013960 seconds
Start importing Assets/ToonyTinyPeople/TT_RTS/TT_RTS_Standard/models/extras/banners/TT_RTS_Banner_plain.FBX using Guid(8c8abb7879133384f9051e5c360bd68d) Importer(-1,00000000000000000000000000000000) [PhysX] Initialized MultithreadedTaskDispatcher with 12 workers.
 -> (artifact id: '2eb2fd4426f98b042d8a80d07572405e') in 0.019990 seconds
Start importing Assets/ToonyTinyPeople/TT_RTS/TT_RTS_Standard/FX/meshes/FX_stone_B.FBX using Guid(8c2c608f6a8b49b4da737abaa2e25f4d) Importer(-1,00000000000000000000000000000000) [PhysX] Initialized MultithreadedTaskDispatcher with 12 workers.
 -> (artifact id: '59a1261916bc6022969a0d7f380701b0') in 0.011941 seconds
Start importing Assets/ToonyTinyPeople/TT_RTS/TT_RTS_Standard/models/extras/heads/Head_09f.FBX using Guid(8ccc856c843243a47a24c852d2cce8e4) Importer(-1,00000000000000000000000000000000) [PhysX] Initialized MultithreadedTaskDispatcher with 12 workers.
 -> (artifact id: 'f869833d615751695b799307bcd38ab6') in 0.013416 seconds
Start importing Assets/ToonyTinyPeople/TT_RTS/TT_RTS_Standard/models/extras/backstuff/Back_Bag.FBX using Guid(9c40cd488e7d8fc419ed5b2e20b0ef6f) Importer(-1,00000000000000000000000000000000) [PhysX] Initialized MultithreadedTaskDispatcher with 12 workers.
 -> (artifact id: 'a9a2d00eca38aedddda348008c9ef11c') in 0.012437 seconds
Start importing Assets/ToonyTinyPeople/TT_RTS/TT_RTS_Standard/models/extras/heads/Head_03b.FBX using Guid(bcb91de041faad04ab58e5a772985424) Importer(-1,00000000000000000000000000000000) [PhysX] Initialized MultithreadedTaskDispatcher with 12 workers.
 -> (artifact id: 'c495fb0ae9012e56306459e156279530') in 0.012233 seconds
Start importing Assets/ToonyTinyPeople/TT_RTS/TT_RTS_Standard/animation/animation_cavalry/cavalry_shield/cav_shield_02_walk_rm.FBX using Guid(bc5cc3badd1242346a0f1fc18c92f88a) Importer(-1,00000000000000000000000000000000) [PhysX] Initialized MultithreadedTaskDispatcher with 12 workers.
Keyframe reduction: Ratio: 27.045500%;
 -> (artifact id: 'e914c10697ada73bc7964d38655133bc') in 0.033679 seconds
Start importing Assets/ToonyTinyPeople/TT_RTS/TT_RTS_Standard/animation/animation_infantry/Polearm/polearm_06_death_B.FBX using Guid(bc0f1b474ff8ee741baf0263e3a81386) Importer(-1,00000000000000000000000000000000) [PhysX] Initialized MultithreadedTaskDispatcher with 12 workers.
Keyframe reduction: Ratio: 33.574879%;
 -> (artifact id: 'db9dd544de4b225e6fdf1408140c4b0c') in 0.022583 seconds
Start importing Assets/ToonyTinyPeople/TT_RTS/TT_RTS_Standard/models/buildings/construction/Stables_1.FBX using Guid(cca1c5a0500e0194cbfcc9780cb0f8d5) Importer(-1,00000000000000000000000000000000) [PhysX] Initialized MultithreadedTaskDispatcher with 12 workers.
 -> (artifact id: 'f3c7be0994ad683cef099a2a4cd22e89') in 0.012964 seconds
Start importing Assets/ToonyTinyPeople/TT_RTS/TT_RTS_Standard/animation/animation_infantry/Polearm/polearm_03_run_rm.FBX using Guid(cc437d3a8a117444b88a2d45271ca45e) Importer(-1,00000000000000000000000000000000) [PhysX] Initialized MultithreadedTaskDispatcher with 12 workers.
Keyframe reduction: Ratio: 36.589638%;
 -> (artifact id: '8dd4ded08e20ee6eca12e1ff8c1f95bb') in 0.020327 seconds
Start importing Assets/ToonyTinyPeople/TT_RTS/TT_RTS_Standard/animation/animation_infantry/Polearm/polearm_04_attack_B.FBX using Guid(cc77bbdf7894c6641b038d2f955ad4a7) Importer(-1,00000000000000000000000000000000) [PhysX] Initialized MultithreadedTaskDispatcher with 12 workers.
Keyframe reduction: Ratio: 24.632353%;
 -> (artifact id: '185852a80f464eaf364b1957c7922466') in 0.023809 seconds
Start importing Assets/ToonyTinyPeople/TT_RTS/TT_RTS_Standard/animation/animation_cavalry/cavalry_shield/cav_shield_03_run.FBX using Guid(dcbbd1d54651ff74eace8aff12487008) Importer(-1,00000000000000000000000000000000) [PhysX] Initialized MultithreadedTaskDispatcher with 12 workers.
Keyframe reduction: Ratio: 28.291391%;
 -> (artifact id: 'ae0a9306a85922d4cb2f22b5dbef5d2e') in 0.032137 seconds
Start importing Assets/ToonyTinyPeople/TT_RTS/TT_RTS_Standard/animation/animation_machines/Cart/cart_01_idle.FBX using Guid(dcefcc43fd830d34eb1e4c572ef888d5) Importer(-1,00000000000000000000000000000000) [PhysX] Initialized MultithreadedTaskDispatcher with 12 workers.
Keyframe reduction: Ratio: 29.152920%;
 -> (artifact id: '538f70890b495cb27d951d2126d059d2') in 0.054167 seconds
Start importing Assets/ToonyTinyPeople/TT_RTS/TT_RTS_Standard/models/buildings/construction/Market_1.FBX using Guid(ecd750c81ddec2c48abc6d35830d1422) Importer(-1,00000000000000000000000000000000) [PhysX] Initialized MultithreadedTaskDispatcher with 12 workers.
 -> (artifact id: '85aff1e8c0d7e3c01b9df8857bb248cd') in 0.013629 seconds
Start importing Assets/ToonyTinyPeople/TT_RTS/TT_RTS_Standard/animation/animation_infantry/Polearm/polearm_01_idle.FBX using Guid(fcc37ed383d95f343947f20d0f133c5d) Importer(-1,00000000000000000000000000000000) [PhysX] Initialized MultithreadedTaskDispatcher with 12 workers.
Keyframe reduction: Ratio: 5.599661%;
 -> (artifact id: 'e9406c3fcff73c09e65ddd9503bd64a6') in 0.037674 seconds
Start importing Assets/ToonyTinyPeople/TT_RTS/TT_RTS_Standard/models/extras/heads/Head_10f.FBX using Guid(fcc77599289333e448865b902bb2178f) Importer(-1,00000000000000000000000000000000) [PhysX] Initialized MultithreadedTaskDispatcher with 12 workers.
 -> (artifact id: '84c6645c615da9d7cf132e38708bc43d') in 0.015741 seconds
Start importing Assets/ToonyTinyPeople/TT_RTS/TT_RTS_Standard/models/buildings/MageTower.FBX using Guid(fc4ed9ef41f9dc944af60388921a8746) Importer(-1,00000000000000000000000000000000) [PhysX] Initialized MultithreadedTaskDispatcher with 12 workers.
 -> (artifact id: '45adff9d2ac7dceb6c5b77e8cda3ccf7') in 0.019981 seconds
Start importing Assets/ToonyTinyPeople/TT_RTS/TT_RTS_Standard/animation/animation_infantry/Shield/shield_03_run.FBX using Guid(0db21fc102c66a444a2d99ddd0c4168b) Importer(-1,00000000000000000000000000000000) [PhysX] Initialized MultithreadedTaskDispatcher with 12 workers.
Keyframe reduction: Ratio: 38.720894%;
 -> (artifact id: '87fae87fa31f99511e90d1ab5e5278d5') in 0.030244 seconds
Start importing Assets/ToonyTinyPeople/TT_RTS/TT_RTS_Standard/animation/animation_infantry/Polearm/polearm_05_damage.FBX using Guid(0d2974bf620960b428f5593d31e31f68) Importer(-1,00000000000000000000000000000000) [PhysX] Initialized MultithreadedTaskDispatcher with 12 workers.
Keyframe reduction: Ratio: 32.950993%;
 -> (artifact id: '49309300d0cfec953317bea60d82a3f2') in 0.033011 seconds
Start importing Assets/ToonyTinyPeople/TT_RTS/TT_RTS_Standard/models/extras/heads/Head_10c.FBX using Guid(1d2a71a61265d1c42984a6e804dd9eba) Importer(-1,00000000000000000000000000000000) [PhysX] Initialized MultithreadedTaskDispatcher with 12 workers.
 -> (artifact id: 'b9411a035cd3d175f9caf1e544af8d5f') in 0.016724 seconds
Start importing Assets/ToonyTinyPeople/TT_RTS/TT_RTS_Standard/animation/animation_infantry/Spear_shield/spearshield_01_idle.FBX using Guid(2da92735b7af1b6458b149b16df4af52) Importer(-1,00000000000000000000000000000000) [PhysX] Initialized MultithreadedTaskDispatcher with 12 workers.
Keyframe reduction: Ratio: 6.109797%;
 -> (artifact id: '8f0f0b75f1560cd85d1df540cc6beda2') in 0.036243 seconds
Start importing Assets/ToonyTinyPeople/TT_RTS/TT_RTS_Standard/models/units/machines/TT_RTS_Ballista.FBX using Guid(2dfc7e76293c2fe4393a1903174931ea) Importer(-1,00000000000000000000000000000000) [PhysX] Initialized MultithreadedTaskDispatcher with 12 workers.
 -> (artifact id: '1653b69b836cc2aa3c9f25852a8635b2') in 0.028873 seconds
Start importing Assets/ToonyTinyPeople/TT_RTS/TT_RTS_Standard/animation/animation_infantry/Archer/archer_03_run_rm.FBX using Guid(2d0dfa17b7fabe545b9f968ed61059b8) Importer(-1,00000000000000000000000000000000) [PhysX] Initialized MultithreadedTaskDispatcher with 12 workers.
Keyframe reduction: Ratio: 42.335770%;
 -> (artifact id: '9b28871acc2d8be3fae39dd5a7e73c4f') in 0.026519 seconds
Start importing Assets/ToonyTinyPeople/TT_RTS/TT_RTS_Standard/models/extras/weapons/w_axe_E.FBX using Guid(3de38eaafd0845b42bae4e1838c86981) Importer(-1,00000000000000000000000000000000) [PhysX] Initialized MultithreadedTaskDispatcher with 12 workers.
 -> (artifact id: '530e33181c42ef2af8a9f94f724b9278') in 0.013021 seconds
Start importing Assets/ToonyTinyPeople/TT_RTS/TT_RTS_Standard/models/extras/weapons/w_halberd.FBX using Guid(4d405b75f743f564aa843b587a63f66a) Importer(-1,00000000000000000000000000000000) [PhysX] Initialized MultithreadedTaskDispatcher with 12 workers.
 -> (artifact id: '429a48732a053646a2ef24ac3612d9a8') in 0.012780 seconds
Start importing Assets/ToonyTinyPeople/TT_RTS/TT_RTS_Standard/models/extras/weapons/shield_15.FBX using Guid(4da3478bd3ea6ef499f941bfad06cb79) Importer(-1,00000000000000000000000000000000) [PhysX] Initialized MultithreadedTaskDispatcher with 12 workers.
 -> (artifact id: '85ac036ce0ab196c6c3796a81fb62f1a') in 0.012696 seconds
Start importing Assets/ToonyTinyPeople/TT_RTS/TT_RTS_Standard/animation/animation_cavalry/cavalry_spear_B/cav_spear_B_05_damage.FBX using Guid(4db5deed7bd69b940801b268c31151db) Importer(-1,00000000000000000000000000000000) [PhysX] Initialized MultithreadedTaskDispatcher with 12 workers.
Keyframe reduction: Ratio: 30.810472%;
 -> (artifact id: 'b87629072763a58841e921a7241f5cc5') in 0.034928 seconds
Start importing Assets/ToonyTinyPeople/TT_RTS/TT_RTS_Standard/models/extras/weapons/shield_08.FBX using Guid(5d2d6c82c7a482c49a759d56b9bd7ef0) Importer(-1,00000000000000000000000000000000) [PhysX] Initialized MultithreadedTaskDispatcher with 12 workers.
 -> (artifact id: 'a52217c4c4d9bd1165d97ea66c7fffc0') in 0.013895 seconds
Start importing Assets/ToonyTinyPeople/TT_RTS/TT_RTS_Standard/models/extras/weapons/w_hammer.FBX using Guid(5d9f0a57a29a0df43bf74404297425e0) Importer(-1,00000000000000000000000000000000) [PhysX] Initialized MultithreadedTaskDispatcher with 12 workers.
 -> (artifact id: 'a1fce588264e6bbc27c2a588ccde1f5c') in 0.013162 seconds
Start importing Assets/ToonyTinyPeople/TT_RTS/TT_RTS_Standard/models/extras/heads/Head_08e.FBX using Guid(6d8218b9e877fc5428c725dad83a4b62) Importer(-1,00000000000000000000000000000000) [PhysX] Initialized MultithreadedTaskDispatcher with 12 workers.
 -> (artifact id: 'a4cee56dce66b0f7010f271113094a54') in 0.013402 seconds
Start importing Assets/ToonyTinyPeople/TT_RTS/TT_RTS_Standard/models/buildings/Wall_B_wall.FBX using Guid(6dc5d495c37d65043b022964d98631b9) Importer(-1,00000000000000000000000000000000) [PhysX] Initialized MultithreadedTaskDispatcher with 12 workers.
 -> (artifact id: '8fa7918413888992213ef8879788fc46') in 0.012156 seconds
Start importing Assets/ToonyTinyPeople/TT_RTS/TT_RTS_Standard/models/extras/heads/Head_12a.FBX using Guid(6df5869436d93234ea44699bba10cbfc) Importer(-1,00000000000000000000000000000000) [PhysX] Initialized MultithreadedTaskDispatcher with 12 workers.
 -> (artifact id: '6db1e9b1e3f6a877d2fa88cfbe3c61fc') in 0.013454 seconds
Start importing Assets/ToonyTinyPeople/TT_RTS/TT_RTS_Standard/models/extras/heads/Head_09d.FBX using Guid(7dbac7ad7b6fc03478a291ee7dfe35cf) Importer(-1,00000000000000000000000000000000) [PhysX] Initialized MultithreadedTaskDispatcher with 12 workers.
 -> (artifact id: 'a3a46e9c952e50962db58f2294629c65') in 0.014245 seconds
Start importing Assets/ToonyTinyPeople/TT_RTS/TT_RTS_Standard/models/extras/weapons/shield_23.FBX using Guid(7d1d279ec7c561c4b8fcd9a601f3b166) Importer(-1,00000000000000000000000000000000) [PhysX] Initialized MultithreadedTaskDispatcher with 12 workers.
 -> (artifact id: '5cf4692e2a7db36005355958aa75fac1') in 0.013510 seconds
Start importing Assets/ToonyTinyPeople/TT_RTS/TT_RTS_Standard/models/extras/heads/Head_09e.FBX using Guid(8dd731b1af6552e428302e529b495084) Importer(-1,00000000000000000000000000000000) [PhysX] Initialized MultithreadedTaskDispatcher with 12 workers.
 -> (artifact id: '2f62705065a4ff595e2bd95ae01ad980') in 0.013802 seconds
Start importing Assets/ToonyTinyPeople/TT_RTS/TT_RTS_Standard/animation/animation_cavalry/cavalry_archer/cav_archer_02_walk.FBX using Guid(8de80c8d26374dd419598d17cde72f23) Importer(-1,00000000000000000000000000000000) [PhysX] Initialized MultithreadedTaskDispatcher with 12 workers.
Keyframe reduction: Ratio: 25.251013%;
 -> (artifact id: 'b45a7cfcbd10f1e835918e8b8d3f6d1f') in 0.036282 seconds
Start importing Assets/ToonyTinyPeople/TT_RTS/TT_RTS_Standard/animation/animation_machines/Ram/ram_03_attack.FBX using Guid(8d599a1d36bf80b4495953ef62dbb050) Importer(-1,00000000000000000000000000000000) [PhysX] Initialized MultithreadedTaskDispatcher with 12 workers.
Keyframe reduction: Ratio: 16.082281%;
 -> (artifact id: 'c48f991c7026b868c1e7da99846dd695') in 0.017541 seconds
Start importing Assets/ToonyTinyPeople/TT_RTS/TT_RTS_Standard/models/extras/weapons/w_sword_B.FBX using Guid(9dd7d7aeeef8a834dab7f97bf77dec7e) Importer(-1,00000000000000000000000000000000) [PhysX] Initialized MultithreadedTaskDispatcher with 12 workers.
 -> (artifact id: 'c15334408afdf524f1e45b53a8b69eb1') in 0.013327 seconds
Start importing Assets/SimpleNaturePack/Models/Grass_01.fbx using Guid(ad3119cbd6dce024e8460ef32dec49df) Importer(-1,00000000000000000000000000000000) [PhysX] Initialized MultithreadedTaskDispatcher with 12 workers.
 -> (artifact id: 'fd667982139844b8b2296f9ed38d151e') in 0.012918 seconds
Start importing Assets/ToonyTinyPeople/TT_RTS/TT_RTS_Standard/animation/animation_cavalry/cavalry_staff/cav_staff_04_attack.FBX using Guid(ad9e42ea78d0e944d8002e8e45dae882) Importer(-1,00000000000000000000000000000000) [PhysX] Initialized MultithreadedTaskDispatcher with 12 workers.
Keyframe reduction: Ratio: 25.443279%;
 -> (artifact id: 'a630b6eff16947c4f3477f4f2c9adedf') in 0.042324 seconds
Start importing Assets/ToonyTinyPeople/TT_RTS/TT_RTS_Standard/animation/animation_cavalry/cavalry_crossbow/cav_crossbow_04_attack.FBX using Guid(bd8458a7280f17a49b36a85d9d435d3f) Importer(-1,00000000000000000000000000000000) [PhysX] Initialized MultithreadedTaskDispatcher with 12 workers.
Keyframe reduction: Ratio: 24.588758%;
 -> (artifact id: '95182e545cbf17213ba831228487c106') in 0.035740 seconds
Start importing Assets/ToonyTinyPeople/TT_RTS/TT_RTS_Standard/models/extras/heads/Head_03c.FBX using Guid(bdd52572810bb5b43a1ac7c13a9ce167) Importer(-1,00000000000000000000000000000000) [PhysX] Initialized MultithreadedTaskDispatcher with 12 workers.
 -> (artifact id: 'c46567f0990f031e8e3d1b7cce916f35') in 0.011140 seconds
Start importing Assets/ToonyTinyPeople/TT_RTS/TT_RTS_Standard/models/extras/weapons/w_warhammer.FBX using Guid(cdc5489891847584b84ba9fa642f8d62) Importer(-1,00000000000000000000000000000000) [PhysX] Initialized MultithreadedTaskDispatcher with 12 workers.
 -> (artifact id: 'b3c5faca3b850ab3b00e07e9e442a1e2') in 0.012882 seconds
Start importing Assets/ToonyTinyPeople/TT_RTS/TT_RTS_Standard/animation/animation_infantry/Shield/shield_05_damage.FBX using Guid(dd91f49bb1870a843b0ce0e064e87045) Importer(-1,00000000000000000000000000000000) [PhysX] Initialized MultithreadedTaskDispatcher with 12 workers.
Keyframe reduction: Ratio: 33.368095%;
 -> (artifact id: '0f368cda73be2b011769d9c07629154a') in 0.025100 seconds
Start importing Assets/ToonyTinyPeople/TT_RTS/TT_RTS_Standard/animation/animation_infantry/Archer/archer_06_death_B.FBX using Guid(edb2cc99c5715234c8cc28ec7ed91695) Importer(-1,00000000000000000000000000000000) [PhysX] Initialized MultithreadedTaskDispatcher with 12 workers.
Keyframe reduction: Ratio: 31.827227%;
 -> (artifact id: '01f37567f046a933e94d01db2202b72c') in 0.025467 seconds
Start importing Assets/ToonyTinyPeople/TT_RTS/TT_RTS_Standard/animation/animation_infantry/Infantry/infantry_01_idle.FBX using Guid(ed5efca8bebba864d9f5d5b20196c94b) Importer(-1,00000000000000000000000000000000) [PhysX] Initialized MultithreadedTaskDispatcher with 12 workers.
Keyframe reduction: Ratio: 6.607217%;
 -> (artifact id: '7571f87163b462b6aec3765490a19f7c') in 0.033116 seconds
Start importing Assets/ToonyTinyPeople/TT_RTS/TT_RTS_Standard/animation/animation_machines/Ballista/ballista_01_idle.FBX using Guid(fd562e307074c904fa72d08e1593294d) Importer(-1,00000000000000000000000000000000) [PhysX] Initialized MultithreadedTaskDispatcher with 12 workers.
Keyframe reduction: Ratio: 94.155846%;
 -> (artifact id: '0ef9cf7d8d492c0a0cc7137a8ce28c00') in 0.018212 seconds
Start importing Assets/ToonyTinyPeople/TT_RTS/TT_RTS_Standard/animation/animation_cavalry/cavalry_spear_A/cav_spear_A_02_walk_rm.FBX using Guid(fdfee782840e8a7459371ae22f8ea2d4) Importer(-1,00000000000000000000000000000000) [PhysX] Initialized MultithreadedTaskDispatcher with 12 workers.
Keyframe reduction: Ratio: 27.985468%;
 -> (artifact id: 'de1562432e2b471e0d8ee9664530b992') in 0.054210 seconds
Start importing Assets/ToonyTinyPeople/TT_RTS/TT_RTS_Standard/animation/animation_infantry/Infantry/infantry_03_run_rm.FBX using Guid(0e27e26992920374e895c5c2b1c41383) Importer(-1,00000000000000000000000000000000) [PhysX] Initialized MultithreadedTaskDispatcher with 12 workers.
Keyframe reduction: Ratio: 39.902683%;
 -> (artifact id: 'f7b5e5e50a0c0a5ddb3740ca1cb70506') in 0.030048 seconds
Start importing Assets/ToonyTinyPeople/TT_RTS/TT_RTS_Standard/models/buildings/construction/Tower_B_1.FBX using Guid(1e99ddaf9b6c01949bda36d1292dce52) Importer(-1,00000000000000000000000000000000) [PhysX] Initialized MultithreadedTaskDispatcher with 12 workers.
 -> (artifact id: '5038417ac9c47e26ff2d6833099ccfec') in 0.013212 seconds
Start importing Assets/ToonyTinyPeople/TT_RTS/TT_RTS_Standard/models/extras/heads/Head_10g.FBX using Guid(2eb13f8ee2000ce459109737374af516) Importer(-1,00000000000000000000000000000000) [PhysX] Initialized MultithreadedTaskDispatcher with 12 workers.
 -> (artifact id: 'bc5f8b3a7a9ce6876a8daaacefe4003a') in 0.013739 seconds
Start importing Assets/ToonyTinyPeople/TT_RTS/TT_RTS_Standard/models/extras/heads/Head_05a.FBX using Guid(2e950450a8ca4f647acd6b2cce3083e1) Importer(-1,00000000000000000000000000000000) [PhysX] Initialized MultithreadedTaskDispatcher with 12 workers.
 -> (artifact id: '59d14b70255dde68a3ad864642806fed') in 0.014527 seconds
Start importing Assets/ToonyTinyPeople/TT_RTS/TT_RTS_Standard/animation/animation_machines/Catapult/catapult_02_move.FBX using Guid(2e9886c9fa545b6459be3ea5ee57520d) Importer(-1,00000000000000000000000000000000) [PhysX] Initialized MultithreadedTaskDispatcher with 12 workers.
Keyframe reduction: Ratio: 6.651885%;
 -> (artifact id: 'e9637bd1a7d3691ce6d319089a3eb79b') in 0.018814 seconds
Start importing Assets/ToonyTinyPeople/TT_RTS/TT_RTS_Standard/animation/animation_infantry/Infantry/infantry_04_attack_B.FBX using Guid(2eff314cde206bb4eb0a5715561aa6fe) Importer(-1,00000000000000000000000000000000) [PhysX] Initialized MultithreadedTaskDispatcher with 12 workers.
Keyframe reduction: Ratio: 27.118374%;
 -> (artifact id: '1a9a7b8c057c8106c925883ea8d6dbbe') in 0.026947 seconds
Start importing Assets/ToonyTinyPeople/TT_RTS/TT_RTS_Standard/animation/animation_infantry/TwoHanded/twohanded_03_run.FBX using Guid(3e26d22a6afd2244a9c4ecaf6b9adf6e) Importer(-1,00000000000000000000000000000000) [PhysX] Initialized MultithreadedTaskDispatcher with 12 workers.
Keyframe reduction: Ratio: 38.234276%;
 -> (artifact id: '781d96f4a298540324208b56cd80319e') in 0.023086 seconds
Start importing Assets/ToonyTinyPeople/TT_RTS/TT_RTS_Standard/models/extras/weapons/shield_01.FBX using Guid(3ec906141554d844a94438b2d31eaa06) Importer(-1,00000000000000000000000000000000) [PhysX] Initialized MultithreadedTaskDispatcher with 12 workers.
 -> (artifact id: '57c1736e3a41c04b9d350d6a780cfb2a') in 0.012537 seconds
Start importing Assets/ToonyTinyPeople/TT_RTS/TT_RTS_Standard/animation/animation_cavalry/cavalry_archer/cav_archer_03_run.FBX using Guid(5e14f4222e0ff064b8a6a7e77779eafe) Importer(-1,00000000000000000000000000000000) [PhysX] Initialized MultithreadedTaskDispatcher with 12 workers.
Keyframe reduction: Ratio: 28.344372%;
 -> (artifact id: 'eee20730a248955c4b1c149ca191e4d9') in 0.035004 seconds
Start importing Assets/ToonyTinyPeople/TT_RTS/TT_RTS_Standard/models/extras/weapons/shield_07.FBX using Guid(5e4a24739b3e2694097dc27d183f12ff) Importer(-1,00000000000000000000000000000000) [PhysX] Initialized MultithreadedTaskDispatcher with 12 workers.
 -> (artifact id: '496cae6fe9d0b91351da8bc3adb69fe8') in 0.014600 seconds
Start importing Assets/ToonyTinyPeople/TT_RTS/TT_RTS_Standard/models/buildings/construction/Wall_A_gate_0.FBX using Guid(5e5b7457c68ebd447b8a03dd55c4f660) Importer(-1,00000000000000000000000000000000) [PhysX] Initialized MultithreadedTaskDispatcher with 12 workers.
 -> (artifact id: '66f3eae9e32085491b6853631d9f8486') in 0.015608 seconds
Start importing Assets/ToonyTinyPeople/TT_RTS/TT_RTS_Standard/models/extras/heads/Head_07d.FBX using Guid(5eab929b23479fb48b2ac340003906e2) Importer(-1,00000000000000000000000000000000) [PhysX] Initialized MultithreadedTaskDispatcher with 12 workers.
 -> (artifact id: '4bb05ca5051c0ab6be2c3fea9de7f35b') in 0.014772 seconds
Start importing Assets/ToonyTinyPeople/TT_RTS/TT_RTS_Standard/models/buildings/animation/wall_A_gate/wall_A_idle_open.FBX using Guid(6e49acaff05d52648a79e9c4ca914945) Importer(-1,00000000000000000000000000000000) [PhysX] Initialized MultithreadedTaskDispatcher with 12 workers.
Keyframe reduction: Ratio: 18.181818%;
 -> (artifact id: '5f01e3773bc700c76a61adf56874bdf7') in 0.014557 seconds
Start importing Assets/ToonyTinyPeople/TT_RTS/TT_RTS_standard_demo/animations/infantry_01_idle.FBX using Guid(8e04b4eaa3d99434b97190cb68f0f3bf) Importer(-1,00000000000000000000000000000000) [PhysX] Initialized MultithreadedTaskDispatcher with 12 workers.
Keyframe reduction: Ratio: 6.324322%;
 -> (artifact id: '9bad5c60c42c71fc5a81ca34a8e4c45b') in 0.033062 seconds
Start importing Assets/SimpleNaturePack/Models/Flowers_02.fbx using Guid(8ea980fdc4aa5e749b000c1a0d4b9bbc) Importer(-1,00000000000000000000000000000000) [PhysX] Initialized MultithreadedTaskDispatcher with 12 workers.
 -> (artifact id: '3a57bfaa9d4d5ede9deb2ac9c03803ed') in 0.014061 seconds
Start importing Assets/ToonyTinyPeople/TT_RTS/TT_RTS_Standard/models/buildings/Granary.FBX using Guid(aec20226064bbcc4d850e8da90e49a4b) Importer(-1,00000000000000000000000000000000) [PhysX] Initialized MultithreadedTaskDispatcher with 12 workers.
 -> (artifact id: '11da142885ce6cf181d4d0ad608349a9') in 0.014332 seconds
Start importing Assets/ToonyTinyPeople/TT_RTS/TT_RTS_Standard/models/extras/weapons/w_TH_warhammer_B.FBX using Guid(ae980ff603b14bc4ea49e0edb37c9b4e) Importer(-1,00000000000000000000000000000000) [PhysX] Initialized MultithreadedTaskDispatcher with 12 workers.
 -> (artifact id: 'cb71c7667054aabe8fd93bc835eb52da') in 0.012297 seconds
Start importing Assets/ToonyTinyPeople/TT_RTS/TT_RTS_Standard/models/buildings/construction/Wall_B_gate_1.FBX using Guid(ce3301c5c5de86444b56186a86dabcdc) Importer(-1,00000000000000000000000000000000) [PhysX] Initialized MultithreadedTaskDispatcher with 12 workers.
 -> (artifact id: '09408aa2282ae67a91814b109e9104ca') in 0.013465 seconds
Start importing Assets/ToonyTinyPeople/TT_RTS/TT_RTS_Standard/models/buildings/construction/Tower_A_0.FBX using Guid(ce8b6056e281f7c40b4f6f25ef610477) Importer(-1,00000000000000000000000000000000) [PhysX] Initialized MultithreadedTaskDispatcher with 12 workers.
 -> (artifact id: '29efa06152bc42dcf6c44ec15a8c1158') in 0.012819 seconds
Start importing Assets/ToonyTinyPeople/TT_RTS/TT_RTS_Standard/models/buildings/construction/Wall_B_1x1_1.FBX using Guid(ce6dff553694e2642aea821b694800b3) Importer(-1,00000000000000000000000000000000) [PhysX] Initialized MultithreadedTaskDispatcher with 12 workers.
 -> (artifact id: '8c0cee32f06c9c243d1c79443605a23f') in 0.014666 seconds
Start importing Assets/ToonyTinyPeople/TT_RTS/TT_RTS_Standard/models/extras/heads/Head_04d.FBX using Guid(de4238ed603f2ff41869225c736e53ff) Importer(-1,00000000000000000000000000000000) [PhysX] Initialized MultithreadedTaskDispatcher with 12 workers.
 -> (artifact id: '2a8cdf031a9cdb874952d31861109199') in 0.013907 seconds
Start importing Assets/ToonyTinyPeople/TT_RTS/TT_RTS_Standard/models/buildings/construction/Workshop_1.FBX using Guid(de6238c57a8f0ac478c92903b1b153cc) Importer(-1,00000000000000000000000000000000) [PhysX] Initialized MultithreadedTaskDispatcher with 12 workers.
 -> (artifact id: 'f758438dd525a1ea9aadf42b819b8536') in 0.014885 seconds
Start importing Assets/ToonyTinyPeople/TT_RTS/TT_RTS_Standard/models/buildings/construction/Castle_0.FBX using Guid(ee920d8c79ea3684abbabe92ec16e8c4) Importer(-1,00000000000000000000000000000000) [PhysX] Initialized MultithreadedTaskDispatcher with 12 workers.
 -> (artifact id: 'ab4ef17d507d2e649ed7d758eac992e2') in 0.014562 seconds
Start importing Assets/ToonyTinyPeople/TT_RTS/TT_RTS_Standard/animation/animation_cavalry/cavalry_crossbow/cav_crossbow_06_death_A.FBX using Guid(ee5b2d6c1a8b5c4458bf9bc2747270ee) Importer(-1,00000000000000000000000000000000) [PhysX] Initialized MultithreadedTaskDispatcher with 12 workers.
Keyframe reduction: Ratio: 30.177893%;
 -> (artifact id: '1612938a5e4e218993d56c930a926311') in 0.042527 seconds
Start importing Assets/ToonyTinyPeople/TT_RTS/TT_RTS_Standard/animation/animation_infantry/TwoHanded/twohanded_01_idle.FBX using Guid(ee2d211244aad6943b091b16a3d94a27) Importer(-1,00000000000000000000000000000000) [PhysX] Initialized MultithreadedTaskDispatcher with 12 workers.
Keyframe reduction: Ratio: 4.869976%;
 -> (artifact id: 'a26672e771d1a593fc84a2a0fd43f6ad') in 0.034905 seconds
Start importing Assets/ToonyTinyPeople/TT_RTS/TT_RTS_Standard/models/extras/heads/Head_08c.FBX using Guid(feb57c01dfed0e94dbcdb7b4b04693bd) Importer(-1,00000000000000000000000000000000) [PhysX] Initialized MultithreadedTaskDispatcher with 12 workers.
 -> (artifact id: '6bf08d0d0e5b59da95644a7a7d6ade86') in 0.014363 seconds
Start importing Assets/ToonyTinyPeople/TT_RTS/TT_RTS_Standard/animation/animation_machines/Cart/cart_03_death.FBX using Guid(fe26a54daa88a52439fa9ab78f5efa73) Importer(-1,00000000000000000000000000000000) [PhysX] Initialized MultithreadedTaskDispatcher with 12 workers.
Keyframe reduction: Ratio: 37.230129%;
 -> (artifact id: 'f2d69a351b3b3cc7b03ec9ecc127c3df') in 0.047840 seconds
Start importing Assets/ToonyTinyPeople/TT_RTS/TT_RTS_Standard/animation/animation_infantry/Staff/staff_01_idle.FBX using Guid(0f32bec07db70154dacf4fbc48ecf254) Importer(-1,00000000000000000000000000000000) [PhysX] Initialized MultithreadedTaskDispatcher with 12 workers.
Keyframe reduction: Ratio: 6.539425%;
 -> (artifact id: 'c4887367dba67c117e6d0dab857a055b') in 0.034402 seconds
Start importing Assets/ToonyTinyPeople/TT_RTS/TT_RTS_Standard/animation/animation_infantry/Spear_shield/spearshield_02_walk_rm.FBX using Guid(1f063aa9d4aef144b84641f36528efe4) Importer(-1,00000000000000000000000000000000) [PhysX] Initialized MultithreadedTaskDispatcher with 12 workers.
Keyframe reduction: Ratio: 29.449745%;
 -> (artifact id: 'b78f249ff565d8e99596b6001b707546') in 0.022804 seconds
Start importing Assets/ToonyTinyPeople/TT_RTS/TT_RTS_Standard/models/buildings/construction/TownHall_1.FBX using Guid(1fa72418f34eb6d42adaa061aa64c0d9) Importer(-1,00000000000000000000000000000000) [PhysX] Initialized MultithreadedTaskDispatcher with 12 workers.
 -> (artifact id: 'a540b895eb91894c48ae54ffbc238cc7') in 0.014425 seconds
Start importing Assets/ToonyTinyPeople/TT_RTS/TT_RTS_Standard/models/buildings/animation/wall_A_gate/wall_A_gate_close.FBX using Guid(1f4af3f8042a7d3418aa9e0d57c7a936) Importer(-1,00000000000000000000000000000000) [PhysX] Initialized MultithreadedTaskDispatcher with 12 workers.
Keyframe reduction: Ratio: 12.985663%;
 -> (artifact id: '024b71cc9dc4799dbdac8b719eb64465') in 0.013392 seconds
Start importing Assets/ToonyTinyPeople/TT_RTS/TT_RTS_Standard/animation/animation_infantry/Archer/archer_04_attack_A.FBX using Guid(2f2a39086989dc44b8d626d1c663ed0d) Importer(-1,00000000000000000000000000000000) [PhysX] Initialized MultithreadedTaskDispatcher with 12 workers.
Keyframe reduction: Ratio: 27.165976%;
 -> (artifact id: '5f0298525ef6cf638c06369500d1ae93') in 0.024188 seconds
Start importing Assets/ToonyTinyPeople/TT_RTS/TT_RTS_Standard/models/extras/weapons/shield_19.FBX using Guid(3f119e251c4572349a1c65613daffc68) Importer(-1,00000000000000000000000000000000) [PhysX] Initialized MultithreadedTaskDispatcher with 12 workers.
 -> (artifact id: '3d50716fb247544d6ff6589fa73fe56b') in 0.011721 seconds
Start importing Assets/ToonyTinyPeople/TT_RTS/TT_RTS_Standard/models/extras/heads/Head_09g.FBX using Guid(3fb88ada81e427847b3dfd1efda02092) Importer(-1,00000000000000000000000000000000) [PhysX] Initialized MultithreadedTaskDispatcher with 12 workers.
 -> (artifact id: '003b23caf60d032ce93f674c80fc040c') in 0.013267 seconds
Start importing Assets/ToonyTinyPeople/TT_RTS/TT_RTS_Standard/models/extras/heads/Head_04a.FBX using Guid(3fccb2fee7db0b64a9ba3835cfe46a33) Importer(-1,00000000000000000000000000000000) [PhysX] Initialized MultithreadedTaskDispatcher with 12 workers.
 -> (artifact id: '63569039a7d0034223a4046e7b7a3597') in 0.012344 seconds
Start importing Assets/ToonyTinyPeople/TT_RTS/TT_RTS_Standard/models/buildings/construction/Library_0.FBX using Guid(3fae66635eefa35409bdeb9bcad140ff) Importer(-1,00000000000000000000000000000000) [PhysX] Initialized MultithreadedTaskDispatcher with 12 workers.
 -> (artifact id: 'b5713aae3122fc459250c813912144b1') in 0.012647 seconds
Start importing Assets/ToonyTinyPeople/TT_RTS/TT_RTS_Standard/models/buildings/construction/Workshop_0.FBX using Guid(4f825c353b2346344a464e665e8a8f59) Importer(-1,00000000000000000000000000000000) [PhysX] Initialized MultithreadedTaskDispatcher with 12 workers.
 -> (artifact id: '14142235dd347981824dfdc2d0e265e8') in 0.011684 seconds
Start importing Assets/ToonyTinyPeople/TT_RTS/TT_RTS_Standard/models/extras/weapons/w_cav_lance_C.FBX using Guid(4fd38ba9441bf3549a0346eef501310b) Importer(-1,00000000000000000000000000000000) [PhysX] Initialized MultithreadedTaskDispatcher with 12 workers.
 -> (artifact id: 'bc271af85cfd8cb0d8f728bb9745f82e') in 0.012258 seconds
Start importing Assets/ToonyTinyPeople/TT_RTS/TT_RTS_Standard/models/extras/banners/animation/banner_idle_static.FBX using Guid(4fae56cd6e9582f4899d577542609a61) Importer(-1,00000000000000000000000000000000) [PhysX] Initialized MultithreadedTaskDispatcher with 12 workers.
Keyframe reduction: Ratio: 18.181818%;
 -> (artifact id: '9b2c3d70199e655b6d7d76957df4a670') in 0.012695 seconds
Start importing Assets/ToonyTinyPeople/TT_RTS/TT_RTS_Standard/models/extras/weapons/w_maul_B.FBX using Guid(5f60ec6e0fa01e44290011425318f65f) Importer(-1,00000000000000000000000000000000) [PhysX] Initialized MultithreadedTaskDispatcher with 12 workers.
 -> (artifact id: '82193a06276df8aa3a7c5ca031eb5df2') in 0.011398 seconds
Start importing Assets/ToonyTinyPeople/TT_RTS/TT_RTS_standard_demo/animations/infantry_03_run.FBX using Guid(5f012bc0155eb0d4082479ce0d176019) Importer(-1,00000000000000000000000000000000) [PhysX] Initialized MultithreadedTaskDispatcher with 12 workers.
Keyframe reduction: Ratio: 38.592751%;
 -> (artifact id: '37aac6db810c98ba126f524223af8049') in 0.021298 seconds
Start importing Assets/ToonyTinyPeople/TT_RTS/TT_RTS_Standard/animation/animation_cavalry/cavalry/cavalry_01_idle.FBX using Guid(6f0078540aab4704e81fddf16331a814) Importer(-1,00000000000000000000000000000000) [PhysX] Initialized MultithreadedTaskDispatcher with 12 workers.
Keyframe reduction: Ratio: 13.736802%;
 -> (artifact id: 'd8f922f860cea29d9c033a0873efc33c') in 0.036867 seconds
Start importing Assets/ToonyTinyPeople/TT_RTS/TT_RTS_Standard/models/extras/heads/Head_10e.FBX using Guid(6f2048680d922da45b1aeb8e5eac605f) Importer(-1,00000000000000000000000000000000) [PhysX] Initialized MultithreadedTaskDispatcher with 12 workers.
 -> (artifact id: '729ac87b5e21b91ccf1b7d5110706aaa') in 0.013156 seconds
Start importing Assets/ToonyTinyPeople/TT_RTS/TT_RTS_Standard/models/extras/weapons/w_axe_D.FBX using Guid(6f24b1d0178cb534f956939c867fb99e) Importer(-1,00000000000000000000000000000000) [PhysX] Initialized MultithreadedTaskDispatcher with 12 workers.
 -> (artifact id: '18827b569d7ef4316c18bbf8c40a5ec9') in 0.011609 seconds
Start importing Assets/ToonyTinyPeople/TT_RTS/TT_RTS_Standard/models/extras/heads/Head_08g.FBX using Guid(6fae050828f4eae498c9b78cc6d6379f) Importer(-1,00000000000000000000000000000000) [PhysX] Initialized MultithreadedTaskDispatcher with 12 workers.
 -> (artifact id: '5dbf44e8fceecfa7e00bd16e2927660a') in 0.011336 seconds
Start importing Assets/ToonyTinyPeople/TT_RTS/TT_RTS_Standard/models/buildings/construction/Keep_0.FBX using Guid(9f1a76b274a57c841b1aa03e7c5e5200) Importer(-1,00000000000000000000000000000000) [PhysX] Initialized MultithreadedTaskDispatcher with 12 workers.
 -> (artifact id: 'aed51124ff16d50934eb02006f8e744e') in 0.013404 seconds
Start importing Assets/ToonyTinyPeople/TT_RTS/TT_RTS_Standard/models/extras/weapons/w_mace_B.FBX using Guid(9fad9cf2e3378fc4f831b5c30eafa2cb) Importer(-1,00000000000000000000000000000000) [PhysX] Initialized MultithreadedTaskDispatcher with 12 workers.
 -> (artifact id: 'e83e467413ce994e39112748f6fe2515') in 0.012004 seconds
Start importing Assets/ToonyTinyPeople/TT_RTS/TT_RTS_Standard/FX/meshes/FX_wreck_D.FBX using Guid(9ffff138dd178624cb64e37ac66baa31) Importer(-1,00000000000000000000000000000000) [PhysX] Initialized MultithreadedTaskDispatcher with 12 workers.
 -> (artifact id: '258c99e847cddd3a182f1503912b6094') in 0.011752 seconds
Start importing Assets/ToonyTinyPeople/TT_RTS/TT_RTS_Standard/animation/animation_cavalry/cavalry_staff/cav_staff_06_death_A.FBX using Guid(af05d5481c4396e4885b9a72f3f8d215) Importer(-1,00000000000000000000000000000000) [PhysX] Initialized MultithreadedTaskDispatcher with 12 workers.
Keyframe reduction: Ratio: 30.866108%;
 -> (artifact id: '7e79fc14341391036b575083352e1376') in 0.035194 seconds
Start importing Assets/ToonyTinyPeople/TT_RTS/TT_RTS_Standard/animation/animation_cavalry/cavalry_spear_B/cav_spear_B_02_walk.FBX using Guid(bfd3a310941ba5c429720eb65deefc7b) Importer(-1,00000000000000000000000000000000) [PhysX] Initialized MultithreadedTaskDispatcher with 12 workers.
Keyframe reduction: Ratio: 25.251011%;
 -> (artifact id: '96d8eeca3fa8512e19b9ff56b99a1cba') in 0.032409 seconds
Start importing Assets/ToonyTinyPeople/TT_RTS/TT_RTS_Standard/animation/animation_infantry/Spear/spear_02_walk_rm.FBX using Guid(cf8262f83be73da4d9a20ba4574d147a) Importer(-1,00000000000000000000000000000000) [PhysX] Initialized MultithreadedTaskDispatcher with 12 workers.
Keyframe reduction: Ratio: 30.941446%;
 -> (artifact id: '2475b6ce0be25f081b0c4e1391f5d44c') in 0.023842 seconds
Start importing Assets/ToonyTinyPeople/TT_RTS/TT_RTS_Standard/models/units/TT_RTS_Cavalry_customizable.FBX using Guid(cf2f4f48c57855a4faee32e736b71983) Importer(-1,00000000000000000000000000000000) [PhysX] Initialized MultithreadedTaskDispatcher with 12 workers.
 -> (artifact id: '6306e85377973a0010998551dc03a228') in 0.189979 seconds
Start importing Assets/ToonyTinyPeople/TT_RTS/TT_RTS_Standard/models/buildings/construction/Wall_A_1x1_0.FBX using Guid(ef28b3db6e79dcc459373be2744bc41d) Importer(-1,00000000000000000000000000000000) [PhysX] Initialized MultithreadedTaskDispatcher with 12 workers.
 -> (artifact id: '672f985683d3c706233baf69247af610') in 0.011719 seconds
Start importing Assets/ToonyTinyPeople/TT_RTS/TT_RTS_Standard/animation/animation_infantry/Crossbow/crossbow_02_walk_rm.FBX using Guid(ffb02497abfd563468b1f95ed33b780d) Importer(-1,00000000000000000000000000000000) [PhysX] Initialized MultithreadedTaskDispatcher with 12 workers.
Keyframe reduction: Ratio: 30.039301%;
 -> (artifact id: '213f2b9dd59698d060a8cc33aa961f77') in 0.025079 seconds
Start importing Assets/ToonyTinyPeople/TT_RTS/TT_RTS_Standard/sample_scene/animation_samples/sample_cavalry.controller using Guid(44ba79522e94b4f48ac1ceace8d26bb8) Importer(-1,00000000000000000000000000000000) [PhysX] Initialized MultithreadedTaskDispatcher with 12 workers.
 -> (artifact id: '0bfd300a94be0bd4cbd525d74a9b9ba4') in 0.002838 seconds
Start importing Assets/ToonyTinyPeople/TT_RTS/TT_RTS_Standard/sample_scene/animation_samples/sample_cavalry_spear.controller using Guid(447e6463d0259d84c9d79fc226c47d32) Importer(-1,00000000000000000000000000000000) [PhysX] Initialized MultithreadedTaskDispatcher with 12 workers.
 -> (artifact id: '56b174243bad3328ac630142332b91c4') in 0.002188 seconds
Start importing Assets/ToonyTinyPeople/TT_RTS/TT_RTS_Standard/sample_scene/animation_samples/sample_mounted_archer.controller using Guid(a42d22f21c52d9948a13c9e169661461) Importer(-1,00000000000000000000000000000000) [PhysX] Initialized MultithreadedTaskDispatcher with 12 workers.
 -> (artifact id: '8a7598e34654035d80468deca4bb0aa1') in 0.002399 seconds
Start importing Assets/ToonyTinyPeople/TT_RTS/TT_RTS_Standard/sample_scene/animation_samples/sample_archer.controller using Guid(1545ba011c3a4264faea258a66e0295f) Importer(-1,00000000000000000000000000000000) [PhysX] Initialized MultithreadedTaskDispatcher with 12 workers.
 -> (artifact id: 'fba54566ffa99ba184484bf3ace984ce') in 0.002063 seconds
Start importing Assets/ToonyTinyPeople/TT_RTS/TT_RTS_Standard/sample_scene/animation_samples/sample_shield.controller using Guid(f5a5df21e2ce72749aab436d5667e57b) Importer(-1,00000000000000000000000000000000) [PhysX] Initialized MultithreadedTaskDispatcher with 12 workers.
 -> (artifact id: '0b4132eb73061b450c7e403b92652b74') in 0.002497 seconds
Start importing Assets/ToonyTinyPeople/TT_RTS/TT_RTS_Standard/sample_scene/animation_samples/sample_settler.controller using Guid(f57efe2d310b06648ba746c8602319bf) Importer(-1,00000000000000000000000000000000) [PhysX] Initialized MultithreadedTaskDispatcher with 12 workers.
 -> (artifact id: '30fa9b911df829cc4a5fb233d0aae745') in 0.002587 seconds
Start importing Assets/ToonyTinyPeople/TT_RTS/TT_RTS_Standard/sample_scene/animation_samples/sample_crossbow.controller using Guid(76a2602d9d10f3d41bfdecbe0d04b2da) Importer(-1,00000000000000000000000000000000) [PhysX] Initialized MultithreadedTaskDispatcher with 12 workers.
 -> (artifact id: 'b080c326cef54a0866314162b4ccab62') in 0.001934 seconds
Start importing Assets/ToonyTinyPeople/TT_RTS/TT_RTS_Standard/sample_scene/animation_samples/sample_two_handed.controller using Guid(d82462a6bd2a4904e96b622dd5b15368) Importer(-1,00000000000000000000000000000000) [PhysX] Initialized MultithreadedTaskDispatcher with 12 workers.
 -> (artifact id: '34d4d32eeeabe6e7167f675de80382b3') in 0.001916 seconds
Start importing Assets/ToonyTinyPeople/TT_RTS/TT_RTS_Standard/sample_scene/animation_samples/sample_infantry.controller using Guid(39164aad5a45b6e4fb8eec7201d8f0ad) Importer(-1,00000000000000000000000000000000) [PhysX] Initialized MultithreadedTaskDispatcher with 12 workers.
 -> (artifact id: 'c9d899669fa3568afc56659c8b21165f') in 0.002088 seconds
Start importing Assets/ToonyTinyPeople/TT_RTS/TT_RTS_Standard/sample_scene/animation_samples/sample_spearman.controller using Guid(2ac9db61b991d454292c421142bec6c3) Importer(-1,00000000000000000000000000000000) [PhysX] Initialized MultithreadedTaskDispatcher with 12 workers.
 -> (artifact id: '70433b7818b9f1062079db98a767e7b1') in 0.002041 seconds
Start importing Assets/ToonyTinyPeople/TT_RTS/TT_RTS_Standard/sample_scene/animation_samples/sample_polearm.controller using Guid(5aab6ade3511ca54b9d8e949eafbe77d) Importer(-1,00000000000000000000000000000000) [PhysX] Initialized MultithreadedTaskDispatcher with 12 workers.
 -> (artifact id: '06ba3daaffbeb2c6b56672206788d0dd') in 0.002689 seconds
Start importing Assets/ToonyTinyPeople/TT_RTS/TT_RTS_Standard/sample_scene/animation_samples/sample_caster.controller using Guid(6cc1b8d08063c0d49a0d0f5218f60005) Importer(-1,00000000000000000000000000000000) [PhysX] Initialized MultithreadedTaskDispatcher with 12 workers.
 -> (artifact id: 'eaddddad3726a8e52d836a0912e3b462') in 0.001948 seconds
Start importing Assets/ToonyTinyPeople/TT_RTS/TT_RTS_Standard/sample_scene/animation_samples/sample_cavalry_caster.controller using Guid(0d1a51af2a7860d4789395db0e04a41d) Importer(-1,00000000000000000000000000000000) [PhysX] Initialized MultithreadedTaskDispatcher with 12 workers.
 -> (artifact id: '3fa3a85893ecabd3ff80c099a58fc5fe') in 0.002049 seconds
Start importing Assets/ToonyTinyPeople/TT_RTS/TT_RTS_standard_demo/sample_scene/sample_infantry.controller using Guid(0d2a25dfb60c5e4479a2490b7db6aba4) Importer(-1,00000000000000000000000000000000) [PhysX] Initialized MultithreadedTaskDispatcher with 12 workers.
 -> (artifact id: '023b7cc0b5675c9ea21dd2630e70717f') in 0.001760 seconds
Start importing Assets/UI Toolkit/PanelSettings.asset using Guid(106843841d5775b42a260f374e6e7756) Importer(-1,00000000000000000000000000000000) [PhysX] Initialized MultithreadedTaskDispatcher with 12 workers.
 -> (artifact id: '19405ed4c3d6283d0287c3e4966cefa5') in 0.005363 seconds
Start importing Assets/_Game/ScriptableObjects/Buildings/ArcherTower.asset using Guid(c274ec99c16b0434b94cdbe973ea492d) Importer(-1,00000000000000000000000000000000) [PhysX] Initialized MultithreadedTaskDispatcher with 12 workers.
 -> (artifact id: '65349570a7a4ab44640f7c7d1deb2223') in 0.001912 seconds
Start importing Assets/_Game/ScriptableObjects/Buildings/CannonTower.asset using Guid(158004d0c4dee364887dae442c8e1bdb) Importer(-1,00000000000000000000000000000000) [PhysX] Initialized MultithreadedTaskDispatcher with 12 workers.
 -> (artifact id: '2c80fa47d42d210ecbfc19f631a48b22') in 0.002201 seconds
Start importing Assets/_Game/ScriptableObjects/Units/Catapult.asset using Guid(268458c95243e714cb736acbec0c8342) Importer(-1,00000000000000000000000000000000) [PhysX] Initialized MultithreadedTaskDispatcher with 12 workers.
 -> (artifact id: '434ce76151f3b157b613683fed73f57c') in 0.001933 seconds
Start importing Assets/_Game/ScriptableObjects/Units/Knight.asset using Guid(56493fcb4a017b24f8b423af486aae08) Importer(-1,00000000000000000000000000000000) [PhysX] Initialized MultithreadedTaskDispatcher with 12 workers.
 -> (artifact id: '23653dee53ab33256269cc6050e0908a') in 0.001565 seconds
Start importing Assets/_Game/ScriptableObjects/Buildings/Barracks.asset using Guid(c6658a2c8895122479e751cf38c08926) Importer(-1,00000000000000000000000000000000) [PhysX] Initialized MultithreadedTaskDispatcher with 12 workers.
 -> (artifact id: '90c3e60dba2feea83279ff3085a282a7') in 0.001661 seconds
Start importing Assets/_Game/ScriptableObjects/Units/Archer.asset using Guid(27542b2837c24284cb4feeafce0b83cd) Importer(-1,00000000000000000000000000000000) [PhysX] Initialized MultithreadedTaskDispatcher with 12 workers.
 -> (artifact id: '3172a26560616009366e65910d83b51d') in 0.001600 seconds
Start importing Assets/_Game/ScriptableObjects/Buildings/Wall.asset using Guid(774d282800fcf6946921009b16fe80dd) Importer(-1,00000000000000000000000000000000) [PhysX] Initialized MultithreadedTaskDispatcher with 12 workers.
 -> (artifact id: '5c6522c2439b5467898e0694c236d49f') in 0.001669 seconds
Start importing Assets/_Game/ScriptableObjects/Stages/Stage01_Tutorial.asset using Guid(879966f4e9541234db40114f9f149fa1) Importer(-1,00000000000000000000000000000000) [PhysX] Initialized MultithreadedTaskDispatcher with 12 workers.
 -> (artifact id: '562d265c9c4eaa206cba27c3d1f2323a') in 0.001818 seconds
Start importing Assets/_Game/ScriptableObjects/Buildings/GoldMine.asset using Guid(484d6a93ba7358c4b900b58f03ebab05) Importer(-1,00000000000000000000000000000000) [PhysX] Initialized MultithreadedTaskDispatcher with 12 workers.
 -> (artifact id: 'a5b78ab8c7d39ed9af0f0e67c4b8ce6d') in 0.001457 seconds
Start importing Assets/_Game/ScriptableObjects/Units/Scout.asset using Guid(f89078d49cdb8c840a86a8df63001438) Importer(-1,00000000000000000000000000000000) [PhysX] Initialized MultithreadedTaskDispatcher with 12 workers.
 -> (artifact id: '58df323844f7b678a0f2fb542cbb876c') in 0.002094 seconds
Start importing Assets/Resources/ToonyRts/ToonyRtsVisualManifest.asset using Guid(aae688c4f7ca3be42a84d6c75e37c695) Importer(-1,00000000000000000000000000000000) [PhysX] Initialized MultithreadedTaskDispatcher with 12 workers.
 -> (artifact id: 'f1fb134db04eba7efce5bd56a0333c79') in 0.005112 seconds
Start importing Assets/_Game/ScriptableObjects/Buildings/Castle.asset using Guid(ea8caeb7430d41243863e47ef683afe9) Importer(-1,00000000000000000000000000000000) [PhysX] Initialized MultithreadedTaskDispatcher with 12 workers.
 -> (artifact id: '2f96ea2bb5d52e20a6f5ee809b5d894d') in 0.001510 seconds
Start importing Assets/_Game/ScriptableObjects/Units/Mage.asset using Guid(3eb9765af2b5a26418045b47b75b1ed4) Importer(-1,00000000000000000000000000000000) [PhysX] Initialized MultithreadedTaskDispatcher with 12 workers.
 -> (artifact id: 'd6f635a84092e261a7d44eb79397773a') in 0.001468 seconds
Start importing Packages/com.unity.modules.subsystems/package.json using Guid(30b312a167534621b316172253b08723) Importer(-1,00000000000000000000000000000000) [PhysX] Initialized MultithreadedTaskDispatcher with 12 workers.
 -> (artifact id: '927191d6bd5c381810aaf18488fc4c42') in 0.001787 seconds
Start importing Packages/com.unity.modules.jsonserialize/package.json using Guid(40bf3cec17fa0b49fe04443c8332d638) Importer(-1,00000000000000000000000000000000) [PhysX] Initialized MultithreadedTaskDispatcher with 12 workers.
 -> (artifact id: 'ab333ab49385357bea0efe2c83a7975b') in 0.001876 seconds
Start importing Packages/com.unity.modules.screencapture/package.json using Guid(80beef77cb19e713c7c2d481b65ed485) Importer(-1,00000000000000000000000000000000) [PhysX] Initialized MultithreadedTaskDispatcher with 12 workers.
 -> (artifact id: '44639893d3ea74df4548d5caaebb3923') in 0.001988 seconds
Start importing Packages/com.unity.modules.cloth/package.json using Guid(906c12bc9cd95d3963c6d58f62522c78) Importer(-1,00000000000000000000000000000000) [PhysX] Initialized MultithreadedTaskDispatcher with 12 workers.
 -> (artifact id: 'f252c58b1b67b38b1b5df1ccfe60ba87') in 0.003104 seconds
Start importing Packages/com.unity.modules.unitywebrequesttexture/package.json using Guid(d0e3ad91972c66f5238f5b9b7d5ae58a) Importer(-1,00000000000000000000000000000000) [PhysX] Initialized MultithreadedTaskDispatcher with 12 workers.
 -> (artifact id: '5fc8082c322e7c8ec924a76df884079f') in 0.002091 seconds
Start importing Packages/com.unity.ugui/README.md using Guid(e0ae6629cc70b514889df37fccb76832) Importer(-1,00000000000000000000000000000000) [PhysX] Initialized MultithreadedTaskDispatcher with 12 workers.
 -> (artifact id: '127835ff37b26214b63af60619ac1f3f') in 0.002026 seconds
Start importing Packages/com.unity.modules.ai/package.json using Guid(f0f13f2ab3d6d13cfc6e4656824bfca8) Importer(-1,00000000000000000000000000000000) [PhysX] Initialized MultithreadedTaskDispatcher with 12 workers.
 -> (artifact id: '6909afb032daf5ded5af7bfa4b8eaa1a') in 0.001872 seconds
Start importing Packages/com.unity.ugui/package.json using Guid(319b8889f363f5947acf209c17a94149) Importer(-1,00000000000000000000000000000000) [PhysX] Initialized MultithreadedTaskDispatcher with 12 workers.
 -> (artifact id: 'ece755b782d99bdc6631594476f6dd26') in 0.001968 seconds
Start importing Packages/com.unity.nuget.newtonsoft-json/README.md using Guid(51bd45ca4f0f28342a12f4b0c80e9f4f) Importer(-1,00000000000000000000000000000000) [PhysX] Initialized MultithreadedTaskDispatcher with 12 workers.
 -> (artifact id: '7106f5e6eed4c8dbd345ef5c85760ffd') in 0.001847 seconds
Start importing Packages/com.unity.ext.nunit/package.json using Guid(8143d3a8390f2c64685e3bc272bd9e90) Importer(-1,00000000000000000000000000000000) [PhysX] Initialized MultithreadedTaskDispatcher with 12 workers.
 -> (artifact id: '8f97cc67b0e6c94e1292cfb7b1327837') in 0.001612 seconds
Start importing Packages/com.unity.modules.assetbundle/package.json using Guid(e1ef8466c8fd01a549f10baa4d51fa17) Importer(-1,00000000000000000000000000000000) [PhysX] Initialized MultithreadedTaskDispatcher with 12 workers.
 -> (artifact id: 'b06ad4b00e52552e4a9df9a05b5f7c54') in 0.002801 seconds
Start importing Packages/com.unity.modules.imgui/package.json using Guid(42fe78c8fe682715a2cb531422e6ccb3) Importer(-1,00000000000000000000000000000000) [PhysX] Initialized MultithreadedTaskDispatcher with 12 workers.
 -> (artifact id: '6d4b5e896ad7a16fed1f9946f068a7e4') in 0.002123 seconds
Start importing Packages/com.unity.modules.tilemap/package.json using Guid(92a378669877c05c6071d0fed687bb95) Importer(-1,00000000000000000000000000000000) [PhysX] Initialized MultithreadedTaskDispatcher with 12 workers.
 -> (artifact id: '9086e1eeef2510342965bd21ac6cbad2') in 0.002168 seconds
Start importing Packages/com.unity.modules.terrainphysics/package.json using Guid(d3cbe921f7b3d9a3257e7c61a5761796) Importer(-1,00000000000000000000000000000000) [PhysX] Initialized MultithreadedTaskDispatcher with 12 workers.
 -> (artifact id: 'e1f1c0f9cd2fc0c16dc74c8606743221') in 0.002379 seconds
Start importing Packages/com.unity.nuget.newtonsoft-json/LICENSE.md using Guid(24efe08f95549ab4699df4c1b55703e5) Importer(-1,00000000000000000000000000000000) [PhysX] Initialized MultithreadedTaskDispatcher with 12 workers.
 -> (artifact id: 'd2b5cb5200d0fb057b6f76857bd3b015') in 0.002055 seconds
Start importing Packages/com.unity.nuget.newtonsoft-json/Third Party Notices.md using Guid(9422d9b1fde3cf644b4a0dddd10a7348) Importer(-1,00000000000000000000000000000000) [PhysX] Initialized MultithreadedTaskDispatcher with 12 workers.
 -> (artifact id: '4d01a7704e2b8b0f737feea64fbee337') in 0.002030 seconds
Start importing Packages/com.unity.ext.nunit/CHANGELOG.md using Guid(f49bbe06ffa5ae24abe32abdab430c24) Importer(-1,00000000000000000000000000000000) [PhysX] Initialized MultithreadedTaskDispatcher with 12 workers.
 -> (artifact id: 'd2aeed597f873ce9398ea88bd5dfc14b') in 0.001926 seconds
Start importing Packages/com.unity.modules.unitywebrequestassetbundle/package.json using Guid(05f7f519769978b79b31d063a7fc6fa1) Importer(-1,00000000000000000000000000000000) [PhysX] Initialized MultithreadedTaskDispatcher with 12 workers.
 -> (artifact id: '4b320db6850392206c39caad6f15e9cc') in 0.003070 seconds
Start importing Packages/com.unity.modules.imageconversion/package.json using Guid(953fab16d15d5885b3600fcd6388b2ad) Importer(-1,00000000000000000000000000000000) [PhysX] Initialized MultithreadedTaskDispatcher with 12 workers.
 -> (artifact id: '94fcdeb315d8abe1697b4cf7d1eb678c') in 0.002185 seconds
Start importing Packages/com.unity.nuget.newtonsoft-json/CHANGELOG.md using Guid(16f24f695cc06684991baf4b1bc6ad22) Importer(-1,00000000000000000000000000000000) [PhysX] Initialized MultithreadedTaskDispatcher with 12 workers.
 -> (artifact id: '049a72391b49a498fd999c216c1043a1') in 0.002213 seconds
Start importing Packages/com.unity.modules.unityanalytics/package.json using Guid(26a4f29db434fd79025c91f6126382cc) Importer(-1,00000000000000000000000000000000) [PhysX] Initialized MultithreadedTaskDispatcher with 12 workers.
 -> (artifact id: '543cc9fe6038792e160c84bc896089b3') in 0.002100 seconds
Start importing Packages/com.unity.modules.video/package.json using Guid(96d14b71b907bb52333b2886e665aba6) Importer(-1,00000000000000000000000000000000) [PhysX] Initialized MultithreadedTaskDispatcher with 12 workers.
 -> (artifact id: '7f54e870f174ae5628c9ec5331d8e889') in 0.001878 seconds
Start importing Packages/com.unity.test-framework/CHANGELOG.md using Guid(d691174143fd3774ba63d7c493633b99) Importer(-1,00000000000000000000000000000000) [PhysX] Initialized MultithreadedTaskDispatcher with 12 workers.
 -> (artifact id: '3ea04b0bca04e552ec049ff90c9b3d3e') in 0.001744 seconds
Start importing Packages/com.unity.test-framework/package.json using Guid(d6a2e6e4803de7b43baacdc355fc144d) Importer(-1,00000000000000000000000000000000) [PhysX] Initialized MultithreadedTaskDispatcher with 12 workers.
 -> (artifact id: '6ac45a6b49332996e27aa0b8c951fbb1') in 0.002631 seconds
Start importing Packages/com.unity.test-framework/CONTRIBUTING.md using Guid(57d2ac5c7d5786e499d4794973fe0d4e) Importer(-1,00000000000000000000000000000000) [PhysX] Initialized MultithreadedTaskDispatcher with 12 workers.
 -> (artifact id: 'd37050d956e3e586dae59747545056e9') in 0.001772 seconds
Start importing Packages/com.unity.modules.particlesystem/package.json using Guid(87d720faa37005c08600090e04d8c739) Importer(-1,00000000000000000000000000000000) [PhysX] Initialized MultithreadedTaskDispatcher with 12 workers.
 -> (artifact id: 'fd1b90496632a6c183db630fd68b43f3') in 0.001762 seconds
Start importing Packages/com.unity.modules.physics2d/package.json using Guid(f7a8357347c80dc69c08d0b1a05e2122) Importer(-1,00000000000000000000000000000000) [PhysX] Initialized MultithreadedTaskDispatcher with 12 workers.
 -> (artifact id: 'd20143b0d935b41fc6e80e31ecb10170') in 0.001541 seconds
Start importing Packages/com.unity.modules.vr/package.json using Guid(18a4fadfef534684d5af39ca8dc48fe9) Importer(-1,00000000000000000000000000000000) [PhysX] Initialized MultithreadedTaskDispatcher with 12 workers.
 -> (artifact id: '39b07a0452bf28d0aeca63daa94eb188') in 0.001535 seconds
Start importing Packages/com.unity.nuget.newtonsoft-json/link.xml using Guid(a8a90c35b04530c4f971aaef6fdf3612) Importer(-1,00000000000000000000000000000000) [PhysX] Initialized MultithreadedTaskDispatcher with 12 workers.
 -> (artifact id: 'c71edaf4df171244312a088d35cabc7e') in 0.001829 seconds
Start importing Packages/com.unity.modules.wind/package.json using Guid(b83f06ac0c0696e9563230865ca72b81) Importer(-1,00000000000000000000000000000000) [PhysX] Initialized MultithreadedTaskDispatcher with 12 workers.
 -> (artifact id: '110daad41c521ba98311e224a9ae0871') in 0.001712 seconds
Start importing Packages/com.unity.ugui/CHANGELOG.md using Guid(c851bee4305bddf438cc6ffc515991ce) Importer(-1,00000000000000000000000000000000) [PhysX] Initialized MultithreadedTaskDispatcher with 12 workers.
 -> (artifact id: '0f52373eb7599a8ef53a47d53b3535ea') in 0.001732 seconds
Start importing Packages/com.unity.modules.umbra/package.json using Guid(d85e5eeaf8f135aeaaebdc8aa3cff6c3) Importer(-1,00000000000000000000000000000000) [PhysX] Initialized MultithreadedTaskDispatcher with 12 workers.
 -> (artifact id: '35284f3269c88ae4abf889fd3140d79e') in 0.002588 seconds
Start importing Packages/com.unity.nuget.newtonsoft-json/package.json using Guid(f8d4e5c2f2df25449ae8c391afbe5114) Importer(-1,00000000000000000000000000000000) [PhysX] Initialized MultithreadedTaskDispatcher with 12 workers.
 -> (artifact id: '1de386437d5039c79caf81cae841be67') in 0.001886 seconds
Start importing Packages/com.unity.modules.audio/package.json using Guid(e9df95f53f1c1d0c9199e235d6c42b50) Importer(-1,00000000000000000000000000000000) [PhysX] Initialized MultithreadedTaskDispatcher with 12 workers.
 -> (artifact id: '84b9445b43158b8a41090261555a8461') in 0.001835 seconds
Start importing Packages/com.unity.ext.nunit/LICENSE.md using Guid(f91a00d2dca52b843b2d50ccf750737d) Importer(-1,00000000000000000000000000000000) [PhysX] Initialized MultithreadedTaskDispatcher with 12 workers.
 -> (artifact id: 'b85bc14be9eee15a202817eb32912414') in 0.001745 seconds
Start importing Packages/com.unity.modules.physics/package.json using Guid(1a4266815e998967becf686f9c71f0a6) Importer(-1,00000000000000000000000000000000) [PhysX] Initialized MultithreadedTaskDispatcher with 12 workers.
 -> (artifact id: '014dcec9a9c95f26251cba82ee7cdf86') in 0.001584 seconds
Start importing Packages/com.unity.modules.vehicles/package.json using Guid(6afb166a156df2d20433d981f4bb2832) Importer(-1,00000000000000000000000000000000) [PhysX] Initialized MultithreadedTaskDispatcher with 12 workers.
 -> (artifact id: 'f7f33a062646dd3b1952df34fe3c1ae5') in 0.001751 seconds
Start importing Packages/com.unity.modules.unitywebrequestwww/package.json using Guid(fa27413e9edb06a6058d6c894eca0338) Importer(-1,00000000000000000000000000000000) [PhysX] Initialized MultithreadedTaskDispatcher with 12 workers.
 -> (artifact id: '23d70f5f20f5c05b599502de025df3cb') in 0.001645 seconds
Start importing Packages/com.unity.modules.unitywebrequestaudio/package.json using Guid(4b518b37798c97b0f860962cbf615533) Importer(-1,00000000000000000000000000000000) [PhysX] Initialized MultithreadedTaskDispatcher with 12 workers.
 -> (artifact id: '3f957f7e8ea61dc2159cc849429a31ad') in 0.001868 seconds
Start importing Packages/com.unity.modules.xr/package.json using Guid(2c814623cb42764d304be0c5ddd03ceb) Importer(-1,00000000000000000000000000000000) [PhysX] Initialized MultithreadedTaskDispatcher with 12 workers.
 -> (artifact id: 'b8719a7320b52b9a507d81be8f6a54ef') in 0.002093 seconds
Start importing Packages/com.unity.nuget.newtonsoft-json/Runtime/AOT/Newtonsoft.Json.xml using Guid(4c5640e415edbe342bbe339175268dfc) Importer(-1,00000000000000000000000000000000) [PhysX] Initialized MultithreadedTaskDispatcher with 12 workers.
 -> (artifact id: 'd209d8beaa00821b9fea2ac652b91c5e') in 0.002779 seconds
Start importing Packages/com.unity.modules.director/package.json using Guid(ec02776fe29df900b897106d61977735) Importer(-1,00000000000000000000000000000000) [PhysX] Initialized MultithreadedTaskDispatcher with 12 workers.
 -> (artifact id: 'ae0f89c196682071a7a2f24940d91955') in 0.001775 seconds
Start importing Packages/com.unity.ugui/LICENSE.md using Guid(4d3d51749e989f747b2674e0b4d9b3d7) Importer(-1,00000000000000000000000000000000) [PhysX] Initialized MultithreadedTaskDispatcher with 12 workers.
 -> (artifact id: '63c79248660561cac2f972f941c99088') in 0.001901 seconds
Start importing Packages/com.unity.ext.nunit/README.md using Guid(5da62a0c1c5218c4aa16b74546a7822d) Importer(-1,00000000000000000000000000000000) [PhysX] Initialized MultithreadedTaskDispatcher with 12 workers.
 -> (artifact id: 'fba28e87c2ed0e93f49a04a30a630419') in 0.001754 seconds
Start importing Packages/com.unity.modules.terrain/package.json using Guid(6d56244f8c39a851975d3c0bd432c66f) Importer(-1,00000000000000000000000000000000) [PhysX] Initialized MultithreadedTaskDispatcher with 12 workers.
 -> (artifact id: '5f65cac08dbdb7face02c56b32d8384b') in 0.001929 seconds
Start importing Packages/com.unity.modules.androidjni/package.json using Guid(bd1af0a6633ee94ae21c7d1d702cdc12) Importer(-1,00000000000000000000000000000000) [PhysX] Initialized MultithreadedTaskDispatcher with 12 workers.
 -> (artifact id: '70c9fc7f5a965ee81a7cc069e3d49f5e') in 0.002242 seconds
Start importing Packages/com.unity.test-framework/LICENSE.md using Guid(3ec7596410385054a9e0bc90377fbe63) Importer(-1,00000000000000000000000000000000) [PhysX] Initialized MultithreadedTaskDispatcher with 12 workers.
 -> (artifact id: '966e3ffff083a8153e812a82ad1779f4') in 0.001729 seconds
Start importing Packages/com.unity.modules.animation/package.json using Guid(7ef8348b8ea834d7e1bc214b07f7fb87) Importer(-1,00000000000000000000000000000000) [PhysX] Initialized MultithreadedTaskDispatcher with 12 workers.
 -> (artifact id: '3f00931d9996e406850aacf2fc2a99c4') in 0.002323 seconds
Start importing Packages/com.unity.nuget.newtonsoft-json/Runtime/Newtonsoft.Json.xml using Guid(fed01095b990a354289891ead909238f) Importer(-1,00000000000000000000000000000000) [PhysX] Initialized MultithreadedTaskDispatcher with 12 workers.
 -> (artifact id: '77369e9b6f645329f0b726b5c2116631') in 0.002418 seconds
Start importing Packages/com.unity.modules.unitywebrequest/package.json using Guid(3fdd83b151eb8d25c5e2f82fc39dcb04) Importer(-1,00000000000000000000000000000000) [PhysX] Initialized MultithreadedTaskDispatcher with 12 workers.
 -> (artifact id: '7b787539406591258930dbcba1984438') in 0.001669 seconds
Start importing Packages/com.unity.modules.uielements/package.json using Guid(4f0f9b9f3ed97ad2b9ba8f1a8e4666c2) Importer(-1,00000000000000000000000000000000) [PhysX] Initialized MultithreadedTaskDispatcher with 12 workers.
 -> (artifact id: 'f79c16827910834c72c06ffe4fdd369d') in 0.001683 seconds
Start importing Packages/com.unity.modules.ui/package.json using Guid(bfd567a3d1631a761bca9e99fa53d86d) Importer(-1,00000000000000000000000000000000) [PhysX] Initialized MultithreadedTaskDispatcher with 12 workers.
 -> (artifact id: '4bdc1f5a2a7e342732dae5e91bfcb4e1') in 0.001498 seconds
Start importing Packages/com.unity.ext.nunit/Third Party Notices.md using Guid(bfcb3ba499f7d452b92d9a9cc3378788) Importer(-1,00000000000000000000000000000000) [PhysX] Initialized MultithreadedTaskDispatcher with 12 workers.
 -> (artifact id: 'e3ac16bdd4815956ac8a5fc9ed608445') in 0.001814 seconds
Start importing Assets/ToonyTinyPeople/TT_RTS/TT_RTS_Standard/prefabs/machines/TT_Ram_lvl1.prefab using Guid(0033db9d4d5bf454391a6284c0ce3920) Importer(-1,00000000000000000000000000000000) [PhysX] Initialized MultithreadedTaskDispatcher with 12 workers.
[PhysX] Initialized MultithreadedTaskDispatcher with 12 workers.
 -> (artifact id: '834e6e4df5b5f401b8f1a4a68ef3d901') in 0.003828 seconds
Start importing Assets/_Game/Prefabs/Buildings/GoldMine.prefab using Guid(6086c9aa490e4b24c876b4a521399459) Importer(-1,00000000000000000000000000000000) [PhysX] Initialized MultithreadedTaskDispatcher with 12 workers.
[PhysX] Initialized MultithreadedTaskDispatcher with 12 workers.
 -> (artifact id: 'b69808d6d7124018cbd55ec653f6c906') in 0.004695 seconds
Start importing Assets/SimpleNaturePack/Prefabs/Tree_05.prefab using Guid(60f79905accf3b24fa0114b941f1aac0) Importer(-1,00000000000000000000000000000000) [PhysX] Initialized MultithreadedTaskDispatcher with 12 workers.
[PhysX] Initialized MultithreadedTaskDispatcher with 12 workers.
 -> (artifact id: 'e50d63bf7051051fa6d9d3b4e48b9621') in 0.002654 seconds
Start importing Assets/ToonyTinyPeople/TT_RTS/TT_RTS_Standard/prefabs/machines/TT_Ram_lvl2.prefab using Guid(8059506e2f3b03f459e87520d4c9fb46) Importer(-1,00000000000000000000000000000000) [PhysX] Initialized MultithreadedTaskDispatcher with 12 workers.
[PhysX] Initialized MultithreadedTaskDispatcher with 12 workers.
 -> (artifact id: '37259da50a741d49cccd100a3d8b10f9') in 0.003529 seconds
Start importing Assets/ToonyTinyPeople/TT_RTS/TT_RTS_Standard/prefabs/banners/TT_Banner_Brown.prefab using Guid(b04564cd473acfe45af3605854e3dcd5) Importer(-1,00000000000000000000000000000000) [PhysX] Initialized MultithreadedTaskDispatcher with 12 workers.
[PhysX] Initialized MultithreadedTaskDispatcher with 12 workers.
 -> (artifact id: 'e113e183ce30564e5c27b9e95892cb3f') in 0.006659 seconds
Start importing Assets/ToonyTinyPeople/TT_RTS/TT_RTS_Standard/FX/FX_prefabs/FX_Blood.prefab using Guid(c041548ad5f52014d8ae27de23cf2764) Importer(-1,00000000000000000000000000000000) [PhysX] Initialized MultithreadedTaskDispatcher with 12 workers.
[PhysX] Initialized MultithreadedTaskDispatcher with 12 workers.
 -> (artifact id: '8320b469722e01b17d30808b1558aaba') in 0.009760 seconds
Start importing Assets/SimpleNaturePack/Prefabs/Rock_04.prefab using Guid(f02116c209ecd9e488fc4d2cd8996133) Importer(-1,00000000000000000000000000000000) [PhysX] Initialized MultithreadedTaskDispatcher with 12 workers.
[PhysX] Initialized MultithreadedTaskDispatcher with 12 workers.
 -> (artifact id: 'df9d5bc7d98dd62563d5efb112d14373') in 0.004798 seconds
Start importing Assets/ToonyTinyPeople/TT_RTS/TT_RTS_Standard/prefabs/banners/TT_Banner_Green_B.prefab using Guid(f0c1ea21d09164b48a3819415631e4bd) Importer(-1,00000000000000000000000000000000) [PhysX] Initialized MultithreadedTaskDispatcher with 12 workers.
[PhysX] Initialized MultithreadedTaskDispatcher with 12 workers.
 -> (artifact id: 'fc975d9fda5e2a609048911e8d69adce') in 0.004433 seconds
Start importing Assets/SimpleNaturePack/Prefabs/Tree_04.prefab using Guid(f0c16f0ea935ea64297ca1d4d55d9746) Importer(-1,00000000000000000000000000000000) [PhysX] Initialized MultithreadedTaskDispatcher with 12 workers.
[PhysX] Initialized MultithreadedTaskDispatcher with 12 workers.
 -> (artifact id: '0acf437ae5fc7626436403fa042af3da') in 0.003861 seconds
Start importing Assets/ToonyTinyPeople/TT_RTS/TT_RTS_Standard/prefabs/TT_Mounted_Knight.prefab using Guid(511c566bd068dca4bb9794da5f53052a) Importer(-1,00000000000000000000000000000000) [PhysX] Initialized MultithreadedTaskDispatcher with 12 workers.
[PhysX] Initialized MultithreadedTaskDispatcher with 12 workers.
 -> (artifact id: '958d3875081a99286795c8f22ed20a4d') in 0.033009 seconds
Start importing Assets/ToonyTinyPeople/TT_RTS/TT_RTS_Standard/prefabs/banners/TT_Banner_Blue_B.prefab using Guid(61cc4d6d2e984a2418a95086ff3286d2) Importer(-1,00000000000000000000000000000000) [PhysX] Initialized MultithreadedTaskDispatcher with 12 workers.
[PhysX] Initialized MultithreadedTaskDispatcher with 12 workers.
 -> (artifact id: 'aaa12793314c4372d473a3f9c3dd85a9') in 0.003322 seconds
Start importing Assets/ToonyTinyPeople/TT_RTS/TT_RTS_Standard/FX/FX_prefabs/FX_Building_burning.prefab using Guid(c1f7cd26d86e36c44921a1c45d23513b) Importer(-1,00000000000000000000000000000000) [PhysX] Initialized MultithreadedTaskDispatcher with 12 workers.
[PhysX] Initialized MultithreadedTaskDispatcher with 12 workers.
 -> (artifact id: '5f2daeb68331356ce09f341ee5912286') in 0.012446 seconds
Start importing Assets/SimpleNaturePack/Prefabs/Grass_01.prefab using Guid(f1fc5bb90ac285e4486771552d63bcb8) Importer(-1,00000000000000000000000000000000) [PhysX] Initialized MultithreadedTaskDispatcher with 12 workers.
[PhysX] Initialized MultithreadedTaskDispatcher with 12 workers.
 -> (artifact id: 'b3a3133f9ebe711cec901e5f68c717d0') in 0.002928 seconds
Start importing Assets/ToonyTinyPeople/TT_RTS/TT_RTS_Standard/prefabs/machines/TT_Catapult_lvl3.prefab using Guid(023f155a2d7c46043ae7d32761d3ac34) Importer(-1,00000000000000000000000000000000) [PhysX] Initialized MultithreadedTaskDispatcher with 12 workers.
[PhysX] Initialized MultithreadedTaskDispatcher with 12 workers.
 -> (artifact id: '21af14418a370826cd0a96e4aac5d9ed') in 0.004172 seconds
Start importing Assets/SimpleNaturePack/Prefabs/Ground_02.prefab using Guid(e2e682b966e3f644392ffbfab511e0e2) Importer(-1,00000000000000000000000000000000) [PhysX] Initialized MultithreadedTaskDispatcher with 12 workers.
[PhysX] Initialized MultithreadedTaskDispatcher with 12 workers.
 -> (artifact id: '5a4311c1e5bbe435f270095b71b3c83c') in 0.003174 seconds
Start importing Assets/SimpleNaturePack/Prefabs/Tree_02.prefab using Guid(e289bf5debb17f6459818c207d781953) Importer(-1,00000000000000000000000000000000) [PhysX] Initialized MultithreadedTaskDispatcher with 12 workers.
[PhysX] Initialized MultithreadedTaskDispatcher with 12 workers.
 -> (artifact id: 'd8b13c496cbf14dac2e8ab8399dd1147') in 0.002706 seconds
Start importing Assets/ToonyTinyPeople/TT_RTS/TT_RTS_Standard/FX/FX_prefabs/FX_Building_Destroyed_mid.prefab using Guid(43cc1a347ac43cd498e91db9fb766337) Importer(-1,00000000000000000000000000000000) [PhysX] Initialized MultithreadedTaskDispatcher with 12 workers.
[PhysX] Initialized MultithreadedTaskDispatcher with 12 workers.
 -> (artifact id: '1b01fad974b59994e4d1e7e00c5090fb') in 0.023307 seconds
Start importing Assets/ToonyTinyPeople/TT_RTS/TT_RTS_Standard/prefabs/TT_Peasant.prefab using Guid(53eb1e18130e9be4387a785b482187e1) Importer(-1,00000000000000000000000000000000) [PhysX] Initialized MultithreadedTaskDispatcher with 12 workers.
[PhysX] Initialized MultithreadedTaskDispatcher with 12 workers.
 -> (artifact id: '04ad53a015e106b117fe4e38181705a5') in 0.024892 seconds
Start importing Assets/ToonyTinyPeople/TT_RTS/TT_RTS_Standard/prefabs/TT_Mounted_King.prefab using Guid(a36479667d1b0f74bbd661b17c3f9476) Importer(-1,00000000000000000000000000000000) [PhysX] Initialized MultithreadedTaskDispatcher with 12 workers.
[PhysX] Initialized MultithreadedTaskDispatcher with 12 workers.
 -> (artifact id: 'd473dd2171dafc339606817e73efa780') in 0.018891 seconds
Start importing Assets/ToonyTinyPeople/TT_RTS/TT_RTS_Standard/prefabs/banners/TT_Banner_Green_A.prefab using Guid(c36b077c2cf09234c976039d3d37a55d) Importer(-1,00000000000000000000000000000000) [PhysX] Initialized MultithreadedTaskDispatcher with 12 workers.
[PhysX] Initialized MultithreadedTaskDispatcher with 12 workers.
 -> (artifact id: '43dd64b1af594a0135da95ddbcc0b9ee') in 0.003734 seconds
Start importing Assets/ToonyTinyPeople/TT_RTS/TT_RTS_Standard/prefabs/TT_Archer.prefab using Guid(04c79b5f6e9ebab48af48fdcf7b6d570) Importer(-1,00000000000000000000000000000000) [PhysX] Initialized MultithreadedTaskDispatcher with 12 workers.
[PhysX] Initialized MultithreadedTaskDispatcher with 12 workers.
 -> (artifact id: '5a61460bc571643bdb247601d04964a8') in 0.017314 seconds
Start importing Assets/ToonyTinyPeople/TT_RTS/TT_RTS_Standard/prefabs/banners/TT_Banner_Red.prefab using Guid(043f4d37d3f983747877a12a3bbc6e62) Importer(-1,00000000000000000000000000000000) [PhysX] Initialized MultithreadedTaskDispatcher with 12 workers.
[PhysX] Initialized MultithreadedTaskDispatcher with 12 workers.
 -> (artifact id: 'a2bab6b425cf5137aa2cb155127483ad') in 0.004546 seconds
Start importing Assets/ToonyTinyPeople/TT_RTS/TT_RTS_Standard/prefabs/TT_Halberdier.prefab using Guid(148322894bbd52e488116a8616dfbe4c) Importer(-1,00000000000000000000000000000000) [PhysX] Initialized MultithreadedTaskDispatcher with 12 workers.
[PhysX] Initialized MultithreadedTaskDispatcher with 12 workers.
 -> (artifact id: '205530379d72f323546790353f40deb7') in 0.017512 seconds
Start importing Assets/ToonyTinyPeople/TT_RTS/TT_RTS_Standard/prefabs/banners/TT_Banner_Blue_A.prefab using Guid(147fe68df44677a4c825999f9fcc6c5d) Importer(-1,00000000000000000000000000000000) [PhysX] Initialized MultithreadedTaskDispatcher with 12 workers.
[PhysX] Initialized MultithreadedTaskDispatcher with 12 workers.
 -> (artifact id: '9647934365d5a608abed6589819aa6b3') in 0.002866 seconds
Start importing Assets/SimpleNaturePack/Prefabs/Bush_03.prefab using Guid(34d3f526198dae440bb2ce6005d86055) Importer(-1,00000000000000000000000000000000) [PhysX] Initialized MultithreadedTaskDispatcher with 12 workers.
[PhysX] Initialized MultithreadedTaskDispatcher with 12 workers.
 -> (artifact id: '6539853ce192ada7b37e5fc7c7952c62') in 0.003466 seconds
Start importing Assets/ToonyTinyPeople/TT_RTS/TT_RTS_Standard/prefabs/TT_Mounted_Scout.prefab using Guid(3444512bc6a211a4fbc66458b13748ed) Importer(-1,00000000000000000000000000000000) [PhysX] Initialized MultithreadedTaskDispatcher with 12 workers.
[PhysX] Initialized MultithreadedTaskDispatcher with 12 workers.
 -> (artifact id: 'd6d7a4d3f1737ffee29e33c018290ccc') in 0.024304 seconds
Start importing Assets/_Game/Prefabs/Buildings/Barracks.prefab using Guid(3475008bc61eeda4697867fe4066143c) Importer(-1,00000000000000000000000000000000) [PhysX] Initialized MultithreadedTaskDispatcher with 12 workers.
[PhysX] Initialized MultithreadedTaskDispatcher with 12 workers.
 -> (artifact id: 'f17515c40f35993d0260e31e54c6c37f') in 0.002972 seconds
Start importing Assets/ToonyTinyPeople/TT_RTS/TT_RTS_Standard/prefabs/TT_Heavy_Infantry.prefab using Guid(b4a1d0e6439682a4e958fb7c874ccb8c) Importer(-1,00000000000000000000000000000000) [PhysX] Initialized MultithreadedTaskDispatcher with 12 workers.
[PhysX] Initialized MultithreadedTaskDispatcher with 12 workers.
 -> (artifact id: '05e96b6164a916e5fd2874e972ebf969') in 0.025628 seconds
Start importing Assets/ToonyTinyPeople/TT_RTS/TT_RTS_Standard/prefabs/machines/TT_Ram_lvl3.prefab using Guid(558f51ca135bfa6478eab4d08a1d7b8e) Importer(-1,00000000000000000000000000000000) [PhysX] Initialized MultithreadedTaskDispatcher with 12 workers.
[PhysX] Initialized MultithreadedTaskDispatcher with 12 workers.
 -> (artifact id: 'a9238ce9bbb6618ff8db5ae135c0e557') in 0.003988 seconds
Start importing Assets/ToonyTinyPeople/TT_RTS/TT_RTS_Standard/prefabs/banners/TT_Banner_Purple.prefab using Guid(7512cbf356fbecc4baf589b12c84b1d3) Importer(-1,00000000000000000000000000000000) [PhysX] Initialized MultithreadedTaskDispatcher with 12 workers.
[PhysX] Initialized MultithreadedTaskDispatcher with 12 workers.
 -> (artifact id: '5926aaa2e82cfe90228e9da99ab88f7a') in 0.003229 seconds
Start importing Assets/ToonyTinyPeople/TT_RTS/TT_RTS_Standard/prefabs/TT_HeavySwordman.prefab using Guid(75925c365bd895145beefbc806717633) Importer(-1,00000000000000000000000000000000) [PhysX] Initialized MultithreadedTaskDispatcher with 12 workers.
[PhysX] Initialized MultithreadedTaskDispatcher with 12 workers.
 -> (artifact id: '562d67334afd61325a205c549f730e1a') in 0.016845 seconds
Start importing Assets/ToonyTinyPeople/TT_RTS/TT_RTS_Standard/prefabs/TT_Light_Infantry.prefab using Guid(46628851bff3fa341a13534728534ea3) Importer(-1,00000000000000000000000000000000) [PhysX] Initialized MultithreadedTaskDispatcher with 12 workers.
[PhysX] Initialized MultithreadedTaskDispatcher with 12 workers.
 -> (artifact id: '7b898899c5b976ae9a0bb31280827158') in 0.019683 seconds
Start importing Assets/_Game/Prefabs/Units/Scout.prefab using Guid(666020cd03c805940b33335737b2fa7f) Importer(-1,00000000000000000000000000000000) [PhysX] Initialized MultithreadedTaskDispatcher with 12 workers.
[PhysX] Initialized MultithreadedTaskDispatcher with 12 workers.
 -> (artifact id: 'f1bee43fa3c8b217e93eacb6fb21087a') in 0.005130 seconds
Start importing Assets/ToonyTinyPeople/TT_RTS/TT_RTS_Standard/prefabs/TT_Scout.prefab using Guid(6652791f0d19f3b408a94277d330b59b) Importer(-1,00000000000000000000000000000000) [PhysX] Initialized MultithreadedTaskDispatcher with 12 workers.
[PhysX] Initialized MultithreadedTaskDispatcher with 12 workers.
 -> (artifact id: '7d6f0a8137ff78beb270849000ac2ce9') in 0.017723 seconds
Start importing Assets/SimpleNaturePack/Prefabs/Rock_01.prefab using Guid(c6308cb7062fac34e8e50600086b12a1) Importer(-1,00000000000000000000000000000000) [PhysX] Initialized MultithreadedTaskDispatcher with 12 workers.
[PhysX] Initialized MultithreadedTaskDispatcher with 12 workers.
 -> (artifact id: 'b0a4e9040c289da35ac925581588479d') in 0.002738 seconds
Start importing Assets/SimpleNaturePack/Prefabs/Tree_03.prefab using Guid(c60edd51c065ceb46b345849a03bc106) Importer(-1,00000000000000000000000000000000) [PhysX] Initialized MultithreadedTaskDispatcher with 12 workers.
[PhysX] Initialized MultithreadedTaskDispatcher with 12 workers.
 -> (artifact id: '1808c51ad2e5864c16307dce20fbf393') in 0.002595 seconds
Start importing Assets/ToonyTinyPeople/TT_RTS/TT_RTS_Standard/prefabs/banners/TT_Banner_Yellow.prefab using Guid(f660695d5c7b90a47aea5ad9e5f25408) Importer(-1,00000000000000000000000000000000) [PhysX] Initialized MultithreadedTaskDispatcher with 12 workers.
[PhysX] Initialized MultithreadedTaskDispatcher with 12 workers.
 -> (artifact id: '2e155dba192b4c92c23647836664a25a') in 0.003031 seconds
Start importing Assets/ToonyTinyPeople/TT_RTS/TT_RTS_Standard/prefabs/TT_Spearman.prefab using Guid(0755a95e2e1b5f44e8226989fb76f2cf) Importer(-1,00000000000000000000000000000000) [PhysX] Initialized MultithreadedTaskDispatcher with 12 workers.
[PhysX] Initialized MultithreadedTaskDispatcher with 12 workers.
 -> (artifact id: 'ba226086fd8d6da8d56e1a5145ebe62c') in 0.018147 seconds
Start importing Assets/ToonyTinyPeople/TT_RTS/TT_RTS_Standard/prefabs/banners/TT_Banner_Orange.prefab using Guid(170f805d10c58294480f639bc1fddf8b) Importer(-1,00000000000000000000000000000000) [PhysX] Initialized MultithreadedTaskDispatcher with 12 workers.
[PhysX] Initialized MultithreadedTaskDispatcher with 12 workers.
 -> (artifact id: '194a608309212786957689b6a80d0de1') in 0.004051 seconds
Start importing Assets/ToonyTinyPeople/TT_RTS/TT_RTS_Standard/prefabs/TT_Paladin.prefab using Guid(675bfa49ad0f04c47b900d8546860383) Importer(-1,00000000000000000000000000000000) [PhysX] Initialized MultithreadedTaskDispatcher with 12 workers.
[PhysX] Initialized MultithreadedTaskDispatcher with 12 workers.
 -> (artifact id: '50a87cba95a156ca6b34df732a93636d') in 0.019578 seconds
Start importing Assets/SimpleNaturePack/Prefabs/Rock_05.prefab using Guid(a778b631c6253a04899cb31bad047c81) Importer(-1,00000000000000000000000000000000) [PhysX] Initialized MultithreadedTaskDispatcher with 12 workers.
[PhysX] Initialized MultithreadedTaskDispatcher with 12 workers.
 -> (artifact id: 'ce2aa3c940dafd453f13ec18adb76359') in 0.002706 seconds
Start importing Assets/SimpleNaturePack/Prefabs/Bush_02.prefab using Guid(b71b0f8d2f881c743a85228f3030d1cb) Importer(-1,00000000000000000000000000000000) [PhysX] Initialized MultithreadedTaskDispatcher with 12 workers.
[PhysX] Initialized MultithreadedTaskDispatcher with 12 workers.
 -> (artifact id: '0007cf378eb3e85af22e2c3b45f291e2') in 0.003103 seconds
Start importing Assets/_Game/Prefabs/Buildings/ArcherTower.prefab using Guid(b71e0de69d5f52a49bf3580358d9ef3f) Importer(-1,00000000000000000000000000000000) [PhysX] Initialized MultithreadedTaskDispatcher with 12 workers.
[PhysX] Initialized MultithreadedTaskDispatcher with 12 workers.
 -> (artifact id: '8889e57123aed5a4e2cad01f6942d13e') in 0.002879 seconds
Start importing Assets/ToonyTinyPeople/TT_RTS/TT_RTS_Standard/prefabs/TT_Mage.prefab using Guid(1854a3b64b66724429ff0b04e0891fc1) Importer(-1,00000000000000000000000000000000) [PhysX] Initialized MultithreadedTaskDispatcher with 12 workers.
[PhysX] Initialized MultithreadedTaskDispatcher with 12 workers.
 -> (artifact id: '0abb57c2f9043a99acc09529d0e525b3') in 0.020252 seconds
Start importing Assets/SimpleNaturePack/Prefabs/Tree_01.prefab using Guid(88f2fd29f58b9734683512546acec310) Importer(-1,00000000000000000000000000000000) [PhysX] Initialized MultithreadedTaskDispatcher with 12 workers.
[PhysX] Initialized MultithreadedTaskDispatcher with 12 workers.
 -> (artifact id: 'a4cdc2cb072fa8f6333005285bf89315') in 0.003124 seconds
Start importing Assets/_Game/Prefabs/Units/Mage.prefab using Guid(989ffa7e25ae40846b0c71860893b4a0) Importer(-1,00000000000000000000000000000000) [PhysX] Initialized MultithreadedTaskDispatcher with 12 workers.
[PhysX] Initialized MultithreadedTaskDispatcher with 12 workers.
 -> (artifact id: 'e4efc4a76c65d2fc6786d011b5ce41fb') in 0.002778 seconds
Start importing Assets/_Game/Prefabs/UI/UnitButtonPrefab.prefab using Guid(b86465b1827436140810194841db071a) Importer(-1,00000000000000000000000000000000) [PhysX] Initialized MultithreadedTaskDispatcher with 12 workers.
[PhysX] Initialized MultithreadedTaskDispatcher with 12 workers.
 -> (artifact id: '7e81c5a1d7871baafa1e5810025cd311') in 0.010094 seconds
Start importing Assets/_Game/Prefabs/Buildings/Wall.prefab using Guid(c842a5b4e2c1a0a4fb84174a77ed0887) Importer(-1,00000000000000000000000000000000) [PhysX] Initialized MultithreadedTaskDispatcher with 12 workers.
[PhysX] Initialized MultithreadedTaskDispatcher with 12 workers.
 -> (artifact id: '9b082c2d57e14dac34f627767761b134') in 0.003338 seconds
Start importing Assets/_Game/Prefabs/Units/Catapult.prefab using Guid(e803e277bceda4e4a92a248051dd8218) Importer(-1,00000000000000000000000000000000) [PhysX] Initialized MultithreadedTaskDispatcher with 12 workers.
[PhysX] Initialized MultithreadedTaskDispatcher with 12 workers.
 -> (artifact id: 'd2ffcf16744e4561c58094fe0a016edf') in 0.002652 seconds
Start importing Assets/SimpleNaturePack/Prefabs/Flowers_02.prefab using Guid(299e7a1cb6456cf4fa6079cf5978df9b) Importer(-1,00000000000000000000000000000000) [PhysX] Initialized MultithreadedTaskDispatcher with 12 workers.
[PhysX] Initialized MultithreadedTaskDispatcher with 12 workers.
 -> (artifact id: 'a9c892059e88052a18c067f4f72307fc') in 0.002717 seconds
Start importing Assets/SimpleNaturePack/Prefabs/Mushroom_02.prefab using Guid(494f6d43e170e9145bc7865d243ee00b) Importer(-1,00000000000000000000000000000000) [PhysX] Initialized MultithreadedTaskDispatcher with 12 workers.
[PhysX] Initialized MultithreadedTaskDispatcher with 12 workers.
 -> (artifact id: 'e0b88f9b7bdc2b39dd058d4d50ab80d6') in 0.002527 seconds
Start importing Assets/ToonyTinyPeople/TT_RTS/TT_RTS_Standard/prefabs/TT_Heavy_Cavalry.prefab using Guid(892bd1c95e4ec2f43a7e0a49c68f27f1) Importer(-1,00000000000000000000000000000000) [PhysX] Initialized MultithreadedTaskDispatcher with 12 workers.
[PhysX] Initialized MultithreadedTaskDispatcher with 12 workers.
 -> (artifact id: '909da233b143c47a64ce681e922086e4') in 0.023010 seconds
Start importing Assets/ToonyTinyPeople/TT_RTS/TT_RTS_Standard/prefabs/TT_Mounted_Priest.prefab using Guid(9948d4669f9006844a963afb88d60afa) Importer(-1,00000000000000000000000000000000) [PhysX] Initialized MultithreadedTaskDispatcher with 12 workers.
[PhysX] Initialized MultithreadedTaskDispatcher with 12 workers.
 -> (artifact id: 'bb1b521da7ce98a814af1224b8ec98e2') in 0.022831 seconds
Start importing Assets/ToonyTinyPeople/TT_RTS/TT_RTS_Standard/prefabs/TT_Commander.prefab using Guid(a9733678a87478b4689672067b7718fb) Importer(-1,00000000000000000000000000000000) [PhysX] Initialized MultithreadedTaskDispatcher with 12 workers.
[PhysX] Initialized MultithreadedTaskDispatcher with 12 workers.
 -> (artifact id: 'a153c08c5e8fadfcc3810b9298cf3e94') in 0.023755 seconds
Start importing Assets/SimpleNaturePack/Prefabs/Branch_01.prefab using Guid(b9de24523a11d714db3851b5f0f9d527) Importer(-1,00000000000000000000000000000000) [PhysX] Initialized MultithreadedTaskDispatcher with 12 workers.
[PhysX] Initialized MultithreadedTaskDispatcher with 12 workers.
 -> (artifact id: 'ddbb4e1395f55acc23a696ffc0597849') in 0.003034 seconds
Start importing Assets/ToonyTinyPeople/TT_RTS/TT_RTS_Standard/prefabs/TT_Crossbowman.prefab using Guid(e93eced9cc2d545428e4a4b45713048d) Importer(-1,00000000000000000000000000000000) [PhysX] Initialized MultithreadedTaskDispatcher with 12 workers.
[PhysX] Initialized MultithreadedTaskDispatcher with 12 workers.
 -> (artifact id: '8535bfa7525a0f4673225ff8155a3081') in 0.020604 seconds
Start importing Assets/ToonyTinyPeople/TT_RTS/TT_RTS_Standard/prefabs/machines/TT_Catapult_lvl1.prefab using Guid(4aedbb62248b97c4595c639232cc8a56) Importer(-1,00000000000000000000000000000000) [PhysX] Initialized MultithreadedTaskDispatcher with 12 workers.
[PhysX] Initialized MultithreadedTaskDispatcher with 12 workers.
 -> (artifact id: 'd8416ca64bffad23989cafcc7cf4aab7') in 0.004392 seconds
Start importing Assets/ToonyTinyPeople/TT_RTS/TT_RTS_Standard/prefabs/banners/TT_Banner_Black.prefab using Guid(7a70ea5d65d8d10468d993df2688b860) Importer(-1,00000000000000000000000000000000) [PhysX] Initialized MultithreadedTaskDispatcher with 12 workers.
[PhysX] Initialized MultithreadedTaskDispatcher with 12 workers.
 -> (artifact id: 'ff18e8c39f110c250be09083613372d5') in 0.004182 seconds
Start importing Assets/ToonyTinyPeople/TT_RTS/TT_RTS_Standard/prefabs/TT_Mounted_Paladin.prefab using Guid(3b5b8018d62c7fb43b2805cf19ffaff7) Importer(-1,00000000000000000000000000000000) [PhysX] Initialized MultithreadedTaskDispatcher with 12 workers.
[PhysX] Initialized MultithreadedTaskDispatcher with 12 workers.
 -> (artifact id: 'f21e495bd060056b2e1167cd05ee24b2') in 0.022900 seconds
Start importing Assets/ToonyTinyPeople/TT_RTS/TT_RTS_Standard/prefabs/TT_Priest.prefab using Guid(7b4e51ccca67b514d883b197e0f59efd) Importer(-1,00000000000000000000000000000000) [PhysX] Initialized MultithreadedTaskDispatcher with 12 workers.
[PhysX] Initialized MultithreadedTaskDispatcher with 12 workers.
 -> (artifact id: '93cbc16cd46039b2897ee148d07ebed8') in 0.022922 seconds
Start importing Assets/ToonyTinyPeople/TT_RTS/TT_RTS_Standard/prefabs/banners/TT_Banner_Pink.prefab using Guid(bbf3a916dbe7de041b4ae7bd9bd28138) Importer(-1,00000000000000000000000000000000) [PhysX] Initialized MultithreadedTaskDispatcher with 12 workers.
[PhysX] Initialized MultithreadedTaskDispatcher with 12 workers.
 -> (artifact id: '862ff9bf393091a0c5fbf587deddfa55') in 0.004711 seconds
Start importing Assets/ToonyTinyPeople/TT_RTS/TT_RTS_Standard/prefabs/machines/TT_Ballista_lvl1.prefab using Guid(cb3ed0d4df3e22a40ad0d4304752a928) Importer(-1,00000000000000000000000000000000) [PhysX] Initialized MultithreadedTaskDispatcher with 12 workers.
[PhysX] Initialized MultithreadedTaskDispatcher with 12 workers.
 -> (artifact id: '5c7c2b9b1c1ce8342336a714fb22f1b4') in 0.004606 seconds
Start importing Assets/SimpleNaturePack/Prefabs/Ground_01.prefab using Guid(ebee340de387f334f9ac44e044abd8fb) Importer(-1,00000000000000000000000000000000) [PhysX] Initialized MultithreadedTaskDispatcher with 12 workers.
[PhysX] Initialized MultithreadedTaskDispatcher with 12 workers.
 -> (artifact id: '0ee3d586d84e88ce7f97b716dbed9e88') in 0.003079 seconds
Start importing Assets/ToonyTinyPeople/TT_RTS/TT_RTS_Standard/prefabs/TT_King.prefab using Guid(3c54df43aea316143beec51be2902cac) Importer(-1,00000000000000000000000000000000) [PhysX] Initialized MultithreadedTaskDispatcher with 12 workers.
[PhysX] Initialized MultithreadedTaskDispatcher with 12 workers.
 -> (artifact id: '8e987a1f4af0a72c88445a963297d898') in 0.023684 seconds
Start importing Assets/SimpleNaturePack/Prefabs/Bush_01.prefab using Guid(3cdafb3c2f54d434894928d72d282874) Importer(-1,00000000000000000000000000000000) [PhysX] Initialized MultithreadedTaskDispatcher with 12 workers.
[PhysX] Initialized MultithreadedTaskDispatcher with 12 workers.
 -> (artifact id: 'd92d4638ec302415fe8fbe36e7c0e80b') in 0.003399 seconds
Start importing Assets/ToonyTinyPeople/TT_RTS/TT_RTS_Standard/FX/FX_prefabs/FX_Building_burning_small.prefab using Guid(4cc2bcf001dff1841ab60befad39294b) Importer(-1,00000000000000000000000000000000) [PhysX] Initialized MultithreadedTaskDispatcher with 12 workers.
[PhysX] Initialized MultithreadedTaskDispatcher with 12 workers.
 -> (artifact id: 'ac1728e3f7ad2025d5e5c5afe7714d45') in 0.014782 seconds
Start importing Assets/_Game/Prefabs/Buildings/CannonTower.prefab using Guid(5cd8d461e40c63244852fdfaf58fc5ce) Importer(-1,00000000000000000000000000000000) [PhysX] Initialized MultithreadedTaskDispatcher with 12 workers.
[PhysX] Initialized MultithreadedTaskDispatcher with 12 workers.
 -> (artifact id: 'c2c2979ae20914d77279ceba027a2ef9') in 0.003028 seconds
Start importing Assets/_Game/Prefabs/Buildings/Castle.prefab using Guid(7c4c783f7abe57244afc5923ec16cb30) Importer(-1,00000000000000000000000000000000) [PhysX] Initialized MultithreadedTaskDispatcher with 12 workers.
[PhysX] Initialized MultithreadedTaskDispatcher with 12 workers.
 -> (artifact id: 'fd6c24e534878475f95f84fb9aba3c64') in 0.002861 seconds
Start importing Assets/SimpleNaturePack/Prefabs/Flowers_01.prefab using Guid(ac8efb728f1fb9b4092c4df591c827ca) Importer(-1,00000000000000000000000000000000) [PhysX] Initialized MultithreadedTaskDispatcher with 12 workers.
[PhysX] Initialized MultithreadedTaskDispatcher with 12 workers.
 -> (artifact id: '35ee5a501a6ea43b05e9e7158692bdb9') in 0.003050 seconds
Start importing Assets/ToonyTinyPeople/TT_RTS/TT_RTS_Standard/prefabs/TT_Swordman.prefab using Guid(bcc60fdbd3a37b44cbc0cb99db483477) Importer(-1,00000000000000000000000000000000) [PhysX] Initialized MultithreadedTaskDispatcher with 12 workers.
[PhysX] Initialized MultithreadedTaskDispatcher with 12 workers.
 -> (artifact id: '893493ad5f8f0a777d87991ec76a4717') in 0.025613 seconds
Start importing Assets/ToonyTinyPeople/TT_RTS/TT_RTS_Standard/prefabs/TT_Mounted_Mage.prefab using Guid(bc0e691c888319a4daf7fd1c112e7d03) Importer(-1,00000000000000000000000000000000) [PhysX] Initialized MultithreadedTaskDispatcher with 12 workers.
[PhysX] Initialized MultithreadedTaskDispatcher with 12 workers.
 -> (artifact id: '54b261710dee678304c9d1a982dc281e') in 0.025999 seconds
Start importing Assets/ToonyTinyPeople/TT_RTS/TT_RTS_Standard/prefabs/TT_Settler.prefab using Guid(cc1d9ae112f9093468713bfc446711b2) Importer(-1,00000000000000000000000000000000) [PhysX] Initialized MultithreadedTaskDispatcher with 12 workers.
[PhysX] Initialized MultithreadedTaskDispatcher with 12 workers.
 -> (artifact id: '59d847b983beee343cf022f4b4e49e63') in 0.012173 seconds
Start importing Assets/_Game/Prefabs/UI/BuildingButtonPrefab.prefab using Guid(dc562d076d17a23499454a24d21615dd) Importer(-1,00000000000000000000000000000000) [PhysX] Initialized MultithreadedTaskDispatcher with 12 workers.
[PhysX] Initialized MultithreadedTaskDispatcher with 12 workers.
 -> (artifact id: 'a356a72486b28955231ee505fb1bc584') in 0.004418 seconds
Start importing Assets/ToonyTinyPeople/TT_RTS/TT_RTS_Standard/FX/FX_prefabs/FX_machine_destroyed.prefab using Guid(2d2512403e1ec3149916914c3e6331e9) Importer(-1,00000000000000000000000000000000) [PhysX] Initialized MultithreadedTaskDispatcher with 12 workers.
[PhysX] Initialized MultithreadedTaskDispatcher with 12 workers.
 -> (artifact id: 'b3f865703e3c287cab67fd2ec44d5abd') in 0.014783 seconds
Start importing Assets/ToonyTinyPeople/TT_RTS/TT_RTS_Standard/prefabs/TT_Light_Cavalry.prefab using Guid(4e3c7da5fb6ce5a47a0a7dbc18b843c6) Importer(-1,00000000000000000000000000000000) [PhysX] Initialized MultithreadedTaskDispatcher with 12 workers.
[PhysX] Initialized MultithreadedTaskDispatcher with 12 workers.
 -> (artifact id: '9314bf6e9e20d4b6c737a084e1895017') in 0.021500 seconds
Start importing Assets/ToonyTinyPeople/TT_RTS/TT_RTS_Standard/prefabs/machines/TT_Ballista_lvl3.prefab using Guid(be607792e9a197147bc0da34fc8a8309) Importer(-1,00000000000000000000000000000000) [PhysX] Initialized MultithreadedTaskDispatcher with 12 workers.
[PhysX] Initialized MultithreadedTaskDispatcher with 12 workers.
 -> (artifact id: '05b7076eaeb27b614a7d1f765d3f6ed4') in 0.003445 seconds
Start importing Assets/ToonyTinyPeople/TT_RTS/TT_RTS_Standard/prefabs/machines/TT_Ballista_lvl2.prefab using Guid(be2c86bd3ccd77d41a4ead63802e98c6) Importer(-1,00000000000000000000000000000000) [PhysX] Initialized MultithreadedTaskDispatcher with 12 workers.
[PhysX] Initialized MultithreadedTaskDispatcher with 12 workers.
 -> (artifact id: 'ba3daafcff0f4d3829803994a70ca435') in 0.003587 seconds
Start importing Assets/SimpleNaturePack/Prefabs/Rock_02.prefab using Guid(cebfacc247a640945a2c30b442202fca) Importer(-1,00000000000000000000000000000000) [PhysX] Initialized MultithreadedTaskDispatcher with 12 workers.
[PhysX] Initialized MultithreadedTaskDispatcher with 12 workers.
 -> (artifact id: '74cbcb78f094c790f1679a7769830bfb') in 0.002689 seconds
Start importing Assets/SimpleNaturePack/Prefabs/Stump_01.prefab using Guid(eebb56c82efbd8d4bb0eb6bd925a0e9d) Importer(-1,00000000000000000000000000000000) [PhysX] Initialized MultithreadedTaskDispatcher with 12 workers.
[PhysX] Initialized MultithreadedTaskDispatcher with 12 workers.
 -> (artifact id: 'fccecfa077637651954f421bfcdb8d97') in 0.003406 seconds
Start importing Assets/_Game/Prefabs/Units/Knight.prefab using Guid(fe2a5bf9b4c2d4a4b9853a8506f18c40) Importer(-1,00000000000000000000000000000000) [PhysX] Initialized MultithreadedTaskDispatcher with 12 workers.
[PhysX] Initialized MultithreadedTaskDispatcher with 12 workers.
 -> (artifact id: '790e47b5d0d7761d0ce0d004b9fcc22e') in 0.004659 seconds
Start importing Assets/SimpleNaturePack/Prefabs/Rock_03.prefab using Guid(0fde05fa0f3321942a21896ff4f0856f) Importer(-1,00000000000000000000000000000000) [PhysX] Initialized MultithreadedTaskDispatcher with 12 workers.
[PhysX] Initialized MultithreadedTaskDispatcher with 12 workers.
 -> (artifact id: 'b3a19f49103637924b8d5b9c3741805a') in 0.002774 seconds
Start importing Assets/SimpleNaturePack/Prefabs/Ground_03.prefab using Guid(3f9b178ccd3b86f4ebbfc1f5a2815e56) Importer(-1,00000000000000000000000000000000) [PhysX] Initialized MultithreadedTaskDispatcher with 12 workers.
[PhysX] Initialized MultithreadedTaskDispatcher with 12 workers.
 -> (artifact id: '979ee49772efdca96139dc3322974c3b') in 0.002701 seconds
Start importing Assets/ToonyTinyPeople/TT_RTS/TT_RTS_Standard/prefabs/TT_HighPriest.prefab using Guid(5f6ee5df488746f4ca1b939fbaac29e2) Importer(-1,00000000000000000000000000000000) [PhysX] Initialized MultithreadedTaskDispatcher with 12 workers.
[PhysX] Initialized MultithreadedTaskDispatcher with 12 workers.
 -> (artifact id: '99bb7aa93bb709fd7139cea81ebe10fa') in 0.016910 seconds
Start importing Assets/ToonyTinyPeople/TT_RTS/TT_RTS_Standard/prefabs/banners/TT_Banner_White.prefab using Guid(9f3b14bf96e8b5244bf2f3da9fe641e5) Importer(-1,00000000000000000000000000000000) [PhysX] Initialized MultithreadedTaskDispatcher with 12 workers.
[PhysX] Initialized MultithreadedTaskDispatcher with 12 workers.
 -> (artifact id: '07c9316429c557349cf2ccb8efe9bdf3') in 0.004777 seconds
Start importing Assets/ToonyTinyPeople/TT_RTS/TT_RTS_Standard/prefabs/machines/TT_Catapult_lvl2.prefab using Guid(afd15f60f8674bc4894fc5c2056f342a) Importer(-1,00000000000000000000000000000000) [PhysX] Initialized MultithreadedTaskDispatcher with 12 workers.
[PhysX] Initialized MultithreadedTaskDispatcher with 12 workers.
 -> (artifact id: '64078ac04da6f0acd9e2d4a3758fd4a6') in 0.003490 seconds
Start importing Assets/_Game/Prefabs/Units/Archer.prefab using Guid(bf478925176f73843bea29ca1cfec319) Importer(-1,00000000000000000000000000000000) [PhysX] Initialized MultithreadedTaskDispatcher with 12 workers.
[PhysX] Initialized MultithreadedTaskDispatcher with 12 workers.
 -> (artifact id: 'f86e295a41621962a467b08af5278e71') in 0.002574 seconds
Start importing Assets/SimpleNaturePack/Prefabs/Mushroom_01.prefab using Guid(ff62b58c5a9ea164fa8ddf8038e10cd1) Importer(-1,00000000000000000000000000000000) [PhysX] Initialized MultithreadedTaskDispatcher with 12 workers.
[PhysX] Initialized MultithreadedTaskDispatcher with 12 workers.
 -> (artifact id: 'a383fde29a62cf97327d345b14e53b09') in 0.002843 seconds
Start importing Assets/SimpleNaturePack/Prefabs/Grass_02.prefab using Guid(ffbddc4ef9676cc419e81e06aaa836d8) Importer(-1,00000000000000000000000000000000) [PhysX] Initialized MultithreadedTaskDispatcher with 12 workers.
[PhysX] Initialized MultithreadedTaskDispatcher with 12 workers.
 -> (artifact id: 'c809aa3c489310e2ffb11b85100315f6') in 0.003639 seconds
Start importing Assets/UI Toolkit/UnityThemes/UnityDefaultRuntimeTheme.tss using Guid(bf5f70ed7c56ef9429c2e9e5605b0809) Importer(-1,00000000000000000000000000000000) [PhysX] Initialized MultithreadedTaskDispatcher with 12 workers.
 -> (artifact id: 'f45d3c6077b7edffa0a6ff43541d72af') in 0.059602 seconds
Loading style catalogs (6)
	StyleSheets/Extensions/base/common.uss
	UIPackageResources/StyleSheets/Default/Variables/Public/common.uss
	StyleSheets/Northstar/common.uss
	StyleSheets/Extensions/fonts/inter.uss
	StyleSheets/Extensions/base/dark.uss
	UIPackageResources/StyleSheets/Default/Northstar/Palette/dark.uss
Refreshing native plugins compatible for Editor in 0.00 ms, found 0 plugins.
Preloading 0 native plugins for Editor in 0.00 ms.
Asset Pipeline Refresh (id=a37eb2cd6fc6eb244826088127560399): Total: 23.038 seconds - Initiated by InitialRefreshV2(ForceSynchronousImport)
	Summary:
		Imports: total=1806 (actual=1806, local cache=0, cache server=0)
		Asset DB Process Time: managed=161 ms, native=16198 ms
		Asset DB Callback time: managed=536 ms, native=250 ms
		Scripting: domain reloads=1, domain reload time=637 ms, compile time=5233 ms, other=19 ms
		Project Asset Count: scripts=970, non-scripts=836
		Asset File Changes: new=1806, changed=1806, moved=0, deleted=0
		Scan Filter Count: 0
	InvokeBeforeRefreshCallbacks: 0.847ms
	ApplyChangesToAssetFolders: 0.075ms
	Scan: 259.725ms
	OnSourceAssetsModified: 13.061ms
	GetAllGuidsForCategorization: 0.370ms
	CategorizeAssets: 19.462ms
	ImportOutOfDateAssets: 16174.698ms (-4932.905ms without children)
		ImportManagerImport: 15872.945ms (483.140ms without children)
			ImportInProcess: 15384.126ms
			UpdateCategorizedAssets: 5.678ms
		CompileScripts: 5233.175ms
		ReloadNativeAssets: 0.001ms
		UnloadImportedAssets: 0.266ms
		ReloadImportedAssets: 0.208ms
		EnsureUptoDateAssetsAreRegisteredWithGuidPM: 0.354ms
		InitializingProgressBar: 0.011ms
		PostProcessAllAssetNotificationsAddChangedAssets: 0.001ms
		OnDemandSchedulerStart: 0.642ms
	PostProcessAllAssets: 768.786ms
	Hotreload: 34.726ms
	GatherAllCurrentPrimaryArtifactRevisions: 0.047ms
	UnloadStreamsBegin: 12.483ms
	PersistCurrentRevisions: 1.346ms
	UnloadStreamsEnd: 0.240ms
	GenerateScriptTypeHashes: 0.297ms
	Untracked: 5751.977ms
Application.AssetDatabase Initial Refresh End
Scanning for USB devices : 12.924ms
Initializing Unity extensions:
[Licensing::Client] Successfully resolved entitlement details
[MODES] ModeService[none].Initialize
[MODES] ModeService[none].LoadModes
[MODES] Loading mode Default (0) for mode-current-id-15_MD
[PhysX] Initialized MultithreadedTaskDispatcher with 12 workers.
ProgressiveSceneManager::Cancel()
Unloading 613 Unused Serialized files (Serialized files now loaded: 0)
Unloading 17309 unused Assets / (7.8 MB). Loaded Objects now: 1208.
Memory consumption went from 231.4 MB to 223.6 MB.
Total: 15.921200 ms (FindLiveObjects: 1.072700 ms CreateObjectMapping: 0.903100 ms MarkObjects: 3.053200 ms  DeleteObjects: 10.891200 ms)

executeMethod class 'MadDragonCliBuild' could not be found.
Argument was -executeMethod MedievalRTS.EditorTools.MadDragonCliBuild.BuildWindows64
Exiting without the bug reporter. Application will terminate with return code 1