[Licensing::Module] Trying to connect to existing licensing client channel...
[Licensing::IpcConnector] Channel LicenseClient-PC-54 doesn't exist
[Licensing::Module] Successfully launched the LicensingClient (PId: 61512)
[Licensing::IpcConnector] Successfully connected to: "LicenseClient-PC-54" at "2026-06-30T03:20:27.2654471Z"
[Licensing::Client] Code 10 while verifying Licensing Client signature (process Id: 61512, path: "C:/Program Files/Unity/Hub/Editor/2022.3.62f3/Editor/Data/Resources/Licensing/Client/Unity.Licensing.Client.exe")
[Licensing::Module] LicensingClient has failed validation; ignoring
[Licensing::Client] Handshaking with LicensingClient:
  Version:                 1.16.2+bdef8f5
  Session Id:              2daf78fc942f4218b1c03211e551ced5
  Correlation Id:          db32c66ecbf19bce92e8dfc46d95f8ce
  External correlation Id: 9165308670449194274
  Machine Id:              6z7xG4lA7tnd6/+sdSgd0G/nB8I=
[Licensing::Module] Successfully connected to LicensingClient on channel: "LicenseClient-PC-54" (connect: 1.94s, validation: 0.11s, handshake: 0.07s)
[Licensing::IpcConnector] Successfully connected to: "LicenseClient-PC-54-notifications" at "2026-06-30T03:20:27.4449536Z"
[Licensing::Module] Connected to LicensingClient (PId: 61512, launch time: 0.00, total connection time: 2.12s)
[Licensing::Module] Error: Access token is unavailable; failed to update
[Licensing::Client] Successfully updated license
Built from '2022.3/respin/2022.3.62f2-4af31df585-v2' branch; Version is '2022.3.62f3 (96770f904ca7) revision 9860879'; Using compiler version '192829333'; Build Type 'Release'
OS: 'Windows 11  (10.0.26200) 64bit Professional' Language: 'ko' Physical Memory: 32405 MB
[Licensing::Client] Successfully resolved entitlement details
[Licensing::Module] Serial number assigned to: "14569687781412-stoic-program-UnityPrXXXX"
BatchMode: 1, IsHumanControllingUs: 0, StartBugReporterOnCrash: 0, Is64bit: 1, IsPro: 1
[Licensing::Client] Successfully resolved entitlement details

COMMAND LINE ARGUMENTS:
C:\Program Files\Unity\Hub\Editor\2022.3.62f3\Editor\Unity.exe
-batchmode
-quit
-nographics
-projectPath
C:\Development\15_MD
-executeMethod
MedievalRTS.Editor.MadDragonCliBuild.BuildWindows64
-logFile
C:\Development\15_MD\unity-build-windows-retry2-escalated.log
Successfully changed project path to: C:\Development\15_MD
C:/Development/15_MD
[UnityMemory] Configuration Parameters - Can be set up in boot.config
    "memorysetup-bucket-allocator-granularity=16"
    "memorysetup-bucket-allocator-bucket-count=8"
    "memorysetup-bucket-allocator-block-size=33554432"
    "memorysetup-bucket-allocator-block-count=8"
    "memorysetup-main-allocator-block-size=16777216"
    "memorysetup-thread-allocator-block-size=16777216"
    "memorysetup-gfx-main-allocator-block-size=16777216"
    "memorysetup-gfx-thread-allocator-block-size=16777216"
    "memorysetup-cache-allocator-block-size=4194304"
    "memorysetup-typetree-allocator-block-size=2097152"
    "memorysetup-profiler-bucket-allocator-granularity=16"
    "memorysetup-profiler-bucket-allocator-bucket-count=8"
    "memorysetup-profiler-bucket-allocator-block-size=33554432"
    "memorysetup-profiler-bucket-allocator-block-count=8"
    "memorysetup-profiler-allocator-block-size=16777216"
    "memorysetup-profiler-editor-allocator-block-size=1048576"
    "memorysetup-temp-allocator-size-main=16777216"
    "memorysetup-job-temp-allocator-block-size=2097152"
    "memorysetup-job-temp-allocator-block-size-background=1048576"
    "memorysetup-job-temp-allocator-reduction-small-platforms=262144"
    "memorysetup-allocator-temp-initial-block-size-main=262144"
    "memorysetup-allocator-temp-initial-block-size-worker=262144"
    "memorysetup-temp-allocator-size-background-worker=32768"
    "memorysetup-temp-allocator-size-job-worker=262144"
    "memorysetup-temp-allocator-size-preload-manager=33554432"
    "memorysetup-temp-allocator-size-nav-mesh-worker=65536"
    "memorysetup-temp-allocator-size-audio-worker=65536"
    "memorysetup-temp-allocator-size-cloud-worker=32768"
    "memorysetup-temp-allocator-size-gi-baking-worker=262144"
    "memorysetup-temp-allocator-size-gfx=262144"
Player connection [75160]  Target information:

Player connection [75160]  * "[IP] 192.168.0.55 [Port] 55504 [Flags] 2 [Guid] 598056447 [EditorId] 598056447 [Version] 1048832 [Id] WindowsEditor(7,S2309-PC-54) [Debug] 1 [PackageName] WindowsEditor [ProjectName] Editor" 

Player connection [75160] Host joined multi-casting on [225.0.0.222:54997]...
Player connection [75160] Host joined alternative multi-casting on [225.0.0.222:34997]...
Input System module state changed to: Initialized.
[PhysX] Initialized MultithreadedTaskDispatcher with 12 workers.
[Package Manager] UpmClient::Connect -- Connected to IPC stream "Upm-56448" after 0.6 seconds.
[Package Manager] Restoring resolved packages state from cache
[Licensing::Client] Successfully resolved entitlement details
[Package Manager] Registered 36 packages:
  Packages from [https://packages.unity.com]:
    com.unity.nuget.newtonsoft-json@3.2.1 (location: C:\Development\15_MD\Library\PackageCache\com.unity.nuget.newtonsoft-json@3.2.1)
    com.unity.test-framework@1.4.5 (location: C:\Development\15_MD\Library\PackageCache\com.unity.test-framework@1.4.5)
    com.unity.ext.nunit@2.0.3 (location: C:\Development\15_MD\Library\PackageCache\com.unity.ext.nunit@2.0.3)
  Built-in packages:
    com.unity.ugui@1.0.0 (location: C:\Development\15_MD\Library\PackageCache\com.unity.ugui@1.0.0)
    com.unity.modules.ai@1.0.0 (location: C:\Development\15_MD\Library\PackageCache\com.unity.modules.ai@1.0.0)
    com.unity.modules.androidjni@1.0.0 (location: C:\Development\15_MD\Library\PackageCache\com.unity.modules.androidjni@1.0.0)
    com.unity.modules.animation@1.0.0 (location: C:\Development\15_MD\Library\PackageCache\com.unity.modules.animation@1.0.0)
    com.unity.modules.assetbundle@1.0.0 (location: C:\Development\15_MD\Library\PackageCache\com.unity.modules.assetbundle@1.0.0)
    com.unity.modules.audio@1.0.0 (location: C:\Development\15_MD\Library\PackageCache\com.unity.modules.audio@1.0.0)
    com.unity.modules.cloth@1.0.0 (location: C:\Development\15_MD\Library\PackageCache\com.unity.modules.cloth@1.0.0)
    com.unity.modules.director@1.0.0 (location: C:\Development\15_MD\Library\PackageCache\com.unity.modules.director@1.0.0)
    com.unity.modules.imageconversion@1.0.0 (location: C:\Development\15_MD\Library\PackageCache\com.unity.modules.imageconversion@1.0.0)
    com.unity.modules.imgui@1.0.0 (location: C:\Development\15_MD\Library\PackageCache\com.unity.modules.imgui@1.0.0)
    com.unity.modules.jsonserialize@1.0.0 (location: C:\Development\15_MD\Library\PackageCache\com.unity.modules.jsonserialize@1.0.0)
    com.unity.modules.particlesystem@1.0.0 (location: C:\Development\15_MD\Library\PackageCache\com.unity.modules.particlesystem@1.0.0)
    com.unity.modules.physics@1.0.0 (location: C:\Development\15_MD\Library\PackageCache\com.unity.modules.physics@1.0.0)
    com.unity.modules.physics2d@1.0.0 (location: C:\Development\15_MD\Library\PackageCache\com.unity.modules.physics2d@1.0.0)
    com.unity.modules.screencapture@1.0.0 (location: C:\Development\15_MD\Library\PackageCache\com.unity.modules.screencapture@1.0.0)
    com.unity.modules.terrain@1.0.0 (location: C:\Development\15_MD\Library\PackageCache\com.unity.modules.terrain@1.0.0)
    com.unity.modules.terrainphysics@1.0.0 (location: C:\Development\15_MD\Library\PackageCache\com.unity.modules.terrainphysics@1.0.0)
    com.unity.modules.tilemap@1.0.0 (location: C:\Development\15_MD\Library\PackageCache\com.unity.modules.tilemap@1.0.0)
    com.unity.modules.ui@1.0.0 (location: C:\Development\15_MD\Library\PackageCache\com.unity.modules.ui@1.0.0)
    com.unity.modules.uielements@1.0.0 (location: C:\Development\15_MD\Library\PackageCache\com.unity.modules.uielements@1.0.0)
    com.unity.modules.umbra@1.0.0 (location: C:\Development\15_MD\Library\PackageCache\com.unity.modules.umbra@1.0.0)
    com.unity.modules.unityanalytics@1.0.0 (location: C:\Development\15_MD\Library\PackageCache\com.unity.modules.unityanalytics@1.0.0)
    com.unity.modules.unitywebrequest@1.0.0 (location: C:\Development\15_MD\Library\PackageCache\com.unity.modules.unitywebrequest@1.0.0)
    com.unity.modules.unitywebrequestassetbundle@1.0.0 (location: C:\Development\15_MD\Library\PackageCache\com.unity.modules.unitywebrequestassetbundle@1.0.0)
    com.unity.modules.unitywebrequestaudio@1.0.0 (location: C:\Development\15_MD\Library\PackageCache\com.unity.modules.unitywebrequestaudio@1.0.0)
    com.unity.modules.unitywebrequesttexture@1.0.0 (location: C:\Development\15_MD\Library\PackageCache\com.unity.modules.unitywebrequesttexture@1.0.0)
    com.unity.modules.unitywebrequestwww@1.0.0 (location: C:\Development\15_MD\Library\PackageCache\com.unity.modules.unitywebrequestwww@1.0.0)
    com.unity.modules.vehicles@1.0.0 (location: C:\Development\15_MD\Library\PackageCache\com.unity.modules.vehicles@1.0.0)
    com.unity.modules.video@1.0.0 (location: C:\Development\15_MD\Library\PackageCache\com.unity.modules.video@1.0.0)
    com.unity.modules.vr@1.0.0 (location: C:\Development\15_MD\Library\PackageCache\com.unity.modules.vr@1.0.0)
    com.unity.modules.wind@1.0.0 (location: C:\Development\15_MD\Library\PackageCache\com.unity.modules.wind@1.0.0)
    com.unity.modules.xr@1.0.0 (location: C:\Development\15_MD\Library\PackageCache\com.unity.modules.xr@1.0.0)
    com.unity.modules.subsystems@1.0.0 (location: C:\Development\15_MD\Library\PackageCache\com.unity.modules.subsystems@1.0.0)
[Subsystems] No new subsystems found in resolved package list.
Package Manager log level set to [2]
[Package Manager] Done registering packages in 0.17 seconds
Refreshing native plugins compatible for Editor in 11.65 ms, found 0 plugins.
Preloading 0 native plugins for Editor in 0.00 ms.
Initialize engine version: 2022.3.62f3 (96770f904ca7)
[Subsystems] Discovering subsystems at path C:/Program Files/Unity/Hub/Editor/2022.3.62f3/Editor/Data/Resources/UnitySubsystems
[Subsystems] Discovering subsystems at path C:/Development/15_MD/Assets
Forcing GfxDevice: Null
GfxDevice: creating device client; threaded=0; jobified=0
NullGfxDevice:
    Version:  NULL 1.0 [1.0]
    Renderer: Null Device
    Vendor:   Unity Technologies
[Licensing::Client] Successfully resolved entitlement details
Initialize mono
Mono path[0] = 'C:/Program Files/Unity/Hub/Editor/2022.3.62f3/Editor/Data/Managed'
Mono path[1] = 'C:/Program Files/Unity/Hub/Editor/2022.3.62f3/Editor/Data/MonoBleedingEdge/lib/mono/unityjit-win32'
Mono config path = 'C:/Program Files/Unity/Hub/Editor/2022.3.62f3/Editor/Data/MonoBleedingEdge/etc'
Using monoOptions --debugger-agent=transport=dt_socket,embedding=1,server=y,suspend=n,address=127.0.0.1:56448
Using cacheserver namespaces - metadata:defaultmetadata, artifacts:defaultartifacts
Using cacheserver namespaces - metadata:defaultmetadata, artifacts:defaultartifacts
ImportWorker Server TCP listen port: 0
Begin MonoManager ReloadAssembly
Registering precompiled unity dll's ...
Register platform support module: C:/Program Files/Unity/Hub/Editor/2022.3.62f3/Editor/Data/PlaybackEngines/WebGLSupport/UnityEditor.WebGL.Extensions.dll
[Licensing::Client] Successfully resolved entitlement details
Register platform support module: C:/Program Files/Unity/Hub/Editor/2022.3.62f3/Editor/Data/PlaybackEngines/AndroidPlayer/UnityEditor.Android.Extensions.dll
Register platform support module: C:/Program Files/Unity/Hub/Editor/2022.3.62f3/Editor/Data/PlaybackEngines/WindowsStandaloneSupport/UnityEditor.WindowsStandalone.Extensions.dll
Registered in 0.034610 seconds.
- Loaded All Assemblies, in  0.578 seconds
Native extension for WindowsStandalone target not found
Native extension for Android target not found
Android Extension - Scanning For ADB Devices 4065 ms
Native extension for WebGL target not found
Mono: successfully reloaded assembly
- Finished resetting the current domain, in  4.370 seconds
Domain Reload Profiling: 4945ms
	BeginReloadAssembly (176ms)
		ExecutionOrderSort (0ms)
		DisableScriptedObjects (0ms)
		BackupInstance (0ms)
		ReleaseScriptingObjects (0ms)
		CreateAndSetChildDomain (2ms)
	RebuildCommonClasses (39ms)
	RebuildNativeTypeToScriptingClass (15ms)
	initialDomainReloadingComplete (110ms)
	LoadAllAssembliesAndSetupDomain (234ms)
		LoadAssemblies (173ms)
		RebuildTransferFunctionScriptingTraits (0ms)
		AnalyzeDomain (227ms)
			TypeCache.Refresh (225ms)
				TypeCache.ScanAssembly (205ms)
			ScanForSourceGeneratedMonoScriptInfo (1ms)
			ResolveRequiredComponents (1ms)
	FinalizeReload (4371ms)
		ReleaseScriptCaches (0ms)
		RebuildScriptCaches (0ms)
		SetupLoadedEditorAssemblies (4322ms)
			LogAssemblyErrors (0ms)
			InitializePlatformSupportModulesInManaged (4171ms)
			SetLoadedEditorAssemblies (6ms)
			RefreshPlugins (0ms)
			BeforeProcessingInitializeOnLoad (2ms)
			ProcessInitializeOnLoadAttributes (102ms)
			ProcessInitializeOnLoadMethodAttributes (41ms)
			AfterProcessingInitializeOnLoad (0ms)
			EditorAssembliesLoaded (0ms)
		ExecutionOrderSort2 (0ms)
		AwakeInstancesAfterBackupRestoration (0ms)
[Licensing::Client] Successfully resolved entitlement details
Application.AssetDatabase Initial Refresh Start
info: Microsoft.Hosting.Lifetime[14]
      Now listening on: http://localhost:80
info: Microsoft.Hosting.Lifetime[0]
      Application started. Press Ctrl+C to shut down.
info: Microsoft.Hosting.Lifetime[0]
      Hosting environment: Production
info: Microsoft.Hosting.Lifetime[0]
      Content root path: C:\Development\15_MD\
info: Microsoft.AspNetCore.Hosting.Diagnostics[1]
      Request starting HTTP/2 POST http://ilpp/UnityILPP.PostProcessing/Ping application/grpc -
info: Microsoft.AspNetCore.Routing.EndpointMiddleware[0]
      Executing endpoint 'gRPC - /UnityILPP.PostProcessing/Ping'
info: Microsoft.AspNetCore.Routing.EndpointMiddleware[1]
      Executed endpoint 'gRPC - /UnityILPP.PostProcessing/Ping'
info: Microsoft.AspNetCore.Hosting.Diagnostics[2]
      Request finished HTTP/2 POST http://ilpp/UnityILPP.PostProcessing/Ping application/grpc - - 200 - application/grpc 39.4817ms
Starting: C:\Program Files\Unity\Hub\Editor\2022.3.62f3\Editor\Data\bee_backend.exe --ipc --defer-dag-verification --dagfile="Library/Bee/1900b0aE.dag" --continue-on-failure --profile="Library/Bee/backend1.traceevents" ScriptAssemblies
WorkingDir: C:/Development/15_MD
DisplayProgressbar: Compiling Scripts
ExitCode: 0 Duration: 0s97ms
*** Tundra build success (0.06 seconds), 0 items updated, 152 evaluated
AssetDatabase: script compilation time: 0.616173s
Begin MonoManager ReloadAssembly
Symbol file LoadedFromMemory is not a mono symbol file
- Loaded All Assemblies, in  0.431 seconds
Refreshing native plugins compatible for Editor in 1.04 ms, found 0 plugins.
Preloading 0 native plugins for Editor in 0.00 ms.
Refreshing native plugins compatible for Editor in 0.83 ms, found 0 plugins.
Total cache size 268314463
Total cache size after purge 268314463
Native extension for WindowsStandalone target not found
Native extension for Android target not found
Native extension for WebGL target not found
Mono: successfully reloaded assembly
- Finished resetting the current domain, in  0.335 seconds
Domain Reload Profiling: 763ms
	BeginReloadAssembly (146ms)
		ExecutionOrderSort (0ms)
		DisableScriptedObjects (4ms)
		BackupInstance (0ms)
		ReleaseScriptingObjects (0ms)
		CreateAndSetChildDomain (31ms)
	RebuildCommonClasses (39ms)
	RebuildNativeTypeToScriptingClass (13ms)
	initialDomainReloadingComplete (31ms)
	LoadAllAssembliesAndSetupDomain (198ms)
		LoadAssemblies (230ms)
		RebuildTransferFunctionScriptingTraits (0ms)
		AnalyzeDomain (47ms)
			TypeCache.Refresh (41ms)
				TypeCache.ScanAssembly (29ms)
			ScanForSourceGeneratedMonoScriptInfo (4ms)
			ResolveRequiredComponents (2ms)
	FinalizeReload (335ms)
		ReleaseScriptCaches (0ms)
		RebuildScriptCaches (0ms)
		SetupLoadedEditorAssemblies (216ms)
			LogAssemblyErrors (0ms)
			InitializePlatformSupportModulesInManaged (22ms)
			SetLoadedEditorAssemblies (2ms)
			RefreshPlugins (0ms)
			BeforeProcessingInitializeOnLoad (37ms)
			ProcessInitializeOnLoadAttributes (118ms)
			ProcessInitializeOnLoadMethodAttributes (27ms)
			AfterProcessingInitializeOnLoad (10ms)
			EditorAssembliesLoaded (0ms)
		ExecutionOrderSort2 (0ms)
		AwakeInstancesAfterBackupRestoration (7ms)
Asset Pipeline Refresh (id=1082029a0b3d7094491497b352201a2d): Total: 2.047 seconds - Initiated by InitialRefreshV2(ForceSynchronousImport)
	Summary:
		Imports: total=0 (actual=0, local cache=0, cache server=0)
		Asset DB Process Time: managed=0 ms, native=604 ms
		Asset DB Callback time: managed=15 ms, native=0 ms
		Scripting: domain reloads=1, domain reload time=794 ms, compile time=618 ms, other=13 ms
		Project Asset Count: scripts=970, non-scripts=836
		Asset File Changes: new=0, changed=0, moved=0, deleted=0
		Scan Filter Count: 0
	InvokeBeforeRefreshCallbacks: 0.858ms
	ApplyChangesToAssetFolders: 0.035ms
	Scan: 87.876ms
	OnSourceAssetsModified: 0.003ms
	GetAllGuidsForCategorization: 0.401ms
	CategorizeAssets: 36.768ms
	ImportOutOfDateAssets: 344.706ms (-280.179ms without children)
		CompileScripts: 618.260ms
		ReloadNativeAssets: 0.000ms
		UnloadImportedAssets: 5.589ms
		EnsureUptoDateAssetsAreRegisteredWithGuidPM: 0.540ms
		InitializingProgressBar: 0.007ms
		PostProcessAllAssetNotificationsAddChangedAssets: 0.001ms
		OnDemandSchedulerStart: 0.488ms
	PostProcessAllAssets: 15.508ms
	GatherAllCurrentPrimaryArtifactRevisions: 0.001ms
	UnloadStreamsBegin: 0.219ms
	PersistCurrentRevisions: 0.047ms
	UnloadStreamsEnd: 0.004ms
	GenerateScriptTypeHashes: 0.983ms
	Untracked: 1560.691ms
Application.AssetDatabase Initial Refresh End
Scanning for USB devices : 12.987ms
Initializing Unity extensions:
[Licensing::Client] Successfully resolved entitlement details
[MODES] ModeService[none].Initialize
[MODES] ModeService[none].LoadModes
[MODES] Loading mode Default (0) for mode-current-id-15_MD
[PhysX] Initialized MultithreadedTaskDispatcher with 12 workers.
ProgressiveSceneManager::Cancel()
Unloading 3 Unused Serialized files (Serialized files now loaded: 0)
Unloading 22 unused Assets / (471.4 KB). Loaded Objects now: 1174.
Memory consumption went from 89.1 MB to 88.6 MB.
Total: 3.932100 ms (FindLiveObjects: 0.117800 ms CreateObjectMapping: 0.014900 ms MarkObjects: 3.501700 ms  DeleteObjects: 0.296200 ms)

Launched and connected shader compiler UnityShaderCompiler.exe after 0.08 seconds
info: Microsoft.AspNetCore.Hosting.Diagnostics[1]
      Request starting HTTP/2 POST http://ilpp/UnityILPP.PostProcessing/Ping application/grpc -
info: Microsoft.AspNetCore.Routing.EndpointMiddleware[0]
      Executing endpoint 'gRPC - /UnityILPP.PostProcessing/Ping'
info: Microsoft.AspNetCore.Routing.EndpointMiddleware[1]
      Executed endpoint 'gRPC - /UnityILPP.PostProcessing/Ping'
info: Microsoft.AspNetCore.Hosting.Diagnostics[2]
      Request finished HTTP/2 POST http://ilpp/UnityILPP.PostProcessing/Ping application/grpc - - 200 - application/grpc 1.4891ms
Starting: C:\Program Files\Unity\Hub\Editor\2022.3.62f3\Editor\Data\bee_backend.exe --ipc --defer-dag-verification --dagfile="Library/Bee/1900b0aESkipCompile.dag" --continue-on-failure --profile="Library/Bee/backend1.traceevents" ScriptAssembliesAndTypeDB
WorkingDir: C:/Development/15_MD
ExitCode: 4 Duration: 0s38ms
[             ] Require frontend run.  Library/Bee/1900b0aESkipCompile.dag couldn't be loaded
Starting: C:\Program Files\Unity\Hub\Editor\2022.3.62f3\Editor\Data\Tools\netcorerun\netcorerun.exe "C:\Program Files\Unity\Hub\Editor\2022.3.62f3\Editor\Data\Tools\BuildPipeline\ScriptCompilationBuildProgram.exe" "Library/Bee/1900b0aESkipCompile.dag.json" "Library/Bee/1900b0aESkipCompile-inputdata.json" "Library\Bee\buildprogram0.traceevents"
WorkingDir: C:/Development/15_MD
ExitCode: 0 Duration: 0s261ms
Starting: C:\Program Files\Unity\Hub\Editor\2022.3.62f3\Editor\Data\bee_backend.exe --ipc --defer-dag-verification --dagfile="Library/Bee/1900b0aESkipCompile.dag" --continue-on-failure --dagfilejson="Library\Bee\1900b0aESkipCompile.dag.json" --profile="Library/Bee/backend2.traceevents" ScriptAssembliesAndTypeDB
WorkingDir: C:/Development/15_MD
ExitCode: 0 Duration: 0s318ms
Finished compiling graph: 4 nodes, 5 flattened edges (5 ToBuild, 0 ToUse), maximum node priority 3
[2/3        0s] BuildPlayerDataGenerator Library/BuildPlayerData/Editor/TypeDb-All.json
*** Tundra build success (0.29 seconds), 1 items updated, 3 evaluated
Asset Pipeline Refresh (id=e1f0280604d9e844696d31fe5dac4b3e): Total: 0.005 seconds - Initiated by RefreshV2(NoUpdateAssetOptions)
[ScriptCompilation] Requested script compilation because: Recompiling scripts for player build.
BuildPlayer: start building target 19
info: Microsoft.AspNetCore.Hosting.Diagnostics[1]
      Request starting HTTP/2 POST http://ilpp/UnityILPP.PostProcessing/Ping application/grpc -
info: Microsoft.AspNetCore.Routing.EndpointMiddleware[0]
      Executing endpoint 'gRPC - /UnityILPP.PostProcessing/Ping'
info: Microsoft.AspNetCore.Routing.EndpointMiddleware[1]
      Executed endpoint 'gRPC - /UnityILPP.PostProcessing/Ping'
info: Microsoft.AspNetCore.Hosting.Diagnostics[2]
      Request finished HTTP/2 POST http://ilpp/UnityILPP.PostProcessing/Ping application/grpc - - 200 - application/grpc 0.5627ms
Starting: C:\Program Files\Unity\Hub\Editor\2022.3.62f3\Editor\Data\bee_backend.exe --ipc --defer-dag-verification --dagfile="Library/Bee/1900b0aP.dag" --continue-on-failure --profile="Library/Bee/backend1.traceevents" ScriptAssembliesAndTypeDB
WorkingDir: C:/Development/15_MD
ExitCode: 4 Duration: 0s36ms
[             ] Require frontend run.  Library/Bee/1900b0aP.dag couldn't be loaded
Starting: C:\Program Files\Unity\Hub\Editor\2022.3.62f3\Editor\Data\Tools\netcorerun\netcorerun.exe "C:\Program Files\Unity\Hub\Editor\2022.3.62f3\Editor\Data\Tools\BuildPipeline\ScriptCompilationBuildProgram.exe" "Library/Bee/1900b0aP.dag.json" "Library/Bee/1900b0aP-inputdata.json" "Library\Bee\buildprogram0.traceevents"
WorkingDir: C:/Development/15_MD
Total cache size 268314463
Total cache size after purge 268314463
ExitCode: 0 Duration: 0s211ms
Starting: C:\Program Files\Unity\Hub\Editor\2022.3.62f3\Editor\Data\bee_backend.exe --ipc --defer-dag-verification --dagfile="Library/Bee/1900b0aP.dag" --continue-on-failure --dagfilejson="Library\Bee\1900b0aP.dag.json" --profile="Library/Bee/backend2.traceevents" ScriptAssembliesAndTypeDB
WorkingDir: C:/Development/15_MD
ExitCode: 0 Duration: 2s808ms
Finished compiling graph: 88 nodes, 326 flattened edges (314 ToBuild, 4 ToUse), maximum node priority 25
[ 1/87      0s] WriteText Library/Bee/artifacts/1900b0aP.dag/UnityEngine.UI.rsp2
[ 2/87      0s] WriteText Library/Bee/artifacts/1900b0aP.dag/UnityEngine.UI.UnityAdditionalFile.txt
[ 3/87      0s] MovedFromExtractor Library/Bee/artifacts/mvdfrm/UnityEngine.XRModule.dll_B0AB6D77002C078F.mvfrm
[ 4/87      0s] MovedFromExtractor Library/Bee/artifacts/mvdfrm/UnityEngine.ARModule.dll_E919AAC2D60D8DD6.mvfrm
[ 5/87      0s] MovedFromExtractor Library/Bee/artifacts/mvdfrm/UnityEngine.WindModule.dll_83E67EA4EA6F8B6D.mvfrm
[ 6/87      0s] MovedFromExtractor Library/Bee/artifacts/mvdfrm/UnityEngine.AndroidJNIModule.dll_CDBA81508EA17B4B.mvfrm
[ 7/87      0s] MovedFromExtractor Library/Bee/artifacts/mvdfrm/UnityEngine.VRModule.dll_7DECAA7276F1BA31.mvfrm
[ 8/87      0s] MovedFromExtractor Library/Bee/artifacts/mvdfrm/UnityEngine.VirtualTexturingModule.dll_C59D62D1A529FAA2.mvfrm
[ 9/87      0s] MovedFromExtractor Library/Bee/artifacts/mvdfrm/UnityEngine.AIModule.dll_2FA6E5BF78F02F0D.mvfrm
[10/87      0s] MovedFromExtractor Library/Bee/artifacts/mvdfrm/UnityEngine.AnimationModule.dll_915FB2F26A122A43.mvfrm
[11/87      0s] MovedFromExtractor Library/Bee/artifacts/mvdfrm/UnityEngine.AssetBundleModule.dll_88CB6187BD7477D1.mvfrm
[12/87      0s] MovedFromExtractor Library/Bee/artifacts/mvdfrm/UnityEngine.UnityWebRequestAudioModule.dll_B1735C2B9F01705B.mvfrm
[13/87      0s] MovedFromExtractor Library/Bee/artifacts/mvdfrm/UnityEngine.VFXModule.dll_EE3E7EF05E4C4EA7.mvfrm
[14/87      0s] MovedFromExtractor Library/Bee/artifacts/mvdfrm/UnityEngine.VideoModule.dll_DC8D5AA7E7B0DE1A.mvfrm
[15/87      0s] MovedFromExtractor Library/Bee/artifacts/mvdfrm/UnityEngine.UnityWebRequestAssetBundleModule.dll_F03910775A3FF7F7.mvfrm
[16/87      0s] MovedFromExtractor Library/Bee/artifacts/mvdfrm/UnityEngine.VehiclesModule.dll_48A7EF1D66064BBC.mvfrm
[17/87      0s] MovedFromExtractor Library/Bee/artifacts/mvdfrm/UnityEngine.UnityWebRequestWWWModule.dll_AB7D58E3A39EDF8C.mvfrm
[18/87      0s] MovedFromExtractor Library/Bee/artifacts/mvdfrm/UnityEngine.UnityCurlModule.dll_C47C5423DA261C30.mvfrm
[19/87      0s] MovedFromExtractor Library/Bee/artifacts/mvdfrm/UnityEngine.UnityWebRequestModule.dll_0291CC0A2752422F.mvfrm
[20/87      0s] MovedFromExtractor Library/Bee/artifacts/mvdfrm/UnityEngine.UnityWebRequestTextureModule.dll_6A22C96206A06F90.mvfrm
[21/87      0s] MovedFromExtractor Library/Bee/artifacts/mvdfrm/UnityEngine.UnityConnectModule.dll_AE1F54A7ADA03DBA.mvfrm
[22/87      0s] MovedFromExtractor Library/Bee/artifacts/mvdfrm/UnityEngine.UnityAnalyticsModule.dll_AB9C6BA2BA0CC8A6.mvfrm
[23/87      0s] MovedFromExtractor Library/Bee/artifacts/mvdfrm/UnityEngine.AccessibilityModule.dll_9D94CE001F32CADD.mvfrm
[24/87      0s] MovedFromExtractor Library/Bee/artifacts/mvdfrm/UnityEngine.UnityTestProtocolModule.dll_4FB1F41730A8489E.mvfrm
[25/87      0s] MovedFromExtractor Library/Bee/artifacts/mvdfrm/UnityEngine.UmbraModule.dll_32588255B2456DE8.mvfrm
[26/87      0s] MovedFromExtractor Library/Bee/artifacts/mvdfrm/UnityEngine.UnityAnalyticsCommonModule.dll_D4B5C591327F4421.mvfrm
[27/87      0s] MovedFromExtractor Library/Bee/artifacts/mvdfrm/UnityEngine.UIModule.dll_2B1A83ECD53734B9.mvfrm
[28/87      0s] MovedFromExtractor Library/Bee/artifacts/mvdfrm/UnityEngine.TLSModule.dll_6D5FE68187DEE53A.mvfrm
[29/87      0s] MovedFromExtractor Library/Bee/artifacts/mvdfrm/UnityEngine.TextRenderingModule.dll_40D376CBEA11D7BE.mvfrm
[30/87      0s] MovedFromExtractor Library/Bee/artifacts/mvdfrm/UnityEngine.TextCoreFontEngineModule.dll_98D2DD16245B6A02.mvfrm
[31/87      0s] MovedFromExtractor Library/Bee/artifacts/mvdfrm/UnityEngine.TilemapModule.dll_036B5C8D5CB2A7DD.mvfrm
[32/87      0s] MovedFromExtractor Library/Bee/artifacts/mvdfrm/UnityEngine.TextCoreTextEngineModule.dll_E0BB1387B3DF2320.mvfrm
[33/87      0s] MovedFromExtractor Library/Bee/artifacts/mvdfrm/UnityEngine.TerrainPhysicsModule.dll_8C77A3AC27287137.mvfrm
[34/87      0s] MovedFromExtractor Library/Bee/artifacts/mvdfrm/UnityEngine.SubsystemsModule.dll_4BE1A45D4499E9C9.mvfrm
[35/87      0s] MovedFromExtractor Library/Bee/artifacts/mvdfrm/UnityEngine.TerrainModule.dll_646EF50C44F5C6D4.mvfrm
[36/87      0s] MovedFromExtractor Library/Bee/artifacts/mvdfrm/UnityEngine.UIElementsModule.dll_502005C547C625C0.mvfrm
[37/87      0s] MovedFromExtractor Library/Bee/artifacts/mvdfrm/UnityEngine.SubstanceModule.dll_229FB48C04ECDF8F.mvfrm
[38/87      0s] MovedFromExtractor Library/Bee/artifacts/mvdfrm/UnityEngine.StreamingModule.dll_45F4A042B999E181.mvfrm
[39/87      0s] MovedFromExtractor Library/Bee/artifacts/mvdfrm/UnityEngine.SpriteShapeModule.dll_A22C8EE27316AFDB.mvfrm
[40/87      0s] MovedFromExtractor Library/Bee/artifacts/mvdfrm/UnityEngine.RuntimeInitializeOnLoadManagerInitializerModule.dll_27D35650B70C42A1.mvfrm
[41/87      0s] MovedFromExtractor Library/Bee/artifacts/mvdfrm/UnityEngine.SpriteMaskModule.dll_E1343DFB765201B6.mvfrm
[42/87      0s] MovedFromExtractor Library/Bee/artifacts/mvdfrm/UnityEngine.ProfilerModule.dll_032B2ED48536032E.mvfrm
[43/87      0s] MovedFromExtractor Library/Bee/artifacts/mvdfrm/UnityEngine.ScreenCaptureModule.dll_179404C132DA57C9.mvfrm
[44/87      0s] MovedFromExtractor Library/Bee/artifacts/mvdfrm/UnityEngine.SharedInternalsModule.dll_75040335938BA300.mvfrm
[45/87      0s] MovedFromExtractor Library/Bee/artifacts/mvdfrm/UnityEngine.PerformanceReportingModule.dll_3977084D1896A5C3.mvfrm
[46/87      0s] MovedFromExtractor Library/Bee/artifacts/mvdfrm/UnityEngine.PhysicsModule.dll_4A28799D6F377DE6.mvfrm
[47/87      0s] MovedFromExtractor Library/Bee/artifacts/mvdfrm/UnityEngine.PropertiesModule.dll_25430AA9C7CDD078.mvfrm
[48/87      0s] MovedFromExtractor Library/Bee/artifacts/mvdfrm/UnityEngine.Physics2DModule.dll_DE05A2E30B0F21D8.mvfrm
[49/87      0s] MovedFromExtractor Library/Bee/artifacts/mvdfrm/UnityEngine.ParticleSystemModule.dll_8BFCFAD90DE576AA.mvfrm
[50/87      0s] MovedFromExtractor Library/Bee/artifacts/mvdfrm/UnityEngine.LocalizationModule.dll_7EA91000FC1C02CE.mvfrm
[51/87      0s] MovedFromExtractor Library/Bee/artifacts/mvdfrm/UnityEngine.GameCenterModule.dll_F807CB6B54E26C3C.mvfrm
[52/87      0s] MovedFromExtractor Library/Bee/artifacts/mvdfrm/UnityEngine.HotReloadModule.dll_12A870F8454545C5.mvfrm
[53/87      0s] MovedFromExtractor Library/Bee/artifacts/mvdfrm/UnityEngine.InputModule.dll_1DF99DED9B56E719.mvfrm
[54/87      0s] MovedFromExtractor Library/Bee/artifacts/mvdfrm/UnityEngine.JSONSerializeModule.dll_FDAC573C1E6E2B67.mvfrm
[55/87      0s] MovedFromExtractor Library/Bee/artifacts/mvdfrm/UnityEngine.ImageConversionModule.dll_F0F2C4601C5DA7B0.mvfrm
[56/87      0s] MovedFromExtractor Library/Bee/artifacts/mvdfrm/UnityEngine.GIModule.dll_C7E32ECD149F1727.mvfrm
[57/87      0s] MovedFromExtractor Library/Bee/artifacts/mvdfrm/UnityEngine.GridModule.dll_EB08BF6A718DA2FB.mvfrm
[58/87      0s] MovedFromExtractor Library/Bee/artifacts/mvdfrm/UnityEngine.IMGUIModule.dll_EFE375A3EB505656.mvfrm
[59/87      0s] WriteText Library/Bee/artifacts/1900b0aP.dag/UnityEngine.UI.dll.mvfrm.rsp
[60/87      0s] WriteText Library/Bee/artifacts/1900b0aP.dag/UnityEngine.UI.rsp
[61/87      0s] WriteText Library/Bee/artifacts/1900b0aP.dag/MedievalRTS.Runtime.rsp2
[62/87      0s] WriteText Library/Bee/artifacts/1900b0aP.dag/MedievalRTS.Runtime.UnityAdditionalFile.txt
[63/87      0s] WriteText Library/Bee/artifacts/1900b0aP.dag/MedievalRTS.Runtime.dll.mvfrm.rsp
[64/87      0s] WriteText Library/Bee/artifacts/1900b0aP.dag/MedievalRTS.Runtime.rsp
[65/87      0s] MovedFromExtractor Library/Bee/artifacts/mvdfrm/UnityEngine.InputLegacyModule.dll_1A107CA655662DC2.mvfrm
[66/87      0s] MovedFromExtractor Library/Bee/artifacts/mvdfrm/UnityEngine.DSPGraphModule.dll_D63657075E3D4D42.mvfrm
[67/87      0s] MovedFromExtractor Library/Bee/artifacts/mvdfrm/UnityEngine.dll_2B38205B2B088D51.mvfrm
[68/87      0s] MovedFromExtractor Library/Bee/artifacts/mvdfrm/UnityEngine.DirectorModule.dll_D0E4F59DEBDC7C21.mvfrm
[69/87      0s] MovedFromExtractor Library/Bee/artifacts/mvdfrm/UnityEngine.ClusterRendererModule.dll_8500C6AF9A38EFBC.mvfrm
[70/87      0s] MovedFromExtractor Library/Bee/artifacts/mvdfrm/UnityEngine.CrashReportingModule.dll_38EAB18C9FD3EB1C.mvfrm
[71/87      0s] MovedFromExtractor Library/Bee/artifacts/mvdfrm/UnityEngine.ClothModule.dll_1E6C3337FF3BA159.mvfrm
[72/87      0s] MovedFromExtractor Library/Bee/artifacts/mvdfrm/UnityEngine.ContentLoadModule.dll_21E1BAC88BF71FBE.mvfrm
[73/87      0s] MovedFromExtractor Library/Bee/artifacts/mvdfrm/UnityEngine.AudioModule.dll_B783D63D251EC275.mvfrm
[74/87      0s] MovedFromExtractor Library/Bee/artifacts/mvdfrm/UnityEngine.ClusterInputModule.dll_405C45AE64A00FD5.mvfrm
[75/87      0s] MovedFromExtractor Library/Bee/artifacts/mvdfrm/UnityEngine.CoreModule.dll_0D97A37C59390D04.mvfrm
[76/87      0s] MovedFromExtractorCombine Library/Bee/artifacts/1900b0aP.dag/UnityEngine.UI.dll.mvfrm
[76/87      0s] Csc Library/Bee/artifacts/1900b0aP.dag/UnityEngine.UI.dll (+2 others) [CacheHit 0dedbdfc6d2313b13f2cf1b45b752fb900000000000000000000000000000003]
[77/87     1782789645s] Csc Library/Bee/artifacts/1900b0aP.dag/UnityEngine.UI.dll (+2 others)
[79/87      0s] CopyFiles Library/Bee/PlayerScriptAssemblies/UnityEngine.UI.dll
[80/87      0s] CopyFiles Library/Bee/PlayerScriptAssemblies/UnityEngine.UI.pdb
[81/87      0s] MovedFromExtractor Library/Bee/artifacts/mvdfrm/UnityEngine.UI.ref.dll_FAE6DBEA21006BE5.mvfrm
[82/87      0s] MovedFromExtractorCombine Library/Bee/artifacts/1900b0aP.dag/MedievalRTS.Runtime.dll.mvfrm
[83/87      0s] Csc Library/Bee/artifacts/1900b0aP.dag/MedievalRTS.Runtime.dll (+2 others)
[84/87      0s] CopyFiles Library/Bee/PlayerScriptAssemblies/MedievalRTS.Runtime.pdb
[85/87      0s] CopyFiles Library/Bee/PlayerScriptAssemblies/MedievalRTS.Runtime.dll
[87/87      0s] BuildPlayerDataGenerator Library/BuildPlayerData/Player/RuntimeInitializeOnLoads.json (+1 other)
*** Tundra build success (2.78 seconds), 84 items updated, 87 evaluated
Asset Pipeline Refresh (id=cca961a0e10586940abdbc19494c882b): Total: 0.009 seconds - Initiated by RefreshV2(NoUpdateAssetOptions)
Opening scene 'Assets/_Game/Scenes/05_TestBattle.unity'
[PhysX] Initialized MultithreadedTaskDispatcher with 12 workers.
Unloading 1 Unused Serialized files (Serialized files now loaded: 0)
Loaded scene 'Assets/_Game/Scenes/05_TestBattle.unity'
	Deserialize:            2.457 ms
	Integration:            5.074 ms
	Integration of assets:  0.002 ms
	Thread Wait Time:       14.606 ms
	Total Operation Time:   22.139 ms
Unloading 33 unused Assets / (1.0 MB). Loaded Objects now: 1190.
Memory consumption went from 103.0 MB to 102.0 MB.
Total: 4.066300 ms (FindLiveObjects: 0.133400 ms CreateObjectMapping: 0.017600 ms MarkObjects: 3.030500 ms  DeleteObjects: 0.884100 ms)

Created GICache directory at C:/Users/오진우/AppData/LocalLow/Unity/Caches/GiCache. Took: 0.041s, timestamps: [20.720 - 20.761]
gi::BakeBackendSwitch: switching bake backend from 3 to 1.
GfxDevice renderer is null. Unity cannot update the Ambient Probe and Reflection Probes that the SkyManager generates. Run the Editor without the -nographics argument or generate lighting for your scene.
UnityEngine.StackTraceUtility:ExtractStackTrace ()
UnityEditor.BuildPipeline:BuildPlayerInternal (string[],string,string,UnityEditor.BuildTargetGroup,UnityEditor.BuildTarget,int,UnityEditor.BuildOptions,string[])
UnityEditor.BuildPipeline:BuildPlayer (string[],string,string,UnityEditor.BuildTargetGroup,UnityEditor.BuildTarget,int,UnityEditor.BuildOptions,string[])
UnityEditor.BuildPipeline:BuildPlayer (UnityEditor.BuildPlayerOptions)
MedievalRTS.Editor.MadDragonCliBuild:BuildWindows64 () (at Assets/_Game/Editor/MadDragonCliBuild.cs:36)

[Assets/_Game/Editor/MadDragonCliBuild.cs line 36]

Total cache size 268314463
Total cache size after purge 268314463
Opening scene 'Assets/_Game/Scenes/01_MainMenu.unity'
[PhysX] Initialized MultithreadedTaskDispatcher with 12 workers.
Unloading 108 Unused Serialized files (Serialized files now loaded: 0)
Loaded scene 'Assets/_Game/Scenes/01_MainMenu.unity'
	Deserialize:            11.519 ms
	Integration:            16.687 ms
	Integration of assets:  2.992 ms
	Thread Wait Time:       0.024 ms
	Total Operation Time:   31.222 ms
Unloading 5025 unused Assets / (2.5 MB). Loaded Objects now: 1334.
Memory consumption went from 117.1 MB to 114.7 MB.
Total: 6.387500 ms (FindLiveObjects: 0.677600 ms CreateObjectMapping: 0.156700 ms MarkObjects: 2.820700 ms  DeleteObjects: 2.732000 ms)

GfxDevice renderer is null. Unity cannot update the Ambient Probe and Reflection Probes that the SkyManager generates. Run the Editor without the -nographics argument or generate lighting for your scene.
UnityEngine.StackTraceUtility:ExtractStackTrace ()
UnityEditor.BuildPipeline:BuildPlayerInternal (string[],string,string,UnityEditor.BuildTargetGroup,UnityEditor.BuildTarget,int,UnityEditor.BuildOptions,string[])
UnityEditor.BuildPipeline:BuildPlayer (string[],string,string,UnityEditor.BuildTargetGroup,UnityEditor.BuildTarget,int,UnityEditor.BuildOptions,string[])
UnityEditor.BuildPipeline:BuildPlayer (UnityEditor.BuildPlayerOptions)
MedievalRTS.Editor.MadDragonCliBuild:BuildWindows64 () (at Assets/_Game/Editor/MadDragonCliBuild.cs:36)

[Assets/_Game/Editor/MadDragonCliBuild.cs line 36]

Opening scene 'Assets/_Game/Scenes/02_BaseBuilder.unity'
[PhysX] Initialized MultithreadedTaskDispatcher with 12 workers.
Unloading 22 Unused Serialized files (Serialized files now loaded: 0)
Loaded scene 'Assets/_Game/Scenes/02_BaseBuilder.unity'
	Deserialize:            7.501 ms
	Integration:            5.959 ms
	Integration of assets:  0.094 ms
	Thread Wait Time:       0.021 ms
	Total Operation Time:   13.575 ms
Unloading 119 unused Assets / (1.0 MB). Loaded Objects now: 1297.
Memory consumption went from 95.1 MB to 94.1 MB.
Total: 3.329800 ms (FindLiveObjects: 0.085700 ms CreateObjectMapping: 0.013400 ms MarkObjects: 2.746000 ms  DeleteObjects: 0.484200 ms)

GfxDevice renderer is null. Unity cannot update the Ambient Probe and Reflection Probes that the SkyManager generates. Run the Editor without the -nographics argument or generate lighting for your scene.
UnityEngine.StackTraceUtility:ExtractStackTrace ()
UnityEditor.BuildPipeline:BuildPlayerInternal (string[],string,string,UnityEditor.BuildTargetGroup,UnityEditor.BuildTarget,int,UnityEditor.BuildOptions,string[])
UnityEditor.BuildPipeline:BuildPlayer (string[],string,string,UnityEditor.BuildTargetGroup,UnityEditor.BuildTarget,int,UnityEditor.BuildOptions,string[])
UnityEditor.BuildPipeline:BuildPlayer (UnityEditor.BuildPlayerOptions)
MedievalRTS.Editor.MadDragonCliBuild:BuildWindows64 () (at Assets/_Game/Editor/MadDragonCliBuild.cs:36)

[Assets/_Game/Editor/MadDragonCliBuild.cs line 36]

Opening scene 'Assets/_Game/Scenes/03_Battle.unity'
[PhysX] Initialized MultithreadedTaskDispatcher with 12 workers.
Unloading 24 Unused Serialized files (Serialized files now loaded: 0)
Loaded scene 'Assets/_Game/Scenes/03_Battle.unity'
	Deserialize:            7.958 ms
	Integration:            2.967 ms
	Integration of assets:  1.577 ms
	Thread Wait Time:       0.122 ms
	Total Operation Time:   12.625 ms
Unloading 72 unused Assets / (1.0 MB). Loaded Objects now: 1415.
Memory consumption went from 94.7 MB to 93.7 MB.
Total: 3.242200 ms (FindLiveObjects: 0.089300 ms CreateObjectMapping: 0.013900 ms MarkObjects: 2.609700 ms  DeleteObjects: 0.528900 ms)

GfxDevice renderer is null. Unity cannot update the Ambient Probe and Reflection Probes that the SkyManager generates. Run the Editor without the -nographics argument or generate lighting for your scene.
UnityEngine.StackTraceUtility:ExtractStackTrace ()
UnityEditor.BuildPipeline:BuildPlayerInternal (string[],string,string,UnityEditor.BuildTargetGroup,UnityEditor.BuildTarget,int,UnityEditor.BuildOptions,string[])
UnityEditor.BuildPipeline:BuildPlayer (string[],string,string,UnityEditor.BuildTargetGroup,UnityEditor.BuildTarget,int,UnityEditor.BuildOptions,string[])
UnityEditor.BuildPipeline:BuildPlayer (UnityEditor.BuildPlayerOptions)
MedievalRTS.Editor.MadDragonCliBuild:BuildWindows64 () (at Assets/_Game/Editor/MadDragonCliBuild.cs:36)

[Assets/_Game/Editor/MadDragonCliBuild.cs line 36]

Opening scene 'Assets/_Game/Scenes/04_Result.unity'
[PhysX] Initialized MultithreadedTaskDispatcher with 12 workers.
Unloading 18 Unused Serialized files (Serialized files now loaded: 0)
Loaded scene 'Assets/_Game/Scenes/04_Result.unity'
	Deserialize:            1.497 ms
	Integration:            4.186 ms
	Integration of assets:  0.001 ms
	Thread Wait Time:       0.017 ms
	Total Operation Time:   5.701 ms
Unloading 84 unused Assets / (1.0 MB). Loaded Objects now: 1368.
Memory consumption went from 94.9 MB to 93.9 MB.
Total: 3.786300 ms (FindLiveObjects: 0.102000 ms CreateObjectMapping: 0.014100 ms MarkObjects: 3.017200 ms  DeleteObjects: 0.652300 ms)

GfxDevice renderer is null. Unity cannot update the Ambient Probe and Reflection Probes that the SkyManager generates. Run the Editor without the -nographics argument or generate lighting for your scene.
UnityEngine.StackTraceUtility:ExtractStackTrace ()
UnityEditor.BuildPipeline:BuildPlayerInternal (string[],string,string,UnityEditor.BuildTargetGroup,UnityEditor.BuildTarget,int,UnityEditor.BuildOptions,string[])
UnityEditor.BuildPipeline:BuildPlayer (string[],string,string,UnityEditor.BuildTargetGroup,UnityEditor.BuildTarget,int,UnityEditor.BuildOptions,string[])
UnityEditor.BuildPipeline:BuildPlayer (UnityEditor.BuildPlayerOptions)
MedievalRTS.Editor.MadDragonCliBuild:BuildWindows64 () (at Assets/_Game/Editor/MadDragonCliBuild.cs:36)

[Assets/_Game/Editor/MadDragonCliBuild.cs line 36]



Mono dependencies included in the build
Dependency assembly - Mono.Security.dll
Dependency assembly - mscorlib.dll
Dependency assembly - MedievalRTS.Runtime.dll
Dependency assembly - System.ServiceModel.Internals.dll
Dependency assembly - System.Configuration.dll
Dependency assembly - System.EnterpriseServices.dll
Dependency assembly - System.Transactions.dll
Dependency assembly - System.Net.Http.dll
Dependency assembly - System.Xml.Linq.dll
Dependency assembly - System.Numerics.dll
Dependency assembly - System.ComponentModel.Composition.dll
Dependency assembly - System.Data.DataSetExtensions.dll
Dependency assembly - netstandard.dll
Dependency assembly - System.Drawing.dll
Dependency assembly - System.IO.Compression.dll
Dependency assembly - System.IO.Compression.FileSystem.dll
Dependency assembly - UnityEngine.UI.dll
Dependency assembly - System.Core.dll
Dependency assembly - System.Runtime.Serialization.dll
Dependency assembly - Newtonsoft.Json.dll
Dependency assembly - System.Data.dll
Dependency assembly - System.Security.dll
Dependency assembly - System.dll
Dependency assembly - System.Xml.dll

[PhysX] Initialized MultithreadedTaskDispatcher with 12 workers.
Unloading 5 Unused Serialized files (Serialized files now loaded: 0)
Unloading 140 unused Assets / (1.0 MB). Loaded Objects now: 1203.
Memory consumption went from 96.0 MB to 94.9 MB.
Total: 5.125000 ms (FindLiveObjects: 0.119600 ms CreateObjectMapping: 0.019700 ms MarkObjects: 4.255000 ms  DeleteObjects: 0.729700 ms)

[EnlightenBakeManager] m_Clear = false;
Unloading 0 Unused Serialized files (Serialized files now loaded: 0)
Unloading 0 unused Assets / (26.9 KB). Loaded Objects now: 1203.
Memory consumption went from 94.8 MB to 94.8 MB.
Total: 3.105200 ms (FindLiveObjects: 0.132100 ms CreateObjectMapping: 0.019000 ms MarkObjects: 2.942000 ms  DeleteObjects: 0.011700 ms)

[PhysX] Initialized MultithreadedTaskDispatcher with 12 workers.
Unloading 1 Unused Serialized files (Serialized files now loaded: 0)
Unloading 174 unused Assets / (132.3 MB). Loaded Objects now: 1203.
Memory consumption went from 228.0 MB to 95.7 MB.
Total: 17.476800 ms (FindLiveObjects: 0.078900 ms CreateObjectMapping: 0.022400 ms MarkObjects: 3.597900 ms  DeleteObjects: 13.777000 ms)

Compiling shader "Legacy Shaders/Particles/Additive" pass "" (vp)
    Full variant space:         8
    After settings filtering:   8
    After built-in stripping:   2
    After scriptable stripping: 2
    Processed in 0.01 seconds
    starting compilation...
Launched and connected shader compiler UnityShaderCompiler.exe after 0.08 seconds
    finished in 0.14 seconds. Local cache hits 0 (0.00s CPU time), remote cache hits 0 (0.00s CPU time), compiled 2 variants (0.19s CPU time), skipped 0 variants
    Prepared data for serialisation in 0.00s
Compiling shader "Legacy Shaders/Particles/Additive" pass "" (fp)
    Full variant space:         8
    After settings filtering:   8
    After built-in stripping:   2
    After scriptable stripping: 2
    Processed in 0.00 seconds
    starting compilation...
    finished in 0.01 seconds. Local cache hits 0 (0.00s CPU time), remote cache hits 0 (0.00s CPU time), compiled 2 variants (0.02s CPU time), skipped 0 variants
    Prepared data for serialisation in 0.00s
Serialized binary data for shader Legacy Shaders/Particles/Additive in 0.00s
    d3d11 (total internal programs: 4, unique: 4)
Compiling shader "Legacy Shaders/Particles/Alpha Blended" pass "" (vp)
    Full variant space:         8
    After settings filtering:   8
    After built-in stripping:   2
    After scriptable stripping: 2
    Processed in 0.00 seconds
    starting compilation...
    finished in 0.01 seconds. Local cache hits 0 (0.00s CPU time), remote cache hits 0 (0.00s CPU time), compiled 2 variants (0.03s CPU time), skipped 0 variants
    Prepared data for serialisation in 0.00s
Compiling shader "Legacy Shaders/Particles/Alpha Blended" pass "" (fp)
    Full variant space:         8
    After settings filtering:   8
    After built-in stripping:   2
    After scriptable stripping: 2
    Processed in 0.00 seconds
    starting compilation...
    finished in 0.01 seconds. Local cache hits 0 (0.00s CPU time), remote cache hits 0 (0.00s CPU time), compiled 2 variants (0.02s CPU time), skipped 0 variants
    Prepared data for serialisation in 0.00s
Serialized binary data for shader Legacy Shaders/Particles/Alpha Blended in 0.00s
    d3d11 (total internal programs: 4, unique: 4)
Compiling shader "Skybox/Procedural" pass "" (vp)
    Full variant space:         3
    After settings filtering:   3
    After built-in stripping:   3
    After scriptable stripping: 3
    Processed in 0.00 seconds
    starting compilation...
Launched and connected shader compiler UnityShaderCompiler.exe after 0.07 seconds
    finished in 0.13 seconds. Local cache hits 0 (0.00s CPU time), remote cache hits 0 (0.00s CPU time), compiled 3 variants (0.22s CPU time), skipped 0 variants
    Prepared data for serialisation in 0.00s
Compiling shader "Skybox/Procedural" pass "" (fp)
    Full variant space:         3
    After settings filtering:   3
    After built-in stripping:   3
    After scriptable stripping: 3
    Processed in 0.00 seconds
    starting compilation...
    finished in 0.02 seconds. Local cache hits 0 (0.00s CPU time), remote cache hits 0 (0.00s CPU time), compiled 3 variants (0.05s CPU time), skipped 0 variants
    Prepared data for serialisation in 0.00s
Serialized binary data for shader Skybox/Procedural in 0.00s
    d3d11 (total internal programs: 6, unique: 6)
Compiling shader "Standard" pass "FORWARD" (vp)
    Full variant space:         664
    After settings filtering:   664
    After built-in stripping:   8
    After scriptable stripping: 8
    Processed in 0.00 seconds
    starting compilation...
Launched and connected shader compiler UnityShaderCompiler.exe after 0.07 seconds
Launched and connected shader compiler UnityShaderCompiler.exe after 0.07 seconds
Launched and connected shader compiler UnityShaderCompiler.exe after 0.14 seconds
Launched and connected shader compiler UnityShaderCompiler.exe after 0.07 seconds
Launched and connected shader compiler UnityShaderCompiler.exe after 0.07 seconds
    finished in 0.50 seconds. Local cache hits 0 (0.00s CPU time), remote cache hits 0 (0.00s CPU time), compiled 8 variants (1.66s CPU time), skipped 0 variants
    Prepared data for serialisation in 0.00s
Compiling shader "Standard" pass "FORWARD" (fp)
    Full variant space:         504
    After settings filtering:   504
    After built-in stripping:   4
    After scriptable stripping: 4
    Processed in 0.00 seconds
    starting compilation...
    finished in 0.08 seconds. Local cache hits 0 (0.00s CPU time), remote cache hits 0 (0.00s CPU time), compiled 4 variants (0.28s CPU time), skipped 0 variants
    Prepared data for serialisation in 0.00s
Compiling shader "Standard" pass "FORWARD_DELTA" (vp)
    Full variant space:         188
    After settings filtering:   188
    After built-in stripping:   13
    After scriptable stripping: 13
    Processed in 0.00 seconds
    starting compilation...
Launched and connected shader compiler UnityShaderCompiler.exe after 0.09 seconds
Launched and connected shader compiler UnityShaderCompiler.exe after 0.07 seconds
Launched and connected shader compiler UnityShaderCompiler.exe after 0.08 seconds
Launched and connected shader compiler UnityShaderCompiler.exe after 0.08 seconds
    finished in 0.41 seconds. Local cache hits 0 (0.00s CPU time), remote cache hits 0 (0.00s CPU time), compiled 13 variants (1.36s CPU time), skipped 0 variants
    Prepared data for serialisation in 0.00s
Compiling shader "Standard" pass "FORWARD_DELTA" (fp)
    Full variant space:         188
    After settings filtering:   188
    After built-in stripping:   13
    After scriptable stripping: 13
    Processed in 0.00 seconds
    starting compilation...
    finished in 0.10 seconds. Local cache hits 0 (0.00s CPU time), remote cache hits 0 (0.00s CPU time), compiled 13 variants (0.80s CPU time), skipped 0 variants
    Prepared data for serialisation in 0.00s
Compiling shader "Standard" pass "ShadowCaster" (vp)
    Full variant space:         4
    After settings filtering:   4
    After built-in stripping:   2
    After scriptable stripping: 2
    Processed in 0.00 seconds
    starting compilation...
    finished in 0.02 seconds. Local cache hits 0 (0.00s CPU time), remote cache hits 0 (0.00s CPU time), compiled 2 variants (0.03s CPU time), skipped 0 variants
    Prepared data for serialisation in 0.00s
Compiling shader "Standard" pass "ShadowCaster" (fp)
    Full variant space:         4
    After settings filtering:   4
    After built-in stripping:   2
    After scriptable stripping: 2
    Processed in 0.00 seconds
    starting compilation...
    finished in 0.01 seconds. Local cache hits 0 (0.00s CPU time), remote cache hits 0 (0.00s CPU time), compiled 2 variants (0.02s CPU time), skipped 0 variants
    Prepared data for serialisation in 0.00s
Compiling shader "Standard" pass "DEFERRED" (vp)
    Full variant space:         76
    After settings filtering:   76
    After built-in stripping:   4
    After scriptable stripping: 4
    Processed in 0.00 seconds
    starting compilation...
    finished in 0.03 seconds. Local cache hits 0 (0.00s CPU time), remote cache hits 0 (0.00s CPU time), compiled 4 variants (0.09s CPU time), skipped 0 variants
    Prepared data for serialisation in 0.00s
Compiling shader "Standard" pass "DEFERRED" (fp)
    Full variant space:         76
    After settings filtering:   76
    After built-in stripping:   4
    After scriptable stripping: 4
    Processed in 0.00 seconds
    starting compilation...
    finished in 0.03 seconds. Local cache hits 0 (0.00s CPU time), remote cache hits 0 (0.00s CPU time), compiled 4 variants (0.10s CPU time), skipped 0 variants
    Prepared data for serialisation in 0.00s
Compiling shader "Standard" pass "FORWARD" (vp)
    Full variant space:         208
    After settings filtering:   208
    After built-in stripping:   8
    After scriptable stripping: 8
    Processed in 0.00 seconds
    starting compilation...
    finished in 0.04 seconds. Local cache hits 0 (0.00s CPU time), remote cache hits 0 (0.00s CPU time), compiled 8 variants (0.25s CPU time), skipped 0 variants
    Prepared data for serialisation in 0.00s
Compiling shader "Standard" pass "FORWARD" (fp)
    Full variant space:         148
    After settings filtering:   148
    After built-in stripping:   4
    After scriptable stripping: 4
    Processed in 0.00 seconds
    starting compilation...
    finished in 0.07 seconds. Local cache hits 0 (0.00s CPU time), remote cache hits 0 (0.00s CPU time), compiled 4 variants (0.19s CPU time), skipped 0 variants
    Prepared data for serialisation in 0.00s
Compiling shader "Standard" pass "FORWARD_DELTA" (vp)
    Full variant space:         140
    After settings filtering:   140
    After built-in stripping:   10
    After scriptable stripping: 10
    Processed in 0.00 seconds
    starting compilation...
    finished in 0.04 seconds. Local cache hits 0 (0.00s CPU time), remote cache hits 0 (0.00s CPU time), compiled 10 variants (0.34s CPU time), skipped 0 variants
    Prepared data for serialisation in 0.00s
Compiling shader "Standard" pass "FORWARD_DELTA" (fp)
    Full variant space:         140
    After settings filtering:   140
    After built-in stripping:   10
    After scriptable stripping: 10
    Processed in 0.00 seconds
    starting compilation...
    finished in 0.05 seconds. Local cache hits 0 (0.00s CPU time), remote cache hits 0 (0.00s CPU time), compiled 10 variants (0.42s CPU time), skipped 0 variants
    Prepared data for serialisation in 0.00s
Compiling shader "Standard" pass "ShadowCaster" (vp)
    Full variant space:         2
    After settings filtering:   2
    After built-in stripping:   2
    After scriptable stripping: 2
    Processed in 0.00 seconds
    starting compilation...
    finished in 0.01 seconds. Local cache hits 0 (0.00s CPU time), remote cache hits 0 (0.00s CPU time), compiled 2 variants (0.03s CPU time), skipped 0 variants
    Prepared data for serialisation in 0.00s
Compiling shader "Standard" pass "ShadowCaster" (fp)
    Full variant space:         2
    After settings filtering:   2
    After built-in stripping:   2
    After scriptable stripping: 2
    Processed in 0.00 seconds
    starting compilation...
    finished in 0.01 seconds. Local cache hits 0 (0.00s CPU time), remote cache hits 0 (0.00s CPU time), compiled 2 variants (0.01s CPU time), skipped 0 variants
    Prepared data for serialisation in 0.00s
Serialized binary data for shader Standard in 0.00s
    d3d11 (total internal programs: 86, unique: 72)
Compiling shader "Legacy Shaders/VertexLit" pass "" (vp)
    Full variant space:         12
    After settings filtering:   12
    After built-in stripping:   3
    After scriptable stripping: 3
    Processed in 0.00 seconds
    starting compilation...
    finished in 0.03 seconds. Local cache hits 0 (0.00s CPU time), remote cache hits 0 (0.00s CPU time), compiled 3 variants (0.09s CPU time), skipped 0 variants
    Prepared data for serialisation in 0.00s
Compiling shader "Legacy Shaders/VertexLit" pass "" (fp)
    Full variant space:         12
    After settings filtering:   12
    After built-in stripping:   3
    After scriptable stripping: 3
    Processed in 0.00 seconds
    starting compilation...
    finished in 0.01 seconds. Local cache hits 0 (0.00s CPU time), remote cache hits 0 (0.00s CPU time), compiled 3 variants (0.03s CPU time), skipped 0 variants
    Prepared data for serialisation in 0.00s
Compiling shader "Legacy Shaders/VertexLit" pass "" (vp)
    Full variant space:         4
    After settings filtering:   4
    After built-in stripping:   1
    After scriptable stripping: 1
    Processed in 0.00 seconds
    starting compilation...
    finished in 0.01 seconds. Local cache hits 0 (0.00s CPU time), remote cache hits 0 (0.00s CPU time), compiled 1 variants (0.01s CPU time), skipped 0 variants
    Prepared data for serialisation in 0.00s
Compiling shader "Legacy Shaders/VertexLit" pass "" (fp)
    Full variant space:         4
    After settings filtering:   4
    After built-in stripping:   1
    After scriptable stripping: 1
    Processed in 0.00 seconds
    starting compilation...
    finished in 0.01 seconds. Local cache hits 0 (0.00s CPU time), remote cache hits 0 (0.00s CPU time), compiled 1 variants (0.01s CPU time), skipped 0 variants
    Prepared data for serialisation in 0.00s
Compiling shader "Legacy Shaders/VertexLit" pass "ShadowCaster" (vp)
    Full variant space:         4
    After settings filtering:   4
    After built-in stripping:   2
    After scriptable stripping: 2
    Processed in 0.00 seconds
    starting compilation...
    finished in 0.01 seconds. Local cache hits 0 (0.00s CPU time), remote cache hits 0 (0.00s CPU time), compiled 2 variants (0.02s CPU time), skipped 0 variants
    Prepared data for serialisation in 0.00s
Compiling shader "Legacy Shaders/VertexLit" pass "ShadowCaster" (fp)
    Full variant space:         4
    After settings filtering:   4
    After built-in stripping:   2
    After scriptable stripping: 2
    Processed in 0.00 seconds
    starting compilation...
    finished in 0.01 seconds. Local cache hits 0 (0.00s CPU time), remote cache hits 0 (0.00s CPU time), compiled 2 variants (0.02s CPU time), skipped 0 variants
    Prepared data for serialisation in 0.00s
Serialized binary data for shader Legacy Shaders/VertexLit in 0.00s
    d3d11 (total internal programs: 12, unique: 12)
Compiling shader "Legacy Shaders/Diffuse" pass "FORWARD" (vp)
    Full variant space:         664
    After settings filtering:   664
    After built-in stripping:   8
    After scriptable stripping: 8
    Processed in 0.00 seconds
    starting compilation...
    finished in 0.04 seconds. Local cache hits 0 (0.00s CPU time), remote cache hits 0 (0.00s CPU time), compiled 8 variants (0.23s CPU time), skipped 0 variants
    Prepared data for serialisation in 0.00s
Compiling shader "Legacy Shaders/Diffuse" pass "FORWARD" (fp)
    Full variant space:         504
    After settings filtering:   504
    After built-in stripping:   4
    After scriptable stripping: 4
    Processed in 0.00 seconds
    starting compilation...
    finished in 0.03 seconds. Local cache hits 0 (0.00s CPU time), remote cache hits 0 (0.00s CPU time), compiled 4 variants (0.09s CPU time), skipped 0 variants
    Prepared data for serialisation in 0.00s
Compiling shader "Legacy Shaders/Diffuse" pass "FORWARD" (vp)
    Full variant space:         20
    After settings filtering:   20
    After built-in stripping:   5
    After scriptable stripping: 5
    Processed in 0.00 seconds
    starting compilation...
    finished in 0.02 seconds. Local cache hits 0 (0.00s CPU time), remote cache hits 0 (0.00s CPU time), compiled 5 variants (0.10s CPU time), skipped 0 variants
    Prepared data for serialisation in 0.00s
Compiling shader "Legacy Shaders/Diffuse" pass "FORWARD" (fp)
    Full variant space:         20
    After settings filtering:   20
    After built-in stripping:   5
    After scriptable stripping: 5
    Processed in 0.00 seconds
    starting compilation...
    finished in 0.03 seconds. Local cache hits 0 (0.00s CPU time), remote cache hits 0 (0.00s CPU time), compiled 5 variants (0.11s CPU time), skipped 0 variants
    Prepared data for serialisation in 0.00s
Compiling shader "Legacy Shaders/Diffuse" pass "DEFERRED" (vp)
    Full variant space:         76
    After settings filtering:   76
    After built-in stripping:   4
    After scriptable stripping: 4
    Processed in 0.00 seconds
    starting compilation...
    finished in 0.02 seconds. Local cache hits 0 (0.00s CPU time), remote cache hits 0 (0.00s CPU time), compiled 4 variants (0.08s CPU time), skipped 0 variants
    Prepared data for serialisation in 0.00s
Compiling shader "Legacy Shaders/Diffuse" pass "DEFERRED" (fp)
    Full variant space:         76
    After settings filtering:   76
    After built-in stripping:   4
    After scriptable stripping: 4
    Processed in 0.00 seconds
    starting compilation...
    finished in 0.02 seconds. Local cache hits 0 (0.00s CPU time), remote cache hits 0 (0.00s CPU time), compiled 4 variants (0.07s CPU time), skipped 0 variants
    Prepared data for serialisation in 0.00s
Serialized binary data for shader Legacy Shaders/Diffuse in 0.00s
    d3d11 (total internal programs: 30, unique: 30)
Compiling shader "Hidden/Internal-StencilWrite" pass "" (vp)
    Full variant space:         1
    After settings filtering:   1
    After built-in stripping:   1
    After scriptable stripping: 1
    Processed in 0.00 seconds
    starting compilation...
    finished in 0.01 seconds. Local cache hits 0 (0.00s CPU time), remote cache hits 0 (0.00s CPU time), compiled 1 variants (0.01s CPU time), skipped 0 variants
    Prepared data for serialisation in 0.00s
Compiling shader "Hidden/Internal-StencilWrite" pass "" (fp)
    Full variant space:         1
    After settings filtering:   1
    After built-in stripping:   1
    After scriptable stripping: 1
    Processed in 0.00 seconds
    starting compilation...
    finished in 0.01 seconds. Local cache hits 0 (0.00s CPU time), remote cache hits 0 (0.00s CPU time), compiled 1 variants (0.01s CPU time), skipped 0 variants
    Prepared data for serialisation in 0.00s
Serialized binary data for shader Hidden/Internal-StencilWrite in 0.00s
    d3d11 (total internal programs: 2, unique: 2)
Compiling shader "Hidden/Internal-DepthNormalsTexture" pass "" (vp)
    Full variant space:         1
    After settings filtering:   1
    After built-in stripping:   1
    After scriptable stripping: 1
    Processed in 0.00 seconds
    starting compilation...
    finished in 0.01 seconds. Local cache hits 0 (0.00s CPU time), remote cache hits 0 (0.00s CPU time), compiled 1 variants (0.01s CPU time), skipped 0 variants
    Prepared data for serialisation in 0.00s
Compiling shader "Hidden/Internal-DepthNormalsTexture" pass "" (fp)
    Full variant space:         1
    After settings filtering:   1
    After built-in stripping:   1
    After scriptable stripping: 1
    Processed in 0.00 seconds
    starting compilation...
    finished in 0.01 seconds. Local cache hits 0 (0.00s CPU time), remote cache hits 0 (0.00s CPU time), compiled 1 variants (0.01s CPU time), skipped 0 variants
    Prepared data for serialisation in 0.00s
Compiling shader "Hidden/Internal-DepthNormalsTexture" pass "" (vp)
    Full variant space:         1
    After settings filtering:   1
    After built-in stripping:   1
    After scriptable stripping: 1
    Processed in 0.00 seconds
    starting compilation...
    finished in 0.01 seconds. Local cache hits 0 (0.00s CPU time), remote cache hits 0 (0.00s CPU time), compiled 1 variants (0.01s CPU time), skipped 0 variants
    Prepared data for serialisation in 0.00s
Compiling shader "Hidden/Internal-DepthNormalsTexture" pass "" (fp)
    Full variant space:         1
    After settings filtering:   1
    After built-in stripping:   1
    After scriptable stripping: 1
    Processed in 0.00 seconds
    starting compilation...
    finished in 0.01 seconds. Local cache hits 0 (0.00s CPU time), remote cache hits 0 (0.00s CPU time), compiled 1 variants (0.01s CPU time), skipped 0 variants
    Prepared data for serialisation in 0.00s
Compiling shader "Hidden/Internal-DepthNormalsTexture" pass "" (vp)
    Full variant space:         1
    After settings filtering:   1
    After built-in stripping:   1
    After scriptable stripping: 1
    Processed in 0.00 seconds
    starting compilation...
    finished in 0.03 seconds. Local cache hits 0 (0.00s CPU time), remote cache hits 0 (0.00s CPU time), compiled 1 variants (0.03s CPU time), skipped 0 variants
    Prepared data for serialisation in 0.00s
Compiling shader "Hidden/Internal-DepthNormalsTexture" pass "" (fp)
    Full variant space:         1
    After settings filtering:   1
    After built-in stripping:   1
    After scriptable stripping: 1
    Processed in 0.00 seconds
    starting compilation...
    finished in 0.01 seconds. Local cache hits 0 (0.00s CPU time), remote cache hits 0 (0.00s CPU time), compiled 1 variants (0.01s CPU time), skipped 0 variants
    Prepared data for serialisation in 0.00s
Compiling shader "Hidden/Internal-DepthNormalsTexture" pass "" (vp)
    Full variant space:         1
    After settings filtering:   1
    After built-in stripping:   1
    After scriptable stripping: 1
    Processed in 0.00 seconds
    starting compilation...
    finished in 0.03 seconds. Local cache hits 0 (0.00s CPU time), remote cache hits 0 (0.00s CPU time), compiled 1 variants (0.03s CPU time), skipped 0 variants
    Prepared data for serialisation in 0.00s
Compiling shader "Hidden/Internal-DepthNormalsTexture" pass "" (fp)
    Full variant space:         1
    After settings filtering:   1
    After built-in stripping:   1
    After scriptable stripping: 1
    Processed in 0.00 seconds
    starting compilation...
    finished in 0.01 seconds. Local cache hits 0 (0.00s CPU time), remote cache hits 0 (0.00s CPU time), compiled 1 variants (0.01s CPU time), skipped 0 variants
    Prepared data for serialisation in 0.00s
Compiling shader "Hidden/Internal-DepthNormalsTexture" pass "" (vp)
    Full variant space:         1
    After settings filtering:   1
    After built-in stripping:   1
    After scriptable stripping: 1
    Processed in 0.00 seconds
    starting compilation...
    finished in 0.02 seconds. Local cache hits 0 (0.00s CPU time), remote cache hits 0 (0.00s CPU time), compiled 1 variants (0.02s CPU time), skipped 0 variants
    Prepared data for serialisation in 0.00s
Compiling shader "Hidden/Internal-DepthNormalsTexture" pass "" (fp)
    Full variant space:         1
    After settings filtering:   1
    After built-in stripping:   1
    After scriptable stripping: 1
    Processed in 0.00 seconds
    starting compilation...
    finished in 0.01 seconds. Local cache hits 0 (0.00s CPU time), remote cache hits 0 (0.00s CPU time), compiled 1 variants (0.01s CPU time), skipped 0 variants
    Prepared data for serialisation in 0.00s
Compiling shader "Hidden/Internal-DepthNormalsTexture" pass "" (vp)
    Full variant space:         1
    After settings filtering:   1
    After built-in stripping:   1
    After scriptable stripping: 1
    Processed in 0.00 seconds
    starting compilation...
    finished in 0.02 seconds. Local cache hits 0 (0.00s CPU time), remote cache hits 0 (0.00s CPU time), compiled 1 variants (0.02s CPU time), skipped 0 variants
    Prepared data for serialisation in 0.00s
Compiling shader "Hidden/Internal-DepthNormalsTexture" pass "" (fp)
    Full variant space:         1
    After settings filtering:   1
    After built-in stripping:   1
    After scriptable stripping: 1
    Processed in 0.00 seconds
    starting compilation...
    finished in 0.01 seconds. Local cache hits 0 (0.00s CPU time), remote cache hits 0 (0.00s CPU time), compiled 1 variants (0.01s CPU time), skipped 0 variants
    Prepared data for serialisation in 0.00s
Compiling shader "Hidden/Internal-DepthNormalsTexture" pass "" (vp)
    Full variant space:         1
    After settings filtering:   1
    After built-in stripping:   1
    After scriptable stripping: 1
    Processed in 0.00 seconds
    starting compilation...
    finished in 0.02 seconds. Local cache hits 0 (0.00s CPU time), remote cache hits 0 (0.00s CPU time), compiled 1 variants (0.02s CPU time), skipped 0 variants
    Prepared data for serialisation in 0.00s
Compiling shader "Hidden/Internal-DepthNormalsTexture" pass "" (fp)
    Full variant space:         1
    After settings filtering:   1
    After built-in stripping:   1
    After scriptable stripping: 1
    Processed in 0.00 seconds
    starting compilation...
    finished in 0.01 seconds. Local cache hits 0 (0.00s CPU time), remote cache hits 0 (0.00s CPU time), compiled 1 variants (0.01s CPU time), skipped 0 variants
    Prepared data for serialisation in 0.00s
Compiling shader "Hidden/Internal-DepthNormalsTexture" pass "" (vp)
    Full variant space:         1
    After settings filtering:   1
    After built-in stripping:   1
    After scriptable stripping: 1
    Processed in 0.00 seconds
    starting compilation...
    finished in 0.02 seconds. Local cache hits 0 (0.00s CPU time), remote cache hits 0 (0.00s CPU time), compiled 1 variants (0.02s CPU time), skipped 0 variants
    Prepared data for serialisation in 0.00s
Compiling shader "Hidden/Internal-DepthNormalsTexture" pass "" (fp)
    Full variant space:         1
    After settings filtering:   1
    After built-in stripping:   1
    After scriptable stripping: 1
    Processed in 0.00 seconds
    starting compilation...
    finished in 0.01 seconds. Local cache hits 0 (0.00s CPU time), remote cache hits 0 (0.00s CPU time), compiled 1 variants (0.01s CPU time), skipped 0 variants
    Prepared data for serialisation in 0.00s
Compiling shader "Hidden/Internal-DepthNormalsTexture" pass "" (vp)
    Full variant space:         1
    After settings filtering:   1
    After built-in stripping:   1
    After scriptable stripping: 1
    Processed in 0.00 seconds
    starting compilation...
    finished in 0.03 seconds. Local cache hits 0 (0.00s CPU time), remote cache hits 0 (0.00s CPU time), compiled 1 variants (0.03s CPU time), skipped 0 variants
    Prepared data for serialisation in 0.00s
Compiling shader "Hidden/Internal-DepthNormalsTexture" pass "" (fp)
    Full variant space:         1
    After settings filtering:   1
    After built-in stripping:   1
    After scriptable stripping: 1
    Processed in 0.00 seconds
    starting compilation...
    finished in 0.01 seconds. Local cache hits 0 (0.00s CPU time), remote cache hits 0 (0.00s CPU time), compiled 1 variants (0.01s CPU time), skipped 0 variants
    Prepared data for serialisation in 0.00s
Compiling shader "Hidden/Internal-DepthNormalsTexture" pass "" (vp)
    Full variant space:         1
    After settings filtering:   1
    After built-in stripping:   1
    After scriptable stripping: 1
    Processed in 0.00 seconds
    starting compilation...
    finished in 0.03 seconds. Local cache hits 0 (0.00s CPU time), remote cache hits 0 (0.00s CPU time), compiled 1 variants (0.03s CPU time), skipped 0 variants
    Prepared data for serialisation in 0.00s
Compiling shader "Hidden/Internal-DepthNormalsTexture" pass "" (fp)
    Full variant space:         1
    After settings filtering:   1
    After built-in stripping:   1
    After scriptable stripping: 1
    Processed in 0.00 seconds
    starting compilation...
    finished in 0.01 seconds. Local cache hits 0 (0.00s CPU time), remote cache hits 0 (0.00s CPU time), compiled 1 variants (0.01s CPU time), skipped 0 variants
    Prepared data for serialisation in 0.00s
Serialized binary data for shader Hidden/Internal-DepthNormalsTexture in 0.00s
    d3d11 (total internal programs: 20, unique: 17)
Compiling shader "Hidden/Internal-ScreenSpaceShadows" pass "" (vp)
    Full variant space:         4
    After settings filtering:   4
    After built-in stripping:   4
    After scriptable stripping: 4
    Processed in 0.00 seconds
    starting compilation...
    finished in 0.02 seconds. Local cache hits 0 (0.00s CPU time), remote cache hits 0 (0.00s CPU time), compiled 4 variants (0.07s CPU time), skipped 0 variants
    Prepared data for serialisation in 0.00s
Compiling shader "Hidden/Internal-ScreenSpaceShadows" pass "" (fp)
    Full variant space:         4
    After settings filtering:   4
    After built-in stripping:   4
    After scriptable stripping: 4
    Processed in 0.00 seconds
    starting compilation...
    finished in 0.03 seconds. Local cache hits 0 (0.00s CPU time), remote cache hits 0 (0.00s CPU time), compiled 4 variants (0.09s CPU time), skipped 0 variants
    Prepared data for serialisation in 0.00s
Compiling shader "Hidden/Internal-ScreenSpaceShadows" pass "" (vp)
    Full variant space:         4
    After settings filtering:   4
    After built-in stripping:   4
    After scriptable stripping: 4
    Processed in 0.00 seconds
    starting compilation...
    finished in 0.02 seconds. Local cache hits 0 (0.00s CPU time), remote cache hits 0 (0.00s CPU time), compiled 4 variants (0.09s CPU time), skipped 0 variants
    Prepared data for serialisation in 0.00s
Compiling shader "Hidden/Internal-ScreenSpaceShadows" pass "" (fp)
    Full variant space:         4
    After settings filtering:   4
    After built-in stripping:   4
    After scriptable stripping: 4
    Processed in 0.00 seconds
    starting compilation...
    finished in 0.03 seconds. Local cache hits 0 (0.00s CPU time), remote cache hits 0 (0.00s CPU time), compiled 4 variants (0.09s CPU time), skipped 0 variants
    Prepared data for serialisation in 0.00s
Compiling shader "Hidden/Internal-ScreenSpaceShadows" pass "" (vp)
    Full variant space:         4
    After settings filtering:   4
    After built-in stripping:   4
    After scriptable stripping: 4
    Processed in 0.00 seconds
    starting compilation...
    finished in 0.02 seconds. Local cache hits 0 (0.00s CPU time), remote cache hits 0 (0.00s CPU time), compiled 4 variants (0.09s CPU time), skipped 0 variants
    Prepared data for serialisation in 0.00s
Compiling shader "Hidden/Internal-ScreenSpaceShadows" pass "" (fp)
    Full variant space:         4
    After settings filtering:   4
    After built-in stripping:   4
    After scriptable stripping: 4
    Processed in 0.00 seconds
    starting compilation...
    finished in 0.05 seconds. Local cache hits 0 (0.00s CPU time), remote cache hits 0 (0.00s CPU time), compiled 4 variants (0.20s CPU time), skipped 0 variants
    Prepared data for serialisation in 0.00s
Compiling shader "Hidden/Internal-ScreenSpaceShadows" pass "" (vp)
    Full variant space:         4
    After settings filtering:   4
    After built-in stripping:   4
    After scriptable stripping: 4
    Processed in 0.00 seconds
    starting compilation...
    finished in 0.02 seconds. Local cache hits 0 (0.00s CPU time), remote cache hits 0 (0.00s CPU time), compiled 4 variants (0.09s CPU time), skipped 0 variants
    Prepared data for serialisation in 0.00s
Compiling shader "Hidden/Internal-ScreenSpaceShadows" pass "" (fp)
    Full variant space:         4
    After settings filtering:   4
    After built-in stripping:   4
    After scriptable stripping: 4
    Processed in 0.00 seconds
    starting compilation...
    finished in 0.06 seconds. Local cache hits 0 (0.00s CPU time), remote cache hits 0 (0.00s CPU time), compiled 4 variants (0.20s CPU time), skipped 0 variants
    Prepared data for serialisation in 0.00s
Serialized binary data for shader Hidden/Internal-ScreenSpaceShadows in 0.00s
    d3d11 (total internal programs: 32, unique: 20)
Compiling shader "Hidden/Internal-CombineDepthNormals" pass "" (vp)
    Full variant space:         1
    After settings filtering:   1
    After built-in stripping:   1
    After scriptable stripping: 1
    Processed in 0.00 seconds
    starting compilation...
    finished in 0.01 seconds. Local cache hits 0 (0.00s CPU time), remote cache hits 0 (0.00s CPU time), compiled 1 variants (0.01s CPU time), skipped 0 variants
    Prepared data for serialisation in 0.00s
Compiling shader "Hidden/Internal-CombineDepthNormals" pass "" (fp)
    Full variant space:         1
    After settings filtering:   1
    After built-in stripping:   1
    After scriptable stripping: 1
    Processed in 0.00 seconds
    starting compilation...
    finished in 0.01 seconds. Local cache hits 0 (0.00s CPU time), remote cache hits 0 (0.00s CPU time), compiled 1 variants (0.01s CPU time), skipped 0 variants
    Prepared data for serialisation in 0.00s
Serialized binary data for shader Hidden/Internal-CombineDepthNormals in 0.00s
    d3d11 (total internal programs: 2, unique: 2)
Compiling shader "Hidden/BlitCopy" pass "" (vp)
    Full variant space:         1
    After settings filtering:   1
    After built-in stripping:   1
    After scriptable stripping: 1
    Processed in 0.00 seconds
    starting compilation...
    finished in 0.01 seconds. Local cache hits 0 (0.00s CPU time), remote cache hits 0 (0.00s CPU time), compiled 1 variants (0.01s CPU time), skipped 0 variants
    Prepared data for serialisation in 0.00s
Compiling shader "Hidden/BlitCopy" pass "" (fp)
    Full variant space:         1
    After settings filtering:   1
    After built-in stripping:   1
    After scriptable stripping: 1
    Processed in 0.00 seconds
    starting compilation...
    finished in 0.01 seconds. Local cache hits 0 (0.00s CPU time), remote cache hits 0 (0.00s CPU time), compiled 1 variants (0.01s CPU time), skipped 0 variants
    Prepared data for serialisation in 0.00s
Serialized binary data for shader Hidden/BlitCopy in 0.00s
    d3d11 (total internal programs: 2, unique: 2)
Compiling shader "Hidden/BlitCopyDepth" pass "" (vp)
    Full variant space:         1
    After settings filtering:   1
    After built-in stripping:   1
    After scriptable stripping: 1
    Processed in 0.00 seconds
    starting compilation...
    finished in 0.01 seconds. Local cache hits 0 (0.00s CPU time), remote cache hits 0 (0.00s CPU time), compiled 1 variants (0.01s CPU time), skipped 0 variants
    Prepared data for serialisation in 0.00s
Compiling shader "Hidden/BlitCopyDepth" pass "" (fp)
    Full variant space:         1
    After settings filtering:   1
    After built-in stripping:   1
    After scriptable stripping: 1
    Processed in 0.00 seconds
    starting compilation...
    finished in 0.01 seconds. Local cache hits 0 (0.00s CPU time), remote cache hits 0 (0.00s CPU time), compiled 1 variants (0.01s CPU time), skipped 0 variants
    Prepared data for serialisation in 0.00s
Serialized binary data for shader Hidden/BlitCopyDepth in 0.00s
    d3d11 (total internal programs: 2, unique: 2)
Compiling shader "Hidden/ConvertTexture" pass "" (vp)
    Full variant space:         1
    After settings filtering:   1
    After built-in stripping:   1
    After scriptable stripping: 1
    Processed in 0.00 seconds
    starting compilation...
    finished in 0.01 seconds. Local cache hits 0 (0.00s CPU time), remote cache hits 0 (0.00s CPU time), compiled 1 variants (0.01s CPU time), skipped 0 variants
    Prepared data for serialisation in 0.00s
Compiling shader "Hidden/ConvertTexture" pass "" (fp)
    Full variant space:         1
    After settings filtering:   1
    After built-in stripping:   1
    After scriptable stripping: 1
    Processed in 0.00 seconds
    starting compilation...
    finished in 0.01 seconds. Local cache hits 0 (0.00s CPU time), remote cache hits 0 (0.00s CPU time), compiled 1 variants (0.01s CPU time), skipped 0 variants
    Prepared data for serialisation in 0.00s
Serialized binary data for shader Hidden/ConvertTexture in 0.00s
    d3d11 (total internal programs: 2, unique: 2)
Compiling shader "Hidden/Internal-DeferredShading" pass "" (vp)
    Full variant space:         94
    After settings filtering:   94
    After built-in stripping:   26
    After scriptable stripping: 26
    Processed in 0.00 seconds
    starting compilation...
    finished in 0.08 seconds. Local cache hits 0 (0.00s CPU time), remote cache hits 0 (0.00s CPU time), compiled 26 variants (0.85s CPU time), skipped 0 variants
    Prepared data for serialisation in 0.00s
Compiling shader "Hidden/Internal-DeferredShading" pass "" (fp)
    Full variant space:         94
    After settings filtering:   94
    After built-in stripping:   26
    After scriptable stripping: 26
    Processed in 0.00 seconds
    starting compilation...
    finished in 0.15 seconds. Local cache hits 0 (0.00s CPU time), remote cache hits 0 (0.00s CPU time), compiled 26 variants (1.44s CPU time), skipped 0 variants
    Prepared data for serialisation in 0.00s
Compiling shader "Hidden/Internal-DeferredShading" pass "" (vp)
    Full variant space:         1
    After settings filtering:   1
    After built-in stripping:   1
    After scriptable stripping: 1
    Processed in 0.00 seconds
    starting compilation...
    finished in 0.01 seconds. Local cache hits 0 (0.00s CPU time), remote cache hits 0 (0.00s CPU time), compiled 1 variants (0.01s CPU time), skipped 0 variants
    Prepared data for serialisation in 0.00s
Compiling shader "Hidden/Internal-DeferredShading" pass "" (fp)
    Full variant space:         1
    After settings filtering:   1
    After built-in stripping:   1
    After scriptable stripping: 1
    Processed in 0.00 seconds
    starting compilation...
    finished in 0.01 seconds. Local cache hits 0 (0.00s CPU time), remote cache hits 0 (0.00s CPU time), compiled 1 variants (0.01s CPU time), skipped 0 variants
    Prepared data for serialisation in 0.00s
Serialized binary data for shader Hidden/Internal-DeferredShading in 0.00s
    d3d11 (total internal programs: 54, unique: 54)
Compiling shader "Hidden/Internal-DeferredReflections" pass "" (vp)
    Full variant space:         1
    After settings filtering:   1
    After built-in stripping:   1
    After scriptable stripping: 1
    Processed in 0.00 seconds
    starting compilation...
    finished in 0.02 seconds. Local cache hits 0 (0.00s CPU time), remote cache hits 0 (0.00s CPU time), compiled 1 variants (0.02s CPU time), skipped 0 variants
    Prepared data for serialisation in 0.00s
Compiling shader "Hidden/Internal-DeferredReflections" pass "" (fp)
    Full variant space:         1
    After settings filtering:   1
    After built-in stripping:   1
    After scriptable stripping: 1
    Processed in 0.00 seconds
    starting compilation...
    finished in 0.03 seconds. Local cache hits 0 (0.00s CPU time), remote cache hits 0 (0.00s CPU time), compiled 1 variants (0.03s CPU time), skipped 0 variants
    Prepared data for serialisation in 0.00s
Compiling shader "Hidden/Internal-DeferredReflections" pass "" (vp)
    Full variant space:         2
    After settings filtering:   2
    After built-in stripping:   2
    After scriptable stripping: 2
    Processed in 0.00 seconds
    starting compilation...
    finished in 0.01 seconds. Local cache hits 0 (0.00s CPU time), remote cache hits 0 (0.00s CPU time), compiled 2 variants (0.02s CPU time), skipped 0 variants
    Prepared data for serialisation in 0.00s
Compiling shader "Hidden/Internal-DeferredReflections" pass "" (fp)
    Full variant space:         2
    After settings filtering:   2
    After built-in stripping:   2
    After scriptable stripping: 2
    Processed in 0.00 seconds
    starting compilation...
    finished in 0.01 seconds. Local cache hits 0 (0.00s CPU time), remote cache hits 0 (0.00s CPU time), compiled 2 variants (0.01s CPU time), skipped 0 variants
    Prepared data for serialisation in 0.00s
Serialized binary data for shader Hidden/Internal-DeferredReflections in 0.00s
    d3d11 (total internal programs: 6, unique: 6)
Compiling shader "Hidden/Internal-MotionVectors" pass "" (vp)
    Full variant space:         1
    After settings filtering:   1
    After built-in stripping:   1
    After scriptable stripping: 1
    Processed in 0.00 seconds
    starting compilation...
    finished in 0.02 seconds. Local cache hits 0 (0.00s CPU time), remote cache hits 0 (0.00s CPU time), compiled 1 variants (0.02s CPU time), skipped 0 variants
    Prepared data for serialisation in 0.00s
Compiling shader "Hidden/Internal-MotionVectors" pass "" (fp)
    Full variant space:         1
    After settings filtering:   1
    After built-in stripping:   1
    After scriptable stripping: 1
    Processed in 0.00 seconds
    starting compilation...
    finished in 0.01 seconds. Local cache hits 0 (0.00s CPU time), remote cache hits 0 (0.00s CPU time), compiled 1 variants (0.01s CPU time), skipped 0 variants
    Prepared data for serialisation in 0.00s
Compiling shader "Hidden/Internal-MotionVectors" pass "" (vp)
    Full variant space:         1
    After settings filtering:   1
    After built-in stripping:   1
    After scriptable stripping: 1
    Processed in 0.00 seconds
    starting compilation...
    finished in 0.01 seconds. Local cache hits 0 (0.00s CPU time), remote cache hits 0 (0.00s CPU time), compiled 1 variants (0.01s CPU time), skipped 0 variants
    Prepared data for serialisation in 0.00s
Compiling shader "Hidden/Internal-MotionVectors" pass "" (fp)
    Full variant space:         1
    After settings filtering:   1
    After built-in stripping:   1
    After scriptable stripping: 1
    Processed in 0.00 seconds
    starting compilation...
    finished in 0.01 seconds. Local cache hits 0 (0.00s CPU time), remote cache hits 0 (0.00s CPU time), compiled 1 variants (0.01s CPU time), skipped 0 variants
    Prepared data for serialisation in 0.00s
Compiling shader "Hidden/Internal-MotionVectors" pass "" (vp)
    Full variant space:         1
    After settings filtering:   1
    After built-in stripping:   1
    After scriptable stripping: 1
    Processed in 0.00 seconds
    starting compilation...
    finished in 0.01 seconds. Local cache hits 0 (0.00s CPU time), remote cache hits 0 (0.00s CPU time), compiled 1 variants (0.01s CPU time), skipped 0 variants
    Prepared data for serialisation in 0.00s
Compiling shader "Hidden/Internal-MotionVectors" pass "" (fp)
    Full variant space:         1
    After settings filtering:   1
    After built-in stripping:   1
    After scriptable stripping: 1
    Processed in 0.00 seconds
    starting compilation...
    finished in 0.01 seconds. Local cache hits 0 (0.00s CPU time), remote cache hits 0 (0.00s CPU time), compiled 1 variants (0.01s CPU time), skipped 0 variants
    Prepared data for serialisation in 0.00s
Serialized binary data for shader Hidden/Internal-MotionVectors in 0.00s
    d3d11 (total internal programs: 6, unique: 5)
Compiling shader "Hidden/Internal-Flare" pass "" (vp)
    Full variant space:         1
    After settings filtering:   1
    After built-in stripping:   1
    After scriptable stripping: 1
    Processed in 0.00 seconds
    starting compilation...
    finished in 0.01 seconds. Local cache hits 0 (0.00s CPU time), remote cache hits 0 (0.00s CPU time), compiled 1 variants (0.01s CPU time), skipped 0 variants
    Prepared data for serialisation in 0.00s
Compiling shader "Hidden/Internal-Flare" pass "" (fp)
    Full variant space:         1
    After settings filtering:   1
    After built-in stripping:   1
    After scriptable stripping: 1
    Processed in 0.00 seconds
    starting compilation...
    finished in 0.01 seconds. Local cache hits 0 (0.00s CPU time), remote cache hits 0 (0.00s CPU time), compiled 1 variants (0.01s CPU time), skipped 0 variants
    Prepared data for serialisation in 0.00s
Serialized binary data for shader Hidden/Internal-Flare in 0.00s
    d3d11 (total internal programs: 2, unique: 2)
Compiling shader "Hidden/Internal-Halo" pass "" (vp)
    Full variant space:         4
    After settings filtering:   4
    After built-in stripping:   1
    After scriptable stripping: 1
    Processed in 0.00 seconds
    starting compilation...
    finished in 0.01 seconds. Local cache hits 0 (0.00s CPU time), remote cache hits 0 (0.00s CPU time), compiled 1 variants (0.01s CPU time), skipped 0 variants
    Prepared data for serialisation in 0.00s
Compiling shader "Hidden/Internal-Halo" pass "" (fp)
    Full variant space:         4
    After settings filtering:   4
    After built-in stripping:   1
    After scriptable stripping: 1
    Processed in 0.00 seconds
    starting compilation...
    finished in 0.01 seconds. Local cache hits 0 (0.00s CPU time), remote cache hits 0 (0.00s CPU time), compiled 1 variants (0.01s CPU time), skipped 0 variants
    Prepared data for serialisation in 0.00s
Serialized binary data for shader Hidden/Internal-Halo in 0.00s
    d3d11 (total internal programs: 2, unique: 2)
Compiling shader "Hidden/BlitCopyWithDepth" pass "" (vp)
    Full variant space:         1
    After settings filtering:   1
    After built-in stripping:   1
    After scriptable stripping: 1
    Processed in 0.00 seconds
    starting compilation...
    finished in 0.01 seconds. Local cache hits 0 (0.00s CPU time), remote cache hits 0 (0.00s CPU time), compiled 1 variants (0.01s CPU time), skipped 0 variants
    Prepared data for serialisation in 0.00s
Compiling shader "Hidden/BlitCopyWithDepth" pass "" (fp)
    Full variant space:         1
    After settings filtering:   1
    After built-in stripping:   1
    After scriptable stripping: 1
    Processed in 0.00 seconds
    starting compilation...
    finished in 0.01 seconds. Local cache hits 0 (0.00s CPU time), remote cache hits 0 (0.00s CPU time), compiled 1 variants (0.01s CPU time), skipped 0 variants
    Prepared data for serialisation in 0.00s
Serialized binary data for shader Hidden/BlitCopyWithDepth in 0.00s
    d3d11 (total internal programs: 2, unique: 2)
Compiling shader "Hidden/BlitToDepth" pass "" (vp)
    Full variant space:         1
    After settings filtering:   1
    After built-in stripping:   1
    After scriptable stripping: 1
    Processed in 0.00 seconds
    starting compilation...
    finished in 0.01 seconds. Local cache hits 0 (0.00s CPU time), remote cache hits 0 (0.00s CPU time), compiled 1 variants (0.01s CPU time), skipped 0 variants
    Prepared data for serialisation in 0.00s
Compiling shader "Hidden/BlitToDepth" pass "" (fp)
    Full variant space:         1
    After settings filtering:   1
    After built-in stripping:   1
    After scriptable stripping: 1
    Processed in 0.00 seconds
    starting compilation...
    finished in 0.01 seconds. Local cache hits 0 (0.00s CPU time), remote cache hits 0 (0.00s CPU time), compiled 1 variants (0.01s CPU time), skipped 0 variants
    Prepared data for serialisation in 0.00s
Serialized binary data for shader Hidden/BlitToDepth in 0.00s
    d3d11 (total internal programs: 2, unique: 2)
Compiling shader "Hidden/BlitToDepth_MSAA" pass "" (vp)
    Full variant space:         1
    After settings filtering:   1
    After built-in stripping:   1
    After scriptable stripping: 1
    Processed in 0.00 seconds
    starting compilation...
    finished in 0.01 seconds. Local cache hits 0 (0.00s CPU time), remote cache hits 0 (0.00s CPU time), compiled 1 variants (0.01s CPU time), skipped 0 variants
    Prepared data for serialisation in 0.00s
Compiling shader "Hidden/BlitToDepth_MSAA" pass "" (fp)
    Full variant space:         1
    After settings filtering:   1
    After built-in stripping:   1
    After scriptable stripping: 1
    Processed in 0.00 seconds
    starting compilation...
    finished in 0.01 seconds. Local cache hits 0 (0.00s CPU time), remote cache hits 0 (0.00s CPU time), compiled 1 variants (0.01s CPU time), skipped 0 variants
    Prepared data for serialisation in 0.00s
Serialized binary data for shader Hidden/BlitToDepth_MSAA in 0.00s
    d3d11 (total internal programs: 2, unique: 2)
Compiling shader "Hidden/BlitCopyHDRTonemap" pass "" (vp)
    Full variant space:         1
    After settings filtering:   1
    After built-in stripping:   1
    After scriptable stripping: 1
    Processed in 0.00 seconds
    starting compilation...
    finished in 0.01 seconds. Local cache hits 0 (0.00s CPU time), remote cache hits 0 (0.00s CPU time), compiled 1 variants (0.01s CPU time), skipped 0 variants
    Prepared data for serialisation in 0.00s
Compiling shader "Hidden/BlitCopyHDRTonemap" pass "" (fp)
    Full variant space:         1
    After settings filtering:   1
    After built-in stripping:   1
    After scriptable stripping: 1
    Processed in 0.00 seconds
    starting compilation...
    finished in 0.02 seconds. Local cache hits 0 (0.00s CPU time), remote cache hits 0 (0.00s CPU time), compiled 1 variants (0.02s CPU time), skipped 0 variants
    Prepared data for serialisation in 0.00s
Serialized binary data for shader Hidden/BlitCopyHDRTonemap in 0.00s
    d3d11 (total internal programs: 2, unique: 2)
Compiling shader "Hidden/Internal-DebugPattern" pass "Target Color and DepthStencil" (vp)
    Full variant space:         1
    After settings filtering:   1
    After built-in stripping:   1
    After scriptable stripping: 1
    Processed in 0.00 seconds
    starting compilation...
    finished in 0.01 seconds. Local cache hits 0 (0.00s CPU time), remote cache hits 0 (0.00s CPU time), compiled 1 variants (0.01s CPU time), skipped 0 variants
    Prepared data for serialisation in 0.00s
Compiling shader "Hidden/Internal-DebugPattern" pass "Target Color and DepthStencil" (fp)
    Full variant space:         1
    After settings filtering:   1
    After built-in stripping:   1
    After scriptable stripping: 1
    Processed in 0.00 seconds
    starting compilation...
    finished in 0.01 seconds. Local cache hits 0 (0.00s CPU time), remote cache hits 0 (0.00s CPU time), compiled 1 variants (0.01s CPU time), skipped 0 variants
    Prepared data for serialisation in 0.00s
Compiling shader "Hidden/Internal-DebugPattern" pass "Target only Color" (vp)
    Full variant space:         1
    After settings filtering:   1
    After built-in stripping:   1
    After scriptable stripping: 1
    Processed in 0.00 seconds
    starting compilation...
    finished in 0.01 seconds. Local cache hits 0 (0.00s CPU time), remote cache hits 0 (0.00s CPU time), compiled 1 variants (0.01s CPU time), skipped 0 variants
    Prepared data for serialisation in 0.00s
Compiling shader "Hidden/Internal-DebugPattern" pass "Target only Color" (fp)
    Full variant space:         1
    After settings filtering:   1
    After built-in stripping:   1
    After scriptable stripping: 1
    Processed in 0.00 seconds
    starting compilation...
    finished in 0.01 seconds. Local cache hits 0 (0.00s CPU time), remote cache hits 0 (0.00s CPU time), compiled 1 variants (0.01s CPU time), skipped 0 variants
    Prepared data for serialisation in 0.00s
Compiling shader "Hidden/Internal-DebugPattern" pass "Target only DepthStencil" (vp)
    Full variant space:         1
    After settings filtering:   1
    After built-in stripping:   1
    After scriptable stripping: 1
    Processed in 0.00 seconds
    starting compilation...
    finished in 0.01 seconds. Local cache hits 0 (0.00s CPU time), remote cache hits 0 (0.00s CPU time), compiled 1 variants (0.01s CPU time), skipped 0 variants
    Prepared data for serialisation in 0.00s
Compiling shader "Hidden/Internal-DebugPattern" pass "Target only DepthStencil" (fp)
    Full variant space:         1
    After settings filtering:   1
    After built-in stripping:   1
    After scriptable stripping: 1
    Processed in 0.00 seconds
    starting compilation...
    finished in 0.01 seconds. Local cache hits 0 (0.00s CPU time), remote cache hits 0 (0.00s CPU time), compiled 1 variants (0.01s CPU time), skipped 0 variants
    Prepared data for serialisation in 0.00s
Serialized binary data for shader Hidden/Internal-DebugPattern in 0.00s
    d3d11 (total internal programs: 6, unique: 4)
Compiling shader "Hidden/Internal-GUITextureClip" pass "" (vp)
    Full variant space:         1
    After settings filtering:   1
    After built-in stripping:   1
    After scriptable stripping: 1
    Processed in 0.00 seconds
    starting compilation...
    finished in 0.01 seconds. Local cache hits 0 (0.00s CPU time), remote cache hits 0 (0.00s CPU time), compiled 1 variants (0.01s CPU time), skipped 0 variants
    Prepared data for serialisation in 0.00s
Compiling shader "Hidden/Internal-GUITextureClip" pass "" (fp)
    Full variant space:         1
    After settings filtering:   1
    After built-in stripping:   1
    After scriptable stripping: 1
    Processed in 0.00 seconds
    starting compilation...
    finished in 0.01 seconds. Local cache hits 0 (0.00s CPU time), remote cache hits 0 (0.00s CPU time), compiled 1 variants (0.01s CPU time), skipped 0 variants
    Prepared data for serialisation in 0.00s
Compiling shader "Hidden/Internal-GUITextureClip" pass "" (vp)
    Full variant space:         1
    After settings filtering:   1
    After built-in stripping:   1
    After scriptable stripping: 1
    Processed in 0.00 seconds
    starting compilation...
    finished in 0.01 seconds. Local cache hits 0 (0.00s CPU time), remote cache hits 0 (0.00s CPU time), compiled 1 variants (0.01s CPU time), skipped 0 variants
    Prepared data for serialisation in 0.00s
Compiling shader "Hidden/Internal-GUITextureClip" pass "" (fp)
    Full variant space:         1
    After settings filtering:   1
    After built-in stripping:   1
    After scriptable stripping: 1
    Processed in 0.00 seconds
    starting compilation...
    finished in 0.01 seconds. Local cache hits 0 (0.00s CPU time), remote cache hits 0 (0.00s CPU time), compiled 1 variants (0.01s CPU time), skipped 0 variants
    Prepared data for serialisation in 0.00s
Serialized binary data for shader Hidden/Internal-GUITextureClip in 0.00s
    d3d11 (total internal programs: 4, unique: 2)
Compiling shader "Hidden/Internal-GUITextureClipText" pass "" (vp)
    Full variant space:         1
    After settings filtering:   1
    After built-in stripping:   1
    After scriptable stripping: 1
    Processed in 0.00 seconds
    starting compilation...
    finished in 0.01 seconds. Local cache hits 0 (0.00s CPU time), remote cache hits 0 (0.00s CPU time), compiled 1 variants (0.01s CPU time), skipped 0 variants
    Prepared data for serialisation in 0.00s
Compiling shader "Hidden/Internal-GUITextureClipText" pass "" (fp)
    Full variant space:         1
    After settings filtering:   1
    After built-in stripping:   1
    After scriptable stripping: 1
    Processed in 0.00 seconds
    starting compilation...
    finished in 0.01 seconds. Local cache hits 0 (0.00s CPU time), remote cache hits 0 (0.00s CPU time), compiled 1 variants (0.01s CPU time), skipped 0 variants
    Prepared data for serialisation in 0.00s
Compiling shader "Hidden/Internal-GUITextureClipText" pass "" (vp)
    Full variant space:         1
    After settings filtering:   1
    After built-in stripping:   1
    After scriptable stripping: 1
    Processed in 0.00 seconds
    starting compilation...
    finished in 0.01 seconds. Local cache hits 0 (0.00s CPU time), remote cache hits 0 (0.00s CPU time), compiled 1 variants (0.01s CPU time), skipped 0 variants
    Prepared data for serialisation in 0.00s
Compiling shader "Hidden/Internal-GUITextureClipText" pass "" (fp)
    Full variant space:         1
    After settings filtering:   1
    After built-in stripping:   1
    After scriptable stripping: 1
    Processed in 0.00 seconds
    starting compilation...
    finished in 0.01 seconds. Local cache hits 0 (0.00s CPU time), remote cache hits 0 (0.00s CPU time), compiled 1 variants (0.01s CPU time), skipped 0 variants
    Prepared data for serialisation in 0.00s
Serialized binary data for shader Hidden/Internal-GUITextureClipText in 0.00s
    d3d11 (total internal programs: 4, unique: 2)
Compiling shader "Hidden/Internal-GUITexture" pass "" (vp)
    Full variant space:         1
    After settings filtering:   1
    After built-in stripping:   1
    After scriptable stripping: 1
    Processed in 0.00 seconds
    starting compilation...
    finished in 0.01 seconds. Local cache hits 0 (0.00s CPU time), remote cache hits 0 (0.00s CPU time), compiled 1 variants (0.01s CPU time), skipped 0 variants
    Prepared data for serialisation in 0.00s
Compiling shader "Hidden/Internal-GUITexture" pass "" (fp)
    Full variant space:         1
    After settings filtering:   1
    After built-in stripping:   1
    After scriptable stripping: 1
    Processed in 0.00 seconds
    starting compilation...
    finished in 0.01 seconds. Local cache hits 0 (0.00s CPU time), remote cache hits 0 (0.00s CPU time), compiled 1 variants (0.01s CPU time), skipped 0 variants
    Prepared data for serialisation in 0.00s
Compiling shader "Hidden/Internal-GUITexture" pass "" (vp)
    Full variant space:         1
    After settings filtering:   1
    After built-in stripping:   1
    After scriptable stripping: 1
    Processed in 0.00 seconds
    starting compilation...
    finished in 0.01 seconds. Local cache hits 0 (0.00s CPU time), remote cache hits 0 (0.00s CPU time), compiled 1 variants (0.01s CPU time), skipped 0 variants
    Prepared data for serialisation in 0.00s
Compiling shader "Hidden/Internal-GUITexture" pass "" (fp)
    Full variant space:         1
    After settings filtering:   1
    After built-in stripping:   1
    After scriptable stripping: 1
    Processed in 0.00 seconds
    starting compilation...
    finished in 0.01 seconds. Local cache hits 0 (0.00s CPU time), remote cache hits 0 (0.00s CPU time), compiled 1 variants (0.01s CPU time), skipped 0 variants
    Prepared data for serialisation in 0.00s
Serialized binary data for shader Hidden/Internal-GUITexture in 0.00s
    d3d11 (total internal programs: 4, unique: 2)
Compiling shader "Hidden/Internal-GUITextureBlit" pass "" (vp)
    Full variant space:         1
    After settings filtering:   1
    After built-in stripping:   1
    After scriptable stripping: 1
    Processed in 0.00 seconds
    starting compilation...
    finished in 0.01 seconds. Local cache hits 0 (0.00s CPU time), remote cache hits 0 (0.00s CPU time), compiled 1 variants (0.01s CPU time), skipped 0 variants
    Prepared data for serialisation in 0.00s
Compiling shader "Hidden/Internal-GUITextureBlit" pass "" (fp)
    Full variant space:         1
    After settings filtering:   1
    After built-in stripping:   1
    After scriptable stripping: 1
    Processed in 0.00 seconds
    starting compilation...
    finished in 0.01 seconds. Local cache hits 0 (0.00s CPU time), remote cache hits 0 (0.00s CPU time), compiled 1 variants (0.01s CPU time), skipped 0 variants
    Prepared data for serialisation in 0.00s
Compiling shader "Hidden/Internal-GUITextureBlit" pass "" (vp)
    Full variant space:         1
    After settings filtering:   1
    After built-in stripping:   1
    After scriptable stripping: 1
    Processed in 0.00 seconds
    starting compilation...
    finished in 0.01 seconds. Local cache hits 0 (0.00s CPU time), remote cache hits 0 (0.00s CPU time), compiled 1 variants (0.01s CPU time), skipped 0 variants
    Prepared data for serialisation in 0.00s
Compiling shader "Hidden/Internal-GUITextureBlit" pass "" (fp)
    Full variant space:         1
    After settings filtering:   1
    After built-in stripping:   1
    After scriptable stripping: 1
    Processed in 0.00 seconds
    starting compilation...
    finished in 0.01 seconds. Local cache hits 0 (0.00s CPU time), remote cache hits 0 (0.00s CPU time), compiled 1 variants (0.01s CPU time), skipped 0 variants
    Prepared data for serialisation in 0.00s
Serialized binary data for shader Hidden/Internal-GUITextureBlit in 0.00s
    d3d11 (total internal programs: 4, unique: 2)
Compiling shader "Hidden/Internal-GUIRoundedRect" pass "" (vp)
    Full variant space:         1
    After settings filtering:   1
    After built-in stripping:   1
    After scriptable stripping: 1
    Processed in 0.00 seconds
    starting compilation...
    finished in 0.01 seconds. Local cache hits 0 (0.00s CPU time), remote cache hits 0 (0.00s CPU time), compiled 1 variants (0.01s CPU time), skipped 0 variants
    Prepared data for serialisation in 0.00s
Compiling shader "Hidden/Internal-GUIRoundedRect" pass "" (fp)
    Full variant space:         1
    After settings filtering:   1
    After built-in stripping:   1
    After scriptable stripping: 1
    Processed in 0.00 seconds
    starting compilation...
    finished in 0.02 seconds. Local cache hits 0 (0.00s CPU time), remote cache hits 0 (0.00s CPU time), compiled 1 variants (0.02s CPU time), skipped 0 variants
    Prepared data for serialisation in 0.00s
Compiling shader "Hidden/Internal-GUIRoundedRect" pass "" (vp)
    Full variant space:         1
    After settings filtering:   1
    After built-in stripping:   1
    After scriptable stripping: 1
    Processed in 0.00 seconds
    starting compilation...
    finished in 0.01 seconds. Local cache hits 0 (0.00s CPU time), remote cache hits 0 (0.00s CPU time), compiled 1 variants (0.01s CPU time), skipped 0 variants
    Prepared data for serialisation in 0.00s
Compiling shader "Hidden/Internal-GUIRoundedRect" pass "" (fp)
    Full variant space:         1
    After settings filtering:   1
    After built-in stripping:   1
    After scriptable stripping: 1
    Processed in 0.00 seconds
    starting compilation...
    finished in 0.02 seconds. Local cache hits 0 (0.00s CPU time), remote cache hits 0 (0.00s CPU time), compiled 1 variants (0.02s CPU time), skipped 0 variants
    Prepared data for serialisation in 0.00s
Serialized binary data for shader Hidden/Internal-GUIRoundedRect in 0.00s
    d3d11 (total internal programs: 4, unique: 2)
Compiling shader "Hidden/Internal-GUIRoundedRectWithColorPerBorder" pass "" (vp)
    Full variant space:         1
    After settings filtering:   1
    After built-in stripping:   1
    After scriptable stripping: 1
    Processed in 0.00 seconds
    starting compilation...
    finished in 0.01 seconds. Local cache hits 0 (0.00s CPU time), remote cache hits 0 (0.00s CPU time), compiled 1 variants (0.01s CPU time), skipped 0 variants
    Prepared data for serialisation in 0.00s
Compiling shader "Hidden/Internal-GUIRoundedRectWithColorPerBorder" pass "" (fp)
    Full variant space:         1
    After settings filtering:   1
    After built-in stripping:   1
    After scriptable stripping: 1
    Processed in 0.00 seconds
    starting compilation...
    finished in 0.04 seconds. Local cache hits 0 (0.00s CPU time), remote cache hits 0 (0.00s CPU time), compiled 1 variants (0.04s CPU time), skipped 0 variants
    Prepared data for serialisation in 0.00s
Compiling shader "Hidden/Internal-GUIRoundedRectWithColorPerBorder" pass "" (vp)
    Full variant space:         1
    After settings filtering:   1
    After built-in stripping:   1
    After scriptable stripping: 1
    Processed in 0.00 seconds
    starting compilation...
    finished in 0.01 seconds. Local cache hits 0 (0.00s CPU time), remote cache hits 0 (0.00s CPU time), compiled 1 variants (0.01s CPU time), skipped 0 variants
    Prepared data for serialisation in 0.00s
Compiling shader "Hidden/Internal-GUIRoundedRectWithColorPerBorder" pass "" (fp)
    Full variant space:         1
    After settings filtering:   1
    After built-in stripping:   1
    After scriptable stripping: 1
    Processed in 0.00 seconds
    starting compilation...
    finished in 0.03 seconds. Local cache hits 0 (0.00s CPU time), remote cache hits 0 (0.00s CPU time), compiled 1 variants (0.03s CPU time), skipped 0 variants
    Prepared data for serialisation in 0.00s
Serialized binary data for shader Hidden/Internal-GUIRoundedRectWithColorPerBorder in 0.00s
    d3d11 (total internal programs: 4, unique: 2)
Compiling shader "Hidden/Internal-UIRDefault" pass "" (vp)
    Full variant space:         1
    After settings filtering:   1
    After built-in stripping:   1
    After scriptable stripping: 1
    Processed in 0.00 seconds
    starting compilation...
    finished in 0.04 seconds. Local cache hits 0 (0.00s CPU time), remote cache hits 0 (0.00s CPU time), compiled 1 variants (0.04s CPU time), skipped 0 variants
    Prepared data for serialisation in 0.00s
Compiling shader "Hidden/Internal-UIRDefault" pass "" (fp)
    Full variant space:         1
    After settings filtering:   1
    After built-in stripping:   1
    After scriptable stripping: 1
    Processed in 0.00 seconds
    starting compilation...
    finished in 0.07 seconds. Local cache hits 0 (0.00s CPU time), remote cache hits 0 (0.00s CPU time), compiled 1 variants (0.07s CPU time), skipped 0 variants
    Prepared data for serialisation in 0.00s
Compiling shader "Hidden/Internal-UIRDefault" pass "" (vp)
    Full variant space:         1
    After settings filtering:   1
    After built-in stripping:   1
    After scriptable stripping: 1
    Processed in 0.00 seconds
    starting compilation...
    finished in 0.03 seconds. Local cache hits 0 (0.00s CPU time), remote cache hits 0 (0.00s CPU time), compiled 1 variants (0.03s CPU time), skipped 0 variants
    Prepared data for serialisation in 0.00s
Compiling shader "Hidden/Internal-UIRDefault" pass "" (fp)
    Full variant space:         1
    After settings filtering:   1
    After built-in stripping:   1
    After scriptable stripping: 1
    Processed in 0.00 seconds
    starting compilation...
    finished in 0.06 seconds. Local cache hits 0 (0.00s CPU time), remote cache hits 0 (0.00s CPU time), compiled 1 variants (0.06s CPU time), skipped 0 variants
    Prepared data for serialisation in 0.00s
Serialized binary data for shader Hidden/Internal-UIRDefault in 0.00s
    d3d11 (total internal programs: 4, unique: 4)
Compiling shader "Hidden/Internal-UIRAtlasBlitCopy" pass "" (vp)
    Full variant space:         1
    After settings filtering:   1
    After built-in stripping:   1
    After scriptable stripping: 1
    Processed in 0.00 seconds
    starting compilation...
    finished in 0.01 seconds. Local cache hits 0 (0.00s CPU time), remote cache hits 0 (0.00s CPU time), compiled 1 variants (0.01s CPU time), skipped 0 variants
    Prepared data for serialisation in 0.00s
Compiling shader "Hidden/Internal-UIRAtlasBlitCopy" pass "" (fp)
    Full variant space:         1
    After settings filtering:   1
    After built-in stripping:   1
    After scriptable stripping: 1
    Processed in 0.00 seconds
    starting compilation...
    finished in 0.01 seconds. Local cache hits 0 (0.00s CPU time), remote cache hits 0 (0.00s CPU time), compiled 1 variants (0.01s CPU time), skipped 0 variants
    Prepared data for serialisation in 0.00s
Serialized binary data for shader Hidden/Internal-UIRAtlasBlitCopy in 0.00s
    d3d11 (total internal programs: 2, unique: 2)
Compiling shader "Hidden/Internal-UIRDefaultWorld" pass "" (vp)
    Full variant space:         1
    After settings filtering:   1
    After built-in stripping:   1
    After scriptable stripping: 1
    Processed in 0.00 seconds
    starting compilation...
    finished in 0.03 seconds. Local cache hits 0 (0.00s CPU time), remote cache hits 0 (0.00s CPU time), compiled 1 variants (0.03s CPU time), skipped 0 variants
    Prepared data for serialisation in 0.00s
Compiling shader "Hidden/Internal-UIRDefaultWorld" pass "" (fp)
    Full variant space:         1
    After settings filtering:   1
    After built-in stripping:   1
    After scriptable stripping: 1
    Processed in 0.00 seconds
    starting compilation...
    finished in 0.06 seconds. Local cache hits 0 (0.00s CPU time), remote cache hits 0 (0.00s CPU time), compiled 1 variants (0.06s CPU time), skipped 0 variants
    Prepared data for serialisation in 0.00s
Compiling shader "Hidden/Internal-UIRDefaultWorld" pass "" (vp)
    Full variant space:         1
    After settings filtering:   1
    After built-in stripping:   1
    After scriptable stripping: 1
    Processed in 0.00 seconds
    starting compilation...
    finished in 0.04 seconds. Local cache hits 0 (0.00s CPU time), remote cache hits 0 (0.00s CPU time), compiled 1 variants (0.04s CPU time), skipped 0 variants
    Prepared data for serialisation in 0.00s
Compiling shader "Hidden/Internal-UIRDefaultWorld" pass "" (fp)
    Full variant space:         1
    After settings filtering:   1
    After built-in stripping:   1
    After scriptable stripping: 1
    Processed in 0.00 seconds
    starting compilation...
    finished in 0.06 seconds. Local cache hits 0 (0.00s CPU time), remote cache hits 0 (0.00s CPU time), compiled 1 variants (0.06s CPU time), skipped 0 variants
    Prepared data for serialisation in 0.00s
Serialized binary data for shader Hidden/Internal-UIRDefaultWorld in 0.00s
    d3d11 (total internal programs: 4, unique: 4)
Compiling shader "Sprites/Default" pass "" (vp)
    Full variant space:         8
    After settings filtering:   8
    After built-in stripping:   4
    After scriptable stripping: 4
    Processed in 0.00 seconds
    starting compilation...
    finished in 0.02 seconds. Local cache hits 0 (0.00s CPU time), remote cache hits 0 (0.00s CPU time), compiled 4 variants (0.06s CPU time), skipped 0 variants
    Prepared data for serialisation in 0.00s
Compiling shader "Sprites/Default" pass "" (fp)
    Full variant space:         8
    After settings filtering:   8
    After built-in stripping:   4
    After scriptable stripping: 4
    Processed in 0.00 seconds
    starting compilation...
    finished in 0.01 seconds. Local cache hits 0 (0.00s CPU time), remote cache hits 0 (0.00s CPU time), compiled 4 variants (0.05s CPU time), skipped 0 variants
    Prepared data for serialisation in 0.00s
Serialized binary data for shader Sprites/Default in 0.00s
    d3d11 (total internal programs: 8, unique: 8)
Compiling shader "Sprites/Mask" pass "" (vp)
    Full variant space:         4
    After settings filtering:   4
    After built-in stripping:   4
    After scriptable stripping: 4
    Processed in 0.00 seconds
    starting compilation...
    finished in 0.02 seconds. Local cache hits 0 (0.00s CPU time), remote cache hits 0 (0.00s CPU time), compiled 4 variants (0.05s CPU time), skipped 0 variants
    Prepared data for serialisation in 0.00s
Compiling shader "Sprites/Mask" pass "" (fp)
    Full variant space:         4
    After settings filtering:   4
    After built-in stripping:   4
    After scriptable stripping: 4
    Processed in 0.00 seconds
    starting compilation...
    finished in 0.02 seconds. Local cache hits 0 (0.00s CPU time), remote cache hits 0 (0.00s CPU time), compiled 4 variants (0.05s CPU time), skipped 0 variants
    Prepared data for serialisation in 0.00s
Serialized binary data for shader Sprites/Mask in 0.00s
    d3d11 (total internal programs: 8, unique: 8)
Compiling shader "UI/Default" pass "Default" (vp)
    Full variant space:         4
    After settings filtering:   4
    After built-in stripping:   4
    After scriptable stripping: 4
    Processed in 0.00 seconds
    starting compilation...
    finished in 0.02 seconds. Local cache hits 0 (0.00s CPU time), remote cache hits 0 (0.00s CPU time), compiled 4 variants (0.09s CPU time), skipped 0 variants
    Prepared data for serialisation in 0.00s
Compiling shader "UI/Default" pass "Default" (fp)
    Full variant space:         4
    After settings filtering:   4
    After built-in stripping:   4
    After scriptable stripping: 4
    Processed in 0.00 seconds
    starting compilation...
    finished in 0.02 seconds. Local cache hits 0 (0.00s CPU time), remote cache hits 0 (0.00s CPU time), compiled 4 variants (0.05s CPU time), skipped 0 variants
    Prepared data for serialisation in 0.00s
Serialized binary data for shader UI/Default in 0.00s
    d3d11 (total internal programs: 8, unique: 8)
Compiling shader "UI/DefaultETC1" pass "Default" (vp)
    Full variant space:         4
    After settings filtering:   4
    After built-in stripping:   4
    After scriptable stripping: 4
    Processed in 0.00 seconds
    starting compilation...
    finished in 0.02 seconds. Local cache hits 0 (0.00s CPU time), remote cache hits 0 (0.00s CPU time), compiled 4 variants (0.09s CPU time), skipped 0 variants
    Prepared data for serialisation in 0.00s
Compiling shader "UI/DefaultETC1" pass "Default" (fp)
    Full variant space:         4
    After settings filtering:   4
    After built-in stripping:   4
    After scriptable stripping: 4
    Processed in 0.00 seconds
    starting compilation...
    finished in 0.02 seconds. Local cache hits 0 (0.00s CPU time), remote cache hits 0 (0.00s CPU time), compiled 4 variants (0.05s CPU time), skipped 0 variants
    Prepared data for serialisation in 0.00s
Serialized binary data for shader UI/DefaultETC1 in 0.00s
    d3d11 (total internal programs: 8, unique: 8)
Compiling shader "Hidden/CubeBlur" pass "" (vp)
    Full variant space:         1
    After settings filtering:   1
    After built-in stripping:   1
    After scriptable stripping: 1
    Processed in 0.00 seconds
    starting compilation...
    finished in 0.01 seconds. Local cache hits 0 (0.00s CPU time), remote cache hits 0 (0.00s CPU time), compiled 1 variants (0.01s CPU time), skipped 0 variants
    Prepared data for serialisation in 0.00s
Compiling shader "Hidden/CubeBlur" pass "" (fp)
    Full variant space:         1
    After settings filtering:   1
    After built-in stripping:   1
    After scriptable stripping: 1
    Processed in 0.00 seconds
    starting compilation...
    finished in 0.10 seconds. Local cache hits 0 (0.00s CPU time), remote cache hits 0 (0.00s CPU time), compiled 1 variants (0.10s CPU time), skipped 0 variants
    Prepared data for serialisation in 0.00s
Compiling shader "Hidden/CubeBlur" pass "" (vp)
    Full variant space:         1
    After settings filtering:   1
    After built-in stripping:   1
    After scriptable stripping: 1
    Processed in 0.00 seconds
    starting compilation...
    finished in 0.01 seconds. Local cache hits 0 (0.00s CPU time), remote cache hits 0 (0.00s CPU time), compiled 1 variants (0.01s CPU time), skipped 0 variants
    Prepared data for serialisation in 0.00s
Compiling shader "Hidden/CubeBlur" pass "" (fp)
    Full variant space:         1
    After settings filtering:   1
    After built-in stripping:   1
    After scriptable stripping: 1
    Processed in 0.00 seconds
    starting compilation...
    finished in 0.01 seconds. Local cache hits 0 (0.00s CPU time), remote cache hits 0 (0.00s CPU time), compiled 1 variants (0.01s CPU time), skipped 0 variants
    Prepared data for serialisation in 0.00s
Serialized binary data for shader Hidden/CubeBlur in 0.00s
    d3d11 (total internal programs: 4, unique: 3)
Compiling shader "Hidden/CubeCopy" pass "" (vp)
    Full variant space:         1
    After settings filtering:   1
    After built-in stripping:   1
    After scriptable stripping: 1
    Processed in 0.00 seconds
    starting compilation...
    finished in 0.01 seconds. Local cache hits 0 (0.00s CPU time), remote cache hits 0 (0.00s CPU time), compiled 1 variants (0.01s CPU time), skipped 0 variants
    Prepared data for serialisation in 0.00s
Compiling shader "Hidden/CubeCopy" pass "" (fp)
    Full variant space:         1
    After settings filtering:   1
    After built-in stripping:   1
    After scriptable stripping: 1
    Processed in 0.00 seconds
    starting compilation...
    finished in 0.01 seconds. Local cache hits 0 (0.00s CPU time), remote cache hits 0 (0.00s CPU time), compiled 1 variants (0.01s CPU time), skipped 0 variants
    Prepared data for serialisation in 0.00s
Compiling shader "Hidden/CubeCopy" pass "" (vp)
    Full variant space:         1
    After settings filtering:   1
    After built-in stripping:   1
    After scriptable stripping: 1
    Processed in 0.00 seconds
    starting compilation...
    finished in 0.01 seconds. Local cache hits 0 (0.00s CPU time), remote cache hits 0 (0.00s CPU time), compiled 1 variants (0.01s CPU time), skipped 0 variants
    Prepared data for serialisation in 0.00s
Compiling shader "Hidden/CubeCopy" pass "" (fp)
    Full variant space:         1
    After settings filtering:   1
    After built-in stripping:   1
    After scriptable stripping: 1
    Processed in 0.00 seconds
    starting compilation...
    finished in 0.01 seconds. Local cache hits 0 (0.00s CPU time), remote cache hits 0 (0.00s CPU time), compiled 1 variants (0.01s CPU time), skipped 0 variants
    Prepared data for serialisation in 0.00s
Serialized binary data for shader Hidden/CubeCopy in 0.00s
    d3d11 (total internal programs: 4, unique: 2)
Compiling shader "Hidden/CubeBlend" pass "" (vp)
    Full variant space:         1
    After settings filtering:   1
    After built-in stripping:   1
    After scriptable stripping: 1
    Processed in 0.00 seconds
    starting compilation...
    finished in 0.01 seconds. Local cache hits 0 (0.00s CPU time), remote cache hits 0 (0.00s CPU time), compiled 1 variants (0.01s CPU time), skipped 0 variants
    Prepared data for serialisation in 0.00s
Compiling shader "Hidden/CubeBlend" pass "" (fp)
    Full variant space:         1
    After settings filtering:   1
    After built-in stripping:   1
    After scriptable stripping: 1
    Processed in 0.00 seconds
    starting compilation...
    finished in 0.01 seconds. Local cache hits 0 (0.00s CPU time), remote cache hits 0 (0.00s CPU time), compiled 1 variants (0.01s CPU time), skipped 0 variants
    Prepared data for serialisation in 0.00s
Compiling shader "Hidden/CubeBlend" pass "" (vp)
    Full variant space:         1
    After settings filtering:   1
    After built-in stripping:   1
    After scriptable stripping: 1
    Processed in 0.00 seconds
    starting compilation...
    finished in 0.01 seconds. Local cache hits 0 (0.00s CPU time), remote cache hits 0 (0.00s CPU time), compiled 1 variants (0.01s CPU time), skipped 0 variants
    Prepared data for serialisation in 0.00s
Compiling shader "Hidden/CubeBlend" pass "" (fp)
    Full variant space:         1
    After settings filtering:   1
    After built-in stripping:   1
    After scriptable stripping: 1
    Processed in 0.00 seconds
    starting compilation...
    finished in 0.01 seconds. Local cache hits 0 (0.00s CPU time), remote cache hits 0 (0.00s CPU time), compiled 1 variants (0.01s CPU time), skipped 0 variants
    Prepared data for serialisation in 0.00s
Serialized binary data for shader Hidden/CubeBlend in 0.00s
    d3d11 (total internal programs: 4, unique: 2)
Compiling shader "Hidden/VR/BlitTexArraySlice" pass "" (vp)
    Full variant space:         1
    After settings filtering:   1
    After built-in stripping:   1
    After scriptable stripping: 1
    Processed in 0.00 seconds
    starting compilation...
    finished in 0.01 seconds. Local cache hits 0 (0.00s CPU time), remote cache hits 0 (0.00s CPU time), compiled 1 variants (0.01s CPU time), skipped 0 variants
    Prepared data for serialisation in 0.00s
Compiling shader "Hidden/VR/BlitTexArraySlice" pass "" (fp)
    Full variant space:         1
    After settings filtering:   1
    After built-in stripping:   1
    After scriptable stripping: 1
    Processed in 0.00 seconds
    starting compilation...
    finished in 0.01 seconds. Local cache hits 0 (0.00s CPU time), remote cache hits 0 (0.00s CPU time), compiled 1 variants (0.01s CPU time), skipped 0 variants
    Prepared data for serialisation in 0.00s
Serialized binary data for shader Hidden/VR/BlitTexArraySlice in 0.00s
    d3d11 (total internal programs: 2, unique: 2)
Compiling shader "Hidden/Internal-ODSWorldTexture" pass "" (vp)
    Full variant space:         1
    After settings filtering:   1
    After built-in stripping:   1
    After scriptable stripping: 1
    Processed in 0.00 seconds
    starting compilation...
    finished in 0.01 seconds. Local cache hits 0 (0.00s CPU time), remote cache hits 0 (0.00s CPU time), compiled 1 variants (0.01s CPU time), skipped 0 variants
    Prepared data for serialisation in 0.00s
Compiling shader "Hidden/Internal-ODSWorldTexture" pass "" (fp)
    Full variant space:         1
    After settings filtering:   1
    After built-in stripping:   1
    After scriptable stripping: 1
    Processed in 0.00 seconds
    starting compilation...
    finished in 0.01 seconds. Local cache hits 0 (0.00s CPU time), remote cache hits 0 (0.00s CPU time), compiled 1 variants (0.01s CPU time), skipped 0 variants
    Prepared data for serialisation in 0.00s
Compiling shader "Hidden/Internal-ODSWorldTexture" pass "" (vp)
    Full variant space:         1
    After settings filtering:   1
    After built-in stripping:   1
    After scriptable stripping: 1
    Processed in 0.00 seconds
    starting compilation...
    finished in 0.01 seconds. Local cache hits 0 (0.00s CPU time), remote cache hits 0 (0.00s CPU time), compiled 1 variants (0.01s CPU time), skipped 0 variants
    Prepared data for serialisation in 0.00s
Compiling shader "Hidden/Internal-ODSWorldTexture" pass "" (fp)
    Full variant space:         1
    After settings filtering:   1
    After built-in stripping:   1
    After scriptable stripping: 1
    Processed in 0.00 seconds
    starting compilation...
    finished in 0.01 seconds. Local cache hits 0 (0.00s CPU time), remote cache hits 0 (0.00s CPU time), compiled 1 variants (0.01s CPU time), skipped 0 variants
    Prepared data for serialisation in 0.00s
Compiling shader "Hidden/Internal-ODSWorldTexture" pass "" (vp)
    Full variant space:         1
    After settings filtering:   1
    After built-in stripping:   1
    After scriptable stripping: 1
    Processed in 0.00 seconds
    starting compilation...
    finished in 0.03 seconds. Local cache hits 0 (0.00s CPU time), remote cache hits 0 (0.00s CPU time), compiled 1 variants (0.03s CPU time), skipped 0 variants
    Prepared data for serialisation in 0.00s
Compiling shader "Hidden/Internal-ODSWorldTexture" pass "" (fp)
    Full variant space:         1
    After settings filtering:   1
    After built-in stripping:   1
    After scriptable stripping: 1
    Processed in 0.00 seconds
    starting compilation...
    finished in 0.01 seconds. Local cache hits 0 (0.00s CPU time), remote cache hits 0 (0.00s CPU time), compiled 1 variants (0.01s CPU time), skipped 0 variants
    Prepared data for serialisation in 0.00s
Compiling shader "Hidden/Internal-ODSWorldTexture" pass "" (vp)
    Full variant space:         1
    After settings filtering:   1
    After built-in stripping:   1
    After scriptable stripping: 1
    Processed in 0.00 seconds
    starting compilation...
    finished in 0.04 seconds. Local cache hits 0 (0.00s CPU time), remote cache hits 0 (0.00s CPU time), compiled 1 variants (0.04s CPU time), skipped 0 variants
    Prepared data for serialisation in 0.00s
Compiling shader "Hidden/Internal-ODSWorldTexture" pass "" (fp)
    Full variant space:         1
    After settings filtering:   1
    After built-in stripping:   1
    After scriptable stripping: 1
    Processed in 0.00 seconds
    starting compilation...
    finished in 0.01 seconds. Local cache hits 0 (0.00s CPU time), remote cache hits 0 (0.00s CPU time), compiled 1 variants (0.01s CPU time), skipped 0 variants
    Prepared data for serialisation in 0.00s
Compiling shader "Hidden/Internal-ODSWorldTexture" pass "" (vp)
    Full variant space:         1
    After settings filtering:   1
    After built-in stripping:   1
    After scriptable stripping: 1
    Processed in 0.00 seconds
    starting compilation...
    finished in 0.01 seconds. Local cache hits 0 (0.00s CPU time), remote cache hits 0 (0.00s CPU time), compiled 1 variants (0.01s CPU time), skipped 0 variants
    Prepared data for serialisation in 0.00s
Compiling shader "Hidden/Internal-ODSWorldTexture" pass "" (fp)
    Full variant space:         1
    After settings filtering:   1
    After built-in stripping:   1
    After scriptable stripping: 1
    Processed in 0.00 seconds
    starting compilation...
    finished in 0.01 seconds. Local cache hits 0 (0.00s CPU time), remote cache hits 0 (0.00s CPU time), compiled 1 variants (0.01s CPU time), skipped 0 variants
    Prepared data for serialisation in 0.00s
Compiling shader "Hidden/Internal-ODSWorldTexture" pass "" (vp)
    Full variant space:         1
    After settings filtering:   1
    After built-in stripping:   1
    After scriptable stripping: 1
    Processed in 0.00 seconds
    starting compilation...
    finished in 0.02 seconds. Local cache hits 0 (0.00s CPU time), remote cache hits 0 (0.00s CPU time), compiled 1 variants (0.02s CPU time), skipped 0 variants
    Prepared data for serialisation in 0.00s
Compiling shader "Hidden/Internal-ODSWorldTexture" pass "" (fp)
    Full variant space:         1
    After settings filtering:   1
    After built-in stripping:   1
    After scriptable stripping: 1
    Processed in 0.00 seconds
    starting compilation...
    finished in 0.01 seconds. Local cache hits 0 (0.00s CPU time), remote cache hits 0 (0.00s CPU time), compiled 1 variants (0.01s CPU time), skipped 0 variants
    Prepared data for serialisation in 0.00s
Compiling shader "Hidden/Internal-ODSWorldTexture" pass "" (vp)
    Full variant space:         1
    After settings filtering:   1
    After built-in stripping:   1
    After scriptable stripping: 1
    Processed in 0.00 seconds
    starting compilation...
    finished in 0.02 seconds. Local cache hits 0 (0.00s CPU time), remote cache hits 0 (0.00s CPU time), compiled 1 variants (0.02s CPU time), skipped 0 variants
    Prepared data for serialisation in 0.00s
Compiling shader "Hidden/Internal-ODSWorldTexture" pass "" (fp)
    Full variant space:         1
    After settings filtering:   1
    After built-in stripping:   1
    After scriptable stripping: 1
    Processed in 0.00 seconds
    starting compilation...
    finished in 0.01 seconds. Local cache hits 0 (0.00s CPU time), remote cache hits 0 (0.00s CPU time), compiled 1 variants (0.01s CPU time), skipped 0 variants
    Prepared data for serialisation in 0.00s
Compiling shader "Hidden/Internal-ODSWorldTexture" pass "" (vp)
    Full variant space:         1
    After settings filtering:   1
    After built-in stripping:   1
    After scriptable stripping: 1
    Processed in 0.00 seconds
    starting compilation...
    finished in 0.02 seconds. Local cache hits 0 (0.00s CPU time), remote cache hits 0 (0.00s CPU time), compiled 1 variants (0.02s CPU time), skipped 0 variants
    Prepared data for serialisation in 0.00s
Compiling shader "Hidden/Internal-ODSWorldTexture" pass "" (fp)
    Full variant space:         1
    After settings filtering:   1
    After built-in stripping:   1
    After scriptable stripping: 1
    Processed in 0.00 seconds
    starting compilation...
    finished in 0.01 seconds. Local cache hits 0 (0.00s CPU time), remote cache hits 0 (0.00s CPU time), compiled 1 variants (0.01s CPU time), skipped 0 variants
    Prepared data for serialisation in 0.00s
Compiling shader "Hidden/Internal-ODSWorldTexture" pass "" (vp)
    Full variant space:         1
    After settings filtering:   1
    After built-in stripping:   1
    After scriptable stripping: 1
    Processed in 0.00 seconds
    starting compilation...
    finished in 0.03 seconds. Local cache hits 0 (0.00s CPU time), remote cache hits 0 (0.00s CPU time), compiled 1 variants (0.03s CPU time), skipped 0 variants
    Prepared data for serialisation in 0.00s
Compiling shader "Hidden/Internal-ODSWorldTexture" pass "" (fp)
    Full variant space:         1
    After settings filtering:   1
    After built-in stripping:   1
    After scriptable stripping: 1
    Processed in 0.00 seconds
    starting compilation...
    finished in 0.01 seconds. Local cache hits 0 (0.00s CPU time), remote cache hits 0 (0.00s CPU time), compiled 1 variants (0.01s CPU time), skipped 0 variants
    Prepared data for serialisation in 0.00s
Compiling shader "Hidden/Internal-ODSWorldTexture" pass "" (vp)
    Full variant space:         1
    After settings filtering:   1
    After built-in stripping:   1
    After scriptable stripping: 1
    Processed in 0.00 seconds
    starting compilation...
    finished in 0.03 seconds. Local cache hits 0 (0.00s CPU time), remote cache hits 0 (0.00s CPU time), compiled 1 variants (0.03s CPU time), skipped 0 variants
    Prepared data for serialisation in 0.00s
Compiling shader "Hidden/Internal-ODSWorldTexture" pass "" (fp)
    Full variant space:         1
    After settings filtering:   1
    After built-in stripping:   1
    After scriptable stripping: 1
    Processed in 0.00 seconds
    starting compilation...
    finished in 0.01 seconds. Local cache hits 0 (0.00s CPU time), remote cache hits 0 (0.00s CPU time), compiled 1 variants (0.01s CPU time), skipped 0 variants
    Prepared data for serialisation in 0.00s
Serialized binary data for shader Hidden/Internal-ODSWorldTexture in 0.00s
    d3d11 (total internal programs: 20, unique: 15)
Compiling shader "Hidden/Internal-CubemapToEquirect" pass "" (vp)
    Full variant space:         1
    After settings filtering:   1
    After built-in stripping:   1
    After scriptable stripping: 1
    Processed in 0.00 seconds
    starting compilation...
    finished in 0.01 seconds. Local cache hits 0 (0.00s CPU time), remote cache hits 0 (0.00s CPU time), compiled 1 variants (0.01s CPU time), skipped 0 variants
    Prepared data for serialisation in 0.00s
Compiling shader "Hidden/Internal-CubemapToEquirect" pass "" (fp)
    Full variant space:         1
    After settings filtering:   1
    After built-in stripping:   1
    After scriptable stripping: 1
    Processed in 0.00 seconds
    starting compilation...
    finished in 0.01 seconds. Local cache hits 0 (0.00s CPU time), remote cache hits 0 (0.00s CPU time), compiled 1 variants (0.01s CPU time), skipped 0 variants
    Prepared data for serialisation in 0.00s
Serialized binary data for shader Hidden/Internal-CubemapToEquirect in 0.00s
    d3d11 (total internal programs: 2, unique: 2)
Compiling shader "Hidden/VR/BlitFromTex2DToTexArraySlice" pass "" (vp)
    Full variant space:         1
    After settings filtering:   1
    After built-in stripping:   1
    After scriptable stripping: 1
    Processed in 0.00 seconds
    starting compilation...
    finished in 0.01 seconds. Local cache hits 0 (0.00s CPU time), remote cache hits 0 (0.00s CPU time), compiled 1 variants (0.01s CPU time), skipped 0 variants
    Prepared data for serialisation in 0.00s
Compiling shader "Hidden/VR/BlitFromTex2DToTexArraySlice" pass "" (fp)
    Full variant space:         1
    After settings filtering:   1
    After built-in stripping:   1
    After scriptable stripping: 1
    Processed in 0.00 seconds
    starting compilation...
    finished in 0.01 seconds. Local cache hits 0 (0.00s CPU time), remote cache hits 0 (0.00s CPU time), compiled 1 variants (0.01s CPU time), skipped 0 variants
    Prepared data for serialisation in 0.00s
Compiling shader "Hidden/VR/BlitFromTex2DToTexArraySlice" pass "" (vp)
    Full variant space:         1
    After settings filtering:   1
    After built-in stripping:   1
    After scriptable stripping: 1
    Processed in 0.00 seconds
    starting compilation...
    finished in 0.01 seconds. Local cache hits 0 (0.00s CPU time), remote cache hits 0 (0.00s CPU time), compiled 1 variants (0.01s CPU time), skipped 0 variants
    Prepared data for serialisation in 0.00s
Compiling shader "Hidden/VR/BlitFromTex2DToTexArraySlice" pass "" (fp)
    Full variant space:         1
    After settings filtering:   1
    After built-in stripping:   1
    After scriptable stripping: 1
    Processed in 0.00 seconds
    starting compilation...
    finished in 0.01 seconds. Local cache hits 0 (0.00s CPU time), remote cache hits 0 (0.00s CPU time), compiled 1 variants (0.01s CPU time), skipped 0 variants
    Prepared data for serialisation in 0.00s
Compiling shader "Hidden/VR/BlitFromTex2DToTexArraySlice" pass "" (gp)
    Full variant space:         1
    After settings filtering:   1
    After built-in stripping:   1
    After scriptable stripping: 1
    Processed in 0.00 seconds
    starting compilation...
    finished in 0.01 seconds. Local cache hits 0 (0.00s CPU time), remote cache hits 0 (0.00s CPU time), compiled 1 variants (0.01s CPU time), skipped 0 variants
    Prepared data for serialisation in 0.00s
Serialized binary data for shader Hidden/VR/BlitFromTex2DToTexArraySlice in 0.00s
    d3d11 (total internal programs: 5, unique: 5)
Compiling shader "Hidden/VideoComposite" pass "Default" (vp)
    Full variant space:         1
    After settings filtering:   1
    After built-in stripping:   1
    After scriptable stripping: 1
    Processed in 0.00 seconds
    starting compilation...
    finished in 0.01 seconds. Local cache hits 0 (0.00s CPU time), remote cache hits 0 (0.00s CPU time), compiled 1 variants (0.01s CPU time), skipped 0 variants
    Prepared data for serialisation in 0.00s
Compiling shader "Hidden/VideoComposite" pass "Default" (fp)
    Full variant space:         1
    After settings filtering:   1
    After built-in stripping:   1
    After scriptable stripping: 1
    Processed in 0.00 seconds
    starting compilation...
    finished in 0.01 seconds. Local cache hits 0 (0.00s CPU time), remote cache hits 0 (0.00s CPU time), compiled 1 variants (0.01s CPU time), skipped 0 variants
    Prepared data for serialisation in 0.00s
Serialized binary data for shader Hidden/VideoComposite in 0.00s
    d3d11 (total internal programs: 2, unique: 2)
Compiling shader "Hidden/VideoDecode" pass "YCbCr_To_RGB1" (vp)
    Full variant space:         2
    After settings filtering:   2
    After built-in stripping:   2
    After scriptable stripping: 2
    Processed in 0.00 seconds
    starting compilation...
    finished in 0.01 seconds. Local cache hits 0 (0.00s CPU time), remote cache hits 0 (0.00s CPU time), compiled 2 variants (0.03s CPU time), skipped 0 variants
    Prepared data for serialisation in 0.00s
Compiling shader "Hidden/VideoDecode" pass "YCbCr_To_RGB1" (fp)
    Full variant space:         2
    After settings filtering:   2
    After built-in stripping:   2
    After scriptable stripping: 2
    Processed in 0.00 seconds
    starting compilation...
    finished in 0.01 seconds. Local cache hits 0 (0.00s CPU time), remote cache hits 0 (0.00s CPU time), compiled 2 variants (0.03s CPU time), skipped 0 variants
    Prepared data for serialisation in 0.00s
Compiling shader "Hidden/VideoDecode" pass "YCbCrA_To_RGBAFull" (vp)
    Full variant space:         2
    After settings filtering:   2
    After built-in stripping:   2
    After scriptable stripping: 2
    Processed in 0.00 seconds
    starting compilation...
    finished in 0.01 seconds. Local cache hits 0 (0.00s CPU time), remote cache hits 0 (0.00s CPU time), compiled 2 variants (0.03s CPU time), skipped 0 variants
    Prepared data for serialisation in 0.00s
Compiling shader "Hidden/VideoDecode" pass "YCbCrA_To_RGBAFull" (fp)
    Full variant space:         2
    After settings filtering:   2
    After built-in stripping:   2
    After scriptable stripping: 2
    Processed in 0.00 seconds
    starting compilation...
    finished in 0.01 seconds. Local cache hits 0 (0.00s CPU time), remote cache hits 0 (0.00s CPU time), compiled 2 variants (0.02s CPU time), skipped 0 variants
    Prepared data for serialisation in 0.00s
Compiling shader "Hidden/VideoDecode" pass "YCbCrA_To_RGBA" (vp)
    Full variant space:         2
    After settings filtering:   2
    After built-in stripping:   2
    After scriptable stripping: 2
    Processed in 0.00 seconds
    starting compilation...
    finished in 0.01 seconds. Local cache hits 0 (0.00s CPU time), remote cache hits 0 (0.00s CPU time), compiled 2 variants (0.03s CPU time), skipped 0 variants
    Prepared data for serialisation in 0.00s
Compiling shader "Hidden/VideoDecode" pass "YCbCrA_To_RGBA" (fp)
    Full variant space:         2
    After settings filtering:   2
    After built-in stripping:   2
    After scriptable stripping: 2
    Processed in 0.00 seconds
    starting compilation...
    finished in 0.01 seconds. Local cache hits 0 (0.00s CPU time), remote cache hits 0 (0.00s CPU time), compiled 2 variants (0.03s CPU time), skipped 0 variants
    Prepared data for serialisation in 0.00s
Compiling shader "Hidden/VideoDecode" pass "Flip_RGBA_To_RGBA" (vp)
    Full variant space:         2
    After settings filtering:   2
    After built-in stripping:   2
    After scriptable stripping: 2
    Processed in 0.00 seconds
    starting compilation...
    finished in 0.01 seconds. Local cache hits 0 (0.00s CPU time), remote cache hits 0 (0.00s CPU time), compiled 2 variants (0.03s CPU time), skipped 0 variants
    Prepared data for serialisation in 0.00s
Compiling shader "Hidden/VideoDecode" pass "Flip_RGBA_To_RGBA" (fp)
    Full variant space:         2
    After settings filtering:   2
    After built-in stripping:   2
    After scriptable stripping: 2
    Processed in 0.00 seconds
    starting compilation...
    finished in 0.01 seconds. Local cache hits 0 (0.00s CPU time), remote cache hits 0 (0.00s CPU time), compiled 2 variants (0.02s CPU time), skipped 0 variants
    Prepared data for serialisation in 0.00s
Compiling shader "Hidden/VideoDecode" pass "Flip_RGBASplit_To_RGBA" (vp)
    Full variant space:         2
    After settings filtering:   2
    After built-in stripping:   2
    After scriptable stripping: 2
    Processed in 0.00 seconds
    starting compilation...
    finished in 0.01 seconds. Local cache hits 0 (0.00s CPU time), remote cache hits 0 (0.00s CPU time), compiled 2 variants (0.02s CPU time), skipped 0 variants
    Prepared data for serialisation in 0.00s
Compiling shader "Hidden/VideoDecode" pass "Flip_RGBASplit_To_RGBA" (fp)
    Full variant space:         2
    After settings filtering:   2
    After built-in stripping:   2
    After scriptable stripping: 2
    Processed in 0.00 seconds
    starting compilation...
    finished in 0.01 seconds. Local cache hits 0 (0.00s CPU time), remote cache hits 0 (0.00s CPU time), compiled 2 variants (0.02s CPU time), skipped 0 variants
    Prepared data for serialisation in 0.00s
Compiling shader "Hidden/VideoDecode" pass "Flip_NV12_To_RGB1" (vp)
    Full variant space:         2
    After settings filtering:   2
    After built-in stripping:   2
    After scriptable stripping: 2
    Processed in 0.00 seconds
    starting compilation...
    finished in 0.01 seconds. Local cache hits 0 (0.00s CPU time), remote cache hits 0 (0.00s CPU time), compiled 2 variants (0.03s CPU time), skipped 0 variants
    Prepared data for serialisation in 0.00s
Compiling shader "Hidden/VideoDecode" pass "Flip_NV12_To_RGB1" (fp)
    Full variant space:         2
    After settings filtering:   2
    After built-in stripping:   2
    After scriptable stripping: 2
    Processed in 0.00 seconds
    starting compilation...
    finished in 0.01 seconds. Local cache hits 0 (0.00s CPU time), remote cache hits 0 (0.00s CPU time), compiled 2 variants (0.02s CPU time), skipped 0 variants
    Prepared data for serialisation in 0.00s
Compiling shader "Hidden/VideoDecode" pass "Flip_NV12_To_RGBA" (vp)
    Full variant space:         2
    After settings filtering:   2
    After built-in stripping:   2
    After scriptable stripping: 2
    Processed in 0.00 seconds
    starting compilation...
    finished in 0.01 seconds. Local cache hits 0 (0.00s CPU time), remote cache hits 0 (0.00s CPU time), compiled 2 variants (0.03s CPU time), skipped 0 variants
    Prepared data for serialisation in 0.00s
Compiling shader "Hidden/VideoDecode" pass "Flip_NV12_To_RGBA" (fp)
    Full variant space:         2
    After settings filtering:   2
    After built-in stripping:   2
    After scriptable stripping: 2
    Processed in 0.00 seconds
    starting compilation...
    finished in 0.01 seconds. Local cache hits 0 (0.00s CPU time), remote cache hits 0 (0.00s CPU time), compiled 2 variants (0.02s CPU time), skipped 0 variants
    Prepared data for serialisation in 0.00s
Compiling shader "Hidden/VideoDecode" pass "Flip_P010_To_RGB1" (vp)
    Full variant space:         1
    After settings filtering:   1
    After built-in stripping:   1
    After scriptable stripping: 1
    Processed in 0.00 seconds
    starting compilation...
    finished in 0.01 seconds. Local cache hits 0 (0.00s CPU time), remote cache hits 0 (0.00s CPU time), compiled 1 variants (0.01s CPU time), skipped 0 variants
    Prepared data for serialisation in 0.00s
Compiling shader "Hidden/VideoDecode" pass "Flip_P010_To_RGB1" (fp)
    Full variant space:         1
    After settings filtering:   1
    After built-in stripping:   1
    After scriptable stripping: 1
    Processed in 0.00 seconds
    starting compilation...
    finished in 0.01 seconds. Local cache hits 0 (0.00s CPU time), remote cache hits 0 (0.00s CPU time), compiled 1 variants (0.01s CPU time), skipped 0 variants
    Prepared data for serialisation in 0.00s
Serialized binary data for shader Hidden/VideoDecode in 0.00s
    d3d11 (total internal programs: 30, unique: 19)
Compiling shader "Hidden/TextCore/Distance Field SSD" pass "" (vp)
    Full variant space:         1
    After settings filtering:   1
    After built-in stripping:   1
    After scriptable stripping: 1
    Processed in 0.00 seconds
    starting compilation...
    finished in 0.02 seconds. Local cache hits 0 (0.00s CPU time), remote cache hits 0 (0.00s CPU time), compiled 1 variants (0.02s CPU time), skipped 0 variants
    Prepared data for serialisation in 0.00s
Compiling shader "Hidden/TextCore/Distance Field SSD" pass "" (fp)
    Full variant space:         1
    After settings filtering:   1
    After built-in stripping:   1
    After scriptable stripping: 1
    Processed in 0.00 seconds
    starting compilation...
    finished in 0.01 seconds. Local cache hits 0 (0.00s CPU time), remote cache hits 0 (0.00s CPU time), compiled 1 variants (0.01s CPU time), skipped 0 variants
    Prepared data for serialisation in 0.00s
Serialized binary data for shader Hidden/TextCore/Distance Field SSD in 0.00s
    d3d11 (total internal programs: 2, unique: 2)
info: Microsoft.AspNetCore.Hosting.Diagnostics[1]
      Request starting HTTP/2 POST http://ilpp/UnityILPP.PostProcessing/Ping application/grpc -
info: Microsoft.AspNetCore.Routing.EndpointMiddleware[0]
      Executing endpoint 'gRPC - /UnityILPP.PostProcessing/Ping'
info: Microsoft.AspNetCore.Routing.EndpointMiddleware[1]
      Executed endpoint 'gRPC - /UnityILPP.PostProcessing/Ping'
info: Microsoft.AspNetCore.Hosting.Diagnostics[2]
      Request finished HTTP/2 POST http://ilpp/UnityILPP.PostProcessing/Ping application/grpc - - 200 - application/grpc 0.2224ms
Starting: C:\Program Files\Unity\Hub\Editor\2022.3.62f3\Editor\Data\bee_backend.exe --ipc --dagfile="Library/Bee/Player55318901.dag" --profile="Library/Bee/backend1.traceevents" Player
WorkingDir: C:/Development/15_MD
[             ] Require frontend run.  Library/Bee/Player55318901.dag couldn't be loaded
Starting: C:\Program Files\Unity\Hub\Editor\2022.3.62f3\Editor\Data\Tools\netcorerun\netcorerun.exe "C:\Program Files\Unity\Hub\Editor\2022.3.62f3\Editor\Data\PlaybackEngines\WindowsStandaloneSupport\WinPlayerBuildProgram.exe" "C:/Program Files/Unity/Hub/Editor/2022.3.62f3/Editor/Data/PlaybackEngines/WindowsStandaloneSupport/Bee;C:/Program Files/Unity/Hub/Editor/2022.3.62f3/Editor/Data/Tools/BuildPipeline" "Library/Bee/Player55318901.dag.json" "Library/Bee/Player55318901-inputdata.json" "Library\Bee\buildprogram0.traceevents"
WorkingDir: C:/Development/15_MD
ExitCode: 4 Duration: 0s27ms
DisplayProgressbar: Incremental Player Build
ExitCode: 0 Duration: 0s207ms
Starting: C:\Program Files\Unity\Hub\Editor\2022.3.62f3\Editor\Data\bee_backend.exe --ipc --dagfile="Library/Bee/Player55318901.dag" --dagfilejson="Library\Bee\Player55318901.dag.json" --profile="Library/Bee/backend2.traceevents" Player
WorkingDir: C:/Development/15_MD
Finished compiling graph: 142 nodes, 281 flattened edges (281 ToBuild, 0 ToUse), maximum node priority 7
[  1/141    0s] WriteText Library/Bee/artifacts/csharpactions/boot.config_tyr4.info
[  2/141    0s] WriteText Library/Bee/artifacts/WinPlayerBuildProgram/Data/app.info
[  3/141    0s] CopyFiles release/MonoBleedingEdge/etc/mono/mconfig/config.xml
[  4/141    0s] CopyFiles release/MonoBleedingEdge/etc/mono/4.0/web.config
[  5/141    0s] CopyFiles release/MonoBleedingEdge/etc/mono/4.5/machine.config
[  6/141    0s] CopyFiles release/MadDragon_Data/app.info
[  7/141    0s] CopyFiles release/MonoBleedingEdge/etc/mono/4.5/web.config
[  8/141    0s] CopyFiles release/MonoBleedingEdge/etc/mono/config
[  9/141    0s] CopyFiles release/MonoBleedingEdge/etc/mono/4.5/settings.map
[ 10/141    0s] CopyFiles release/MonoBleedingEdge/etc/mono/4.5/Browsers/Compat.browser
[ 11/141    0s] CopyFiles release/MonoBleedingEdge/etc/mono/browscap.ini
[ 12/141    0s] CopyFiles release/MonoBleedingEdge/etc/mono/4.0/settings.map
[ 13/141    0s] CopyFiles release/MonoBleedingEdge/etc/mono/4.0/DefaultWsdlHelpGenerator.aspx
[ 14/141    0s] CopyFiles release/MonoBleedingEdge/etc/mono/4.5/DefaultWsdlHelpGenerator.aspx
[ 15/141    0s] CopyFiles release/MonoBleedingEdge/etc/mono/4.0/machine.config
[ 16/141    0s] CopyFiles release/MonoBleedingEdge/etc/mono/4.0/Browsers/Compat.browser
[ 17/141    0s] CopyFiles release/MonoBleedingEdge/etc/mono/2.0/web.config
[ 18/141    0s] CopyFiles release/UnityCrashHandler64.exe
[ 19/141    0s] CopyFiles release/MonoBleedingEdge/etc/mono/2.0/Browsers/Compat.browser
[ 20/141    0s] CopyFiles release/MadDragon.exe
[ 21/141    0s] CopyFiles release/MadDragon_Data/Resources/unity default resources
[ 22/141    0s] CopyFiles release/MonoBleedingEdge/etc/mono/2.0/DefaultWsdlHelpGenerator.aspx
[ 23/141    0s] CopyFiles release/MonoBleedingEdge/etc/mono/2.0/machine.config
[ 24/141    0s] CopyFiles release/MonoBleedingEdge/EmbedRuntime/MonoPosixHelper.dll
[ 25/141    0s] CopyFiles release/MonoBleedingEdge/etc/mono/2.0/settings.map
[ 26/141    0s] CopyFiles release/MadDragon_Data/Managed/System.Net.Http.dll
[ 27/141    0s] CopyFiles release/MadDragon_Data/Managed/System.Transactions.dll
[ 28/141    0s] CopyFiles release/MadDragon_Data/Managed/System.Xml.Linq.dll
[ 29/141    0s] CopyFiles release/MadDragon_Data/Managed/System.Runtime.Serialization.dll
[ 30/141    0s] CopyFiles release/MadDragon_Data/Managed/System.Security.dll
[ 31/141    0s] CopyFiles release/MadDragon_Data/Managed/System.dll
[ 32/141    0s] CopyFiles release/MadDragon_Data/Managed/System.Numerics.dll
[ 33/141    0s] CopyFiles release/MadDragon_Data/Managed/System.Xml.dll
[ 34/141    0s] CopyFiles release/MadDragon_Data/Managed/System.ServiceModel.Internals.dll
[ 35/141    0s] CopyFiles release/MadDragon_Data/Managed/System.IO.Compression.dll
[ 36/141    0s] CopyFiles release/MadDragon_Data/Managed/System.IO.Compression.FileSystem.dll
[ 37/141    0s] CopyFiles release/MadDragon_Data/Managed/System.Drawing.dll
[ 38/141    0s] CopyFiles release/MadDragon_Data/Managed/System.EnterpriseServices.dll
[ 39/141    0s] CopyFiles release/MadDragon_Data/Managed/System.Data.DataSetExtensions.dll
[ 40/141    0s] CopyFiles release/MadDragon_Data/Managed/System.ComponentModel.Composition.dll
[ 41/141    0s] CopyFiles release/MadDragon_Data/Managed/System.Core.dll
[ 42/141    0s] CopyFiles release/MadDragon_Data/Managed/System.Configuration.dll
[ 43/141    0s] CopyFiles release/MadDragon_Data/Managed/mscorlib.dll
[ 44/141    0s] CopyFiles release/MadDragon_Data/Managed/System.Data.dll
[ 45/141    0s] CopyFiles release/MadDragon_Data/Managed/Mono.Security.dll
[ 46/141    0s] CopyFiles release/MadDragon_Data/Managed/netstandard.dll
[ 47/141    0s] CopyFiles release/MadDragon_Data/Managed/Newtonsoft.Json.dll
[ 48/141    0s] CopyFiles release/MadDragon_Data/Managed/MedievalRTS.Runtime.dll
[ 49/141    0s] CopyFiles release/MadDragon_Data/Managed/UnityEngine.UI.dll
[ 50/141    0s] CopyFiles release/MadDragon_Data/Managed/UnityEngine.XRModule.dll
[ 51/141    0s] CopyFiles release/MadDragon_Data/Managed/UnityEngine.VirtualTexturingModule.dll
[ 52/141    0s] CopyFiles release/MadDragon_Data/Managed/UnityEngine.dll
[ 53/141    0s] CopyFiles release/MadDragon_Data/Managed/UnityEngine.WindModule.dll
[ 54/141    0s] CopyFiles release/MadDragon_Data/Managed/UnityEngine.VideoModule.dll
[ 55/141    0s] CopyFiles release/MadDragon_Data/Managed/UnityEngine.VehiclesModule.dll
[ 56/141    0s] CopyFiles release/MadDragon_Data/Managed/UnityEngine.UnityWebRequestWWWModule.dll
[ 57/141    0s] CopyFiles release/MadDragon_Data/Managed/UnityEngine.VRModule.dll
[ 58/141    0s] CopyFiles release/MadDragon_Data/Managed/UnityEngine.VFXModule.dll
[ 59/141    0s] CopyFiles release/MadDragon_Data/Managed/UnityEngine.UnityWebRequestTextureModule.dll
[ 60/141    0s] CopyFiles release/MadDragon_Data/Managed/UnityEngine.UnityWebRequestAssetBundleModule.dll
[ 61/141    0s] CopyFiles release/MadDragon_Data/Managed/UnityEngine.UnityWebRequestAudioModule.dll
[ 62/141    0s] CopyFiles release/MadDragon_Data/Managed/UnityEngine.UnityWebRequestModule.dll
[ 63/141    0s] CopyFiles release/MadDragon_Data/Managed/UnityEngine.UnityTestProtocolModule.dll
[ 64/141    0s] CopyFiles release/MadDragon_Data/Managed/UnityEngine.UnityConnectModule.dll
[ 65/141    0s] CopyFiles release/MadDragon_Data/Managed/UnityEngine.UnityCurlModule.dll
[ 66/141    0s] CopyFiles release/MadDragon_Data/Managed/UnityEngine.UnityAnalyticsModule.dll
[ 67/141    0s] CopyFiles release/MadDragon_Data/Managed/UnityEngine.UnityAnalyticsCommonModule.dll
[ 68/141    0s] CopyFiles release/MadDragon_Data/Managed/UnityEngine.UIModule.dll
[ 69/141    0s] CopyFiles release/MadDragon_Data/Managed/UnityEngine.UmbraModule.dll
[ 70/141    0s] CopyFiles release/MadDragon_Data/Managed/UnityEngine.UIElementsModule.dll
[ 71/141    0s] CopyFiles release/MadDragon_Data/Managed/UnityEngine.TextCoreTextEngineModule.dll
[ 72/141    0s] CopyFiles release/MadDragon_Data/Managed/UnityEngine.TextRenderingModule.dll
[ 73/141    0s] CopyFiles release/MadDragon_Data/Managed/UnityEngine.TilemapModule.dll
[ 74/141    0s] CopyFiles release/MadDragon_Data/Managed/UnityEngine.TextCoreFontEngineModule.dll
[ 75/141    0s] CopyFiles release/MadDragon_Data/Managed/UnityEngine.TerrainPhysicsModule.dll
[ 76/141    0s] CopyFiles release/MadDragon_Data/Managed/UnityEngine.TerrainModule.dll
[ 77/141    0s] CopyFiles release/MadDragon_Data/Managed/UnityEngine.SubsystemsModule.dll
[ 78/141    0s] CopyFiles release/MadDragon_Data/Managed/UnityEngine.TLSModule.dll
[ 79/141    0s] CopyFiles release/MadDragon_Data/Managed/UnityEngine.SpriteShapeModule.dll
[ 80/141    0s] CopyFiles release/MadDragon_Data/Managed/UnityEngine.SubstanceModule.dll
[ 81/141    0s] CopyFiles release/MadDragon_Data/Managed/UnityEngine.StreamingModule.dll
[ 82/141    0s] CopyFiles release/MadDragon_Data/Managed/UnityEngine.SpriteMaskModule.dll
[ 83/141    0s] CopyFiles release/MadDragon_Data/Managed/UnityEngine.ScreenCaptureModule.dll
[ 84/141    0s] CopyFiles release/MonoBleedingEdge/EmbedRuntime/mono-2.0-bdwgc.dll
[ 85/141    0s] CopyFiles release/MadDragon_Data/Managed/UnityEngine.SharedInternalsModule.dll
[ 86/141    0s] CopyFiles release/MadDragon_Data/Managed/UnityEngine.PhysicsModule.dll
[ 87/141    0s] CopyFiles release/MadDragon_Data/Managed/UnityEngine.RuntimeInitializeOnLoadManagerInitializerModule.dll
[ 88/141    0s] CopyFiles release/MadDragon_Data/Managed/UnityEngine.PropertiesModule.dll
[ 89/141    0s] CopyFiles release/MadDragon_Data/Managed/UnityEngine.ProfilerModule.dll
[ 90/141    0s] CopyFiles release/MadDragon_Data/Managed/UnityEngine.PerformanceReportingModule.dll
[ 91/141    0s] CopyFiles release/MadDragon_Data/Managed/UnityEngine.Physics2DModule.dll
[ 92/141    0s] CopyFiles release/MadDragon_Data/Managed/UnityEngine.ParticleSystemModule.dll
[ 93/141    0s] CopyFiles release/MadDragon_Data/Managed/UnityEngine.NVIDIAModule.dll
[ 94/141    0s] CopyFiles release/MadDragon_Data/Managed/UnityEngine.InputModule.dll
[ 95/141    0s] CopyFiles release/MadDragon_Data/Managed/UnityEngine.JSONSerializeModule.dll
[ 96/141    0s] CopyFiles release/MadDragon_Data/Managed/UnityEngine.LocalizationModule.dll
[ 97/141    0s] CopyFiles release/MadDragon_Data/Managed/UnityEngine.ImageConversionModule.dll
[ 98/141    0s] CopyFiles release/MadDragon_Data/Managed/UnityEngine.InputLegacyModule.dll
[ 99/141    0s] CopyFiles release/MadDragon_Data/Managed/UnityEngine.HotReloadModule.dll
[100/141    0s] CopyFiles release/MadDragon_Data/Managed/UnityEngine.IMGUIModule.dll
[101/141    0s] CopyFiles release/MadDragon_Data/Managed/UnityEngine.GameCenterModule.dll
[102/141    0s] CopyFiles release/MadDragon_Data/Managed/UnityEngine.GIModule.dll
[103/141    0s] CopyFiles release/MadDragon_Data/Managed/UnityEngine.GridModule.dll
[104/141    0s] CopyFiles release/MadDragon_Data/Managed/UnityEngine.DSPGraphModule.dll
[105/141    0s] CopyFiles release/MadDragon_Data/Managed/UnityEngine.DirectorModule.dll
[106/141    0s] CopyFiles release/MadDragon_Data/Managed/UnityEngine.ContentLoadModule.dll
[107/141    0s] CopyFiles release/MadDragon_Data/Managed/UnityEngine.CrashReportingModule.dll
[108/141    0s] CopyFiles release/MadDragon_Data/Managed/UnityEngine.ClusterRendererModule.dll
[109/141    0s] CopyFiles release/MadDragon_Data/Managed/UnityEngine.CoreModule.dll
[110/141    0s] CopyFiles release/MadDragon_Data/Managed/UnityEngine.ClusterInputModule.dll
[111/141    0s] CopyFiles release/MadDragon_Data/Managed/UnityEngine.ClothModule.dll
[112/141    0s] CopyFiles release/MadDragon_Data/Managed/UnityEngine.AssetBundleModule.dll
[113/141    0s] CopyFiles release/MadDragon_Data/Managed/UnityEngine.AudioModule.dll
[114/141    0s] CopyFiles release/MadDragon_Data/Managed/UnityEngine.AnimationModule.dll
[115/141    0s] CopyFiles release/MadDragon_Data/Managed/UnityEngine.AndroidJNIModule.dll
[116/141    0s] CopyFiles release/MadDragon_Data/Managed/UnityEngine.AccessibilityModule.dll
[117/141    0s] CopyFiles release/MadDragon_Data/sharedassets4.assets
[118/141    0s] CopyFiles release/MadDragon_Data/Managed/UnityEngine.AIModule.dll
[119/141    0s] CopyFiles release/MadDragon_Data/Managed/UnityEngine.ARModule.dll
[120/141    0s] CopyFiles release/MadDragon_Data/sharedassets3.assets
[121/141    0s] CopyFiles release/MadDragon_Data/sharedassets2.assets
[122/141    0s] CopyFiles release/MadDragon_Data/Resources/unity_builtin_extra
[123/141    0s] CopyFiles release/MadDragon_Data/sharedassets0.assets
[124/141    0s] CopyFiles release/MadDragon_Data/sharedassets1.assets
[125/141    0s] CopyFiles release/MadDragon_Data/ScriptingAssemblies.json
[126/141    0s] CopyFiles release/MadDragon_Data/sharedassets1.assets.resS
[127/141    0s] CopyFiles release/MadDragon_Data/RuntimeInitializeOnLoads.json
[128/141    0s] CopyFiles release/MadDragon_Data/level3
[129/141    0s] CopyFiles release/MadDragon_Data/level4
[130/141    0s] CopyFiles release/MadDragon_Data/level2
[131/141    0s] CopyFiles release/MadDragon_Data/level1
[132/141    0s] CopyFiles release/MadDragon_Data/globalgamemanagers
[133/141    0s] CopyFiles release/MadDragon_Data/globalgamemanagers.assets
[134/141    0s] CopyFiles release/MadDragon_Data/resources.assets.resS
[135/141    0s] CopyFiles release/MadDragon_Data/level0
[136/141    0s] CopyFiles release/MadDragon_Data/resources.assets
[137/141    0s] CopyFiles release/MadDragon_Data/globalgamemanagers.assets.resS
[138/141    0s] CopyFiles release/UnityPlayer.dll
[139/141    0s] AddBootConfigGUID Library/Bee/artifacts/WinPlayerBuildProgram/boot.config
[140/141    0s] CopyFiles release/MadDragon_Data/boot.config
*** Tundra build success (0.18 seconds), 140 items updated, 141 evaluated
ExitCode: 0 Duration: 0s212ms
Refreshing native plugins compatible for Editor in 1.30 ms, found 0 plugins.
Preloading 0 native plugins for Editor in 0.00 ms.

-------------------------------------------------------------------------------
Build Report
Uncompressed usage by category (Percentages based on user generated assets only):
Textures               13.6 mb	 60.0% 
Meshes                 8.1 mb	 35.8% 
Animations             22.5 kb	 0.1% 
Sounds                 0.0 kb	 0.0% 
Shaders                65.0 kb	 0.3% 
Other Assets           734.6 kb	 3.2% 
Levels                 0.0 kb	 0.0% 
Scripts                13.3 kb	 0.1% 
Included DLLs          0.0 kb	 0.0% 
File headers           142.9 kb	 0.6% 
Total User Assets      22.7 mb	 100.0% 
Complete build size    88.2 mb
Used Assets and files from the Resources folder, sorted by uncompressed size:
 3.6 mb	 4.1% Assets/ToonyTinyPeople/TT_RTS/TT_RTS_Standard/models/units/TT_RTS_Cavalry_customizable.FBX
 3.1 mb	 3.6% Assets/ToonyTinyPeople/TT_RTS/TT_RTS_Standard/models/units/TT_RTS_Characters_customizable.FBX
 2.7 mb	 3.0% Built-in Texture2D: Splash Screen Unity Logo
 682.8 kb	 0.8% Assets/ToonyTinyPeople/TT_RTS/TT_RTS_standard_demo/models/Materials/TT_RTS_Units_blue.tga
 682.8 kb	 0.8% Assets/ToonyTinyPeople/TT_RTS/TT_RTS_Standard/models/materials/TT_RTS_Buildings_texture.tga
 682.8 kb	 0.8% Assets/ToonyTinyPeople/TT_RTS/TT_RTS_Standard/models/materials/TT_RTS_Units_texture.tga
 341.5 kb	 0.4% Assets/Resources/MadDragonArt/Buildings/workshop_nature.png
 341.5 kb	 0.4% Assets/Resources/MadDragonArt/Buildings/player_castle.png
 341.5 kb	 0.4% Assets/Resources/MadDragonArt/Buildings/mage_tower.png
 341.5 kb	 0.4% Assets/Resources/MadDragonArt/Buildings/gold_mine.png
 341.5 kb	 0.4% Assets/Resources/MadDragonArt/Buildings/enemy_castle.png
 341.5 kb	 0.4% Assets/Resources/MadDragonArt/Buildings/elixir_well.png
 341.5 kb	 0.4% Assets/ToonyTinyPeople/TT_RTS/TT_RTS_Standard/FX/materials/textures/Wave_A.psd
 341.5 kb	 0.4% Assets/ToonyTinyPeople/TT_RTS/TT_RTS_Standard/FX/materials/textures/Smoke_B.psd
 341.5 kb	 0.4% Assets/ToonyTinyPeople/TT_RTS/TT_RTS_Standard/FX/materials/textures/Smoke_A.psd
 341.5 kb	 0.4% Assets/ToonyTinyPeople/TT_RTS/TT_RTS_Standard/FX/materials/textures/Glow_A.psd
 341.5 kb	 0.4% Assets/ToonyTinyPeople/TT_RTS/TT_RTS_Standard/FX/materials/textures/Flames_A.psd
 341.5 kb	 0.4% Assets/ToonyTinyPeople/TT_RTS/TT_RTS_Standard/FX/materials/textures/Explo_A.psd
 341.5 kb	 0.4% Assets/Resources/MadDragonArt/Units/siege.png
 341.5 kb	 0.4% Assets/Resources/MadDragonArt/Units/healer.png
 341.5 kb	 0.4% Assets/Resources/MadDragonArt/Units/dragon.png
 341.5 kb	 0.4% Assets/Resources/MadDragonArt/Buildings/tower.png
 341.5 kb	 0.4% Assets/Resources/MadDragonArt/Buildings/barracks.png
 341.5 kb	 0.4% Assets/Resources/MadDragonArt/Buildings/wall.png
 318.5 kb	 0.4% Assets/ToonyTinyPeople/TT_RTS/TT_RTS_Standard/models/units/machines/TT_RTS_Catapult.FBX
 202.2 kb	 0.2% Assets/ToonyTinyPeople/TT_RTS/TT_RTS_Standard/models/buildings/Stables.FBX
 181.4 kb	 0.2% Assets/ToonyTinyPeople/TT_RTS/TT_RTS_Standard/models/buildings/TownHall.FBX
 170.9 kb	 0.2% Assets/Resources/MadDragonArt/Ui/top_resource_bar.png
 170.9 kb	 0.2% Assets/Resources/MadDragonArt/Ui/minimap_frame.png
 170.8 kb	 0.2% Assets/Resources/MadDragonArt/Units/knight.png
 170.8 kb	 0.2% Assets/Resources/MadDragonArt/Units/cavalry.png
 170.8 kb	 0.2% Assets/Resources/MadDragonArt/Units/archer.png
 170.8 kb	 0.2% Assets/Resources/MadDragonArt/Units/mage.png
 167.5 kb	 0.2% Assets/ToonyTinyPeople/TT_RTS/TT_RTS_Standard/models/buildings/Temple.FBX
 165.3 kb	 0.2% Assets/ToonyTinyPeople/TT_RTS/TT_RTS_Standard/models/buildings/MageTower.FBX
 161.8 kb	 0.2% Assets/ToonyTinyPeople/TT_RTS/TT_RTS_Standard/models/buildings/Keep.FBX
 88.7 kb	 0.1% Assets/ToonyTinyPeople/TT_RTS/TT_RTS_Standard/prefabs/TT_Light_Cavalry.prefab
 85.5 kb	 0.1% Assets/Resources/MadDragonArt/Ui/panel_dark.png
 85.5 kb	 0.1% Assets/Resources/MadDragonArt/Ui/button_gold.png
 85.5 kb	 0.1% Assets/Resources/MadDragonArt/Ui/unit_card_red.png
 85.5 kb	 0.1% Assets/Resources/MadDragonArt/Ui/unit_card_blue.png
 85.5 kb	 0.1% Assets/ToonyTinyPeople/TT_RTS/TT_RTS_Standard/models/extras/banners/materials/colors/TT_RTS_Banner_Red.tga
 85.5 kb	 0.1% Assets/ToonyTinyPeople/TT_RTS/TT_RTS_Standard/models/extras/banners/materials/colors/TT_RTS_Banner_Blue_A.tga
 85.5 kb	 0.1% Assets/Resources/MadDragonArt/Icons/lightning.png
 85.5 kb	 0.1% Assets/Resources/MadDragonArt/Icons/upgrade.png
 85.5 kb	 0.1% Assets/Resources/MadDragonArt/Icons/trophy.png
 85.5 kb	 0.1% Assets/Resources/MadDragonArt/Icons/shield.png
 85.5 kb	 0.1% Assets/Resources/MadDragonArt/Icons/settings.png
 85.5 kb	 0.1% Assets/Resources/MadDragonArt/Icons/place.png
 85.5 kb	 0.1% Assets/Resources/MadDragonArt/Icons/freeze.png
 85.5 kb	 0.1% Assets/Resources/MadDragonArt/Icons/fireball.png
 85.5 kb	 0.1% Assets/Resources/MadDragonArt/Icons/elixir.png
 85.5 kb	 0.1% Assets/Resources/MadDragonArt/Icons/build.png
 85.5 kb	 0.1% Assets/Resources/MadDragonArt/Icons/battle.png
 85.5 kb	 0.1% Assets/Resources/MadDragonArt/Icons/rage.png
 85.5 kb	 0.1% Assets/Resources/MadDragonArt/Icons/info.png
 85.5 kb	 0.1% Assets/Resources/MadDragonArt/Icons/heal.png
 85.5 kb	 0.1% Assets/Resources/MadDragonArt/Icons/gold.png
 81.8 kb	 0.1% Assets/ToonyTinyPeople/TT_RTS/TT_RTS_Standard/models/buildings/Tower_A.FBX
 78.8 kb	 0.1% Assets/ToonyTinyPeople/TT_RTS/TT_RTS_Standard/prefabs/TT_Swordman.prefab
 78.8 kb	 0.1% Assets/ToonyTinyPeople/TT_RTS/TT_RTS_Standard/prefabs/TT_Archer.prefab
 78.8 kb	 0.1% Assets/ToonyTinyPeople/TT_RTS/TT_RTS_Standard/prefabs/TT_Scout.prefab
 78.8 kb	 0.1% Assets/ToonyTinyPeople/TT_RTS/TT_RTS_Standard/prefabs/TT_Mage.prefab
 70.0 kb	 0.1% Assets/ToonyTinyPeople/TT_RTS/TT_RTS_standard_demo/models/TT_RTS_Demo_Character.FBX
 69.9 kb	 0.1% Assets/ToonyTinyPeople/TT_RTS/TT_RTS_Standard/FX/FX_prefabs/FX_Building_Destroyed_mid.prefab
 68.2 kb	 0.1% Assets/ToonyTinyPeople/TT_RTS/TT_RTS_Standard/models/extras/banners/TT_RTS_Banner.FBX
 66.6 kb	 0.1% Resources/unity_builtin_extra
 66.0 kb	 0.1% Assets/ToonyTinyPeople/TT_RTS/TT_RTS_Standard/models/buildings/Granary.FBX
 42.9 kb	 0.0% Assets/Resources/MadDragonArt/Ui/tab_bar.png
 42.9 kb	 0.0% Assets/Resources/MadDragonArt/Ui/button_red.png
 42.9 kb	 0.0% Assets/Resources/MadDragonArt/Ui/button_blue.png
 38.8 kb	 0.0% Assets/ToonyTinyPeople/TT_RTS/TT_RTS_Standard/FX/FX_prefabs/FX_machine_destroyed.prefab
 38.7 kb	 0.0% Assets/ToonyTinyPeople/TT_RTS/TT_RTS_Standard/FX/FX_prefabs/FX_Building_burning.prefab
 23.5 kb	 0.0% Assets/ToonyTinyPeople/TT_RTS/TT_RTS_Standard/models/buildings/Wall_A_wall.FBX
 22.5 kb	 0.0% Assets/ToonyTinyPeople/TT_RTS/TT_RTS_standard_demo/animations/infantry_01_idle.FBX
 21.5 kb	 0.0% Assets/ToonyTinyPeople/TT_RTS/TT_RTS_Standard/FX/materials/textures/Small_particle.psd
 21.5 kb	 0.0% Assets/Resources/MadDragonArt/Ui/spell_slot.png
 10.8 kb	 0.0% Assets/ToonyTinyPeople/TT_RTS/TT_RTS_Standard/FX/materials/textures/FX_MeshParts.tga
 5.3 kb	 0.0% Assets/_Game/Prefabs/Units/Knight.prefab
 4.6 kb	 0.0% Assets/ToonyTinyPeople/TT_RTS/TT_RTS_Standard/FX/meshes/FX_wreck_C.FBX
 3.8 kb	 0.0% Assets/ToonyTinyPeople/TT_RTS/TT_RTS_Standard/prefabs/machines/TT_Catapult_lvl1.prefab
 3.5 kb	 0.0% Assets/ToonyTinyPeople/TT_RTS/TT_RTS_Standard/FX/meshes/FX_wreck_B.FBX
 3.4 kb	 0.0% Assets/ToonyTinyPeople/TT_RTS/TT_RTS_Standard/FX/meshes/FX_wreck_D.FBX
 3.3 kb	 0.0% Assets/ToonyTinyPeople/TT_RTS/TT_RTS_Standard/FX/meshes/FX_wreck_A.FBX
 3.1 kb	 0.0% Assets/ToonyTinyPeople/TT_RTS/TT_RTS_Standard/prefabs/banners/TT_Banner_Red.prefab
 3.1 kb	 0.0% Assets/ToonyTinyPeople/TT_RTS/TT_RTS_Standard/prefabs/banners/TT_Banner_Blue_A.prefab
 2.3 kb	 0.0% Assets/ToonyTinyPeople/TT_RTS/TT_RTS_Standard/FX/meshes/FX_wood_B.FBX
 2.3 kb	 0.0% Assets/ToonyTinyPeople/TT_RTS/TT_RTS_Standard/FX/meshes/FX_wood_A.FBX
 2.1 kb	 0.0% Assets/ToonyTinyPeople/TT_RTS/TT_RTS_Standard/FX/meshes/FX_stone_B.FBX
 2.1 kb	 0.0% Assets/ToonyTinyPeople/TT_RTS/TT_RTS_Standard/FX/meshes/FX_stone_A.FBX
 1.0 kb	 0.0% Assets/_Game/Prefabs/UI/BuildingButtonPrefab.prefab
 1.0 kb	 0.0% Assets/_Game/Prefabs/UI/UnitButtonPrefab.prefab
 0.9 kb	 0.0% Assets/ToonyTinyPeople/TT_RTS/TT_RTS_Standard/FX/meshes/FX_collision_plane.FBX
 0.9 kb	 0.0% Assets/_Game/Materials/CannonTower_Mat.mat
 0.9 kb	 0.0% Assets/_Game/Materials/ArcherTower_Mat.mat
 0.9 kb	 0.0% Assets/_Game/Materials/Scout_Mat.mat
 0.9 kb	 0.0% Assets/_Game/Materials/GoldMine_Mat.mat
 0.9 kb	 0.0% Assets/_Game/Materials/Catapult_Mat.mat
 0.9 kb	 0.0% Assets/_Game/Materials/Castle_Mat.mat
 0.9 kb	 0.0% Assets/_Game/Materials/Barracks_Mat.mat
 0.9 kb	 0.0% Assets/_Game/Materials/Archer_Mat.mat
 0.9 kb	 0.0% Assets/_Game/Materials/Wall_Mat.mat
 0.9 kb	 0.0% Assets/_Game/Materials/Mage_Mat.mat
 0.6 kb	 0.0% Assets/_Game/Prefabs/Units/Scout.prefab
 0.6 kb	 0.0% Assets/_Game/Prefabs/Units/Catapult.prefab
 0.6 kb	 0.0% Assets/_Game/Prefabs/Units/Archer.prefab
 0.6 kb	 0.0% Assets/_Game/Prefabs/Units/Mage.prefab
 0.6 kb	 0.0% Assets/Resources/ToonyRts/ToonyRtsVisualManifest.asset
 0.5 kb	 0.0% Assets/ToonyTinyPeople/TT_RTS/TT_RTS_Standard/models/extras/banners/materials/colors/TT_Banner_red.mat
 0.5 kb	 0.0% Assets/ToonyTinyPeople/TT_RTS/TT_RTS_Standard/models/extras/banners/materials/colors/TT_Banner_blue_A.mat
 0.5 kb	 0.0% Assets/_Game/Prefabs/Buildings/CannonTower.prefab
 0.5 kb	 0.0% Assets/_Game/Prefabs/Buildings/ArcherTower.prefab
 0.5 kb	 0.0% Assets/ToonyTinyPeople/TT_RTS/TT_RTS_Standard/FX/materials/Explo_A_add.mat
 0.5 kb	 0.0% Assets/ToonyTinyPeople/TT_RTS/TT_RTS_Standard/FX/materials/Wave_A.mat
 0.5 kb	 0.0% Assets/ToonyTinyPeople/TT_RTS/TT_RTS_Standard/FX/materials/Sparks.mat
 0.5 kb	 0.0% Assets/ToonyTinyPeople/TT_RTS/TT_RTS_Standard/FX/materials/Smoke_B.mat
 0.5 kb	 0.0% Assets/ToonyTinyPeople/TT_RTS/TT_RTS_Standard/FX/materials/Smoke_A.mat
 0.5 kb	 0.0% Assets/ToonyTinyPeople/TT_RTS/TT_RTS_Standard/FX/materials/Glow_A.mat
 0.5 kb	 0.0% Assets/ToonyTinyPeople/TT_RTS/TT_RTS_Standard/FX/materials/Flames_A.mat
 0.5 kb	 0.0% Assets/ToonyTinyPeople/TT_RTS/TT_RTS_Standard/FX/materials/Explo_A.mat
 0.4 kb	 0.0% Assets/ToonyTinyPeople/TT_RTS/TT_RTS_standard_demo/sample_scene/sample_infantry.controller
 0.4 kb	 0.0% Assets/_Game/Prefabs/Buildings/GoldMine.prefab
 0.4 kb	 0.0% Assets/_Game/Prefabs/Buildings/Castle.prefab
 0.4 kb	 0.0% Assets/_Game/Prefabs/Buildings/Barracks.prefab
 0.4 kb	 0.0% Assets/ToonyTinyPeople/TT_RTS/TT_RTS_Standard/models/materials/TT_RTS_Buildings.mat
 0.4 kb	 0.0% Assets/ToonyTinyPeople/TT_RTS/TT_RTS_Standard/FX/materials/TT_RTS_FX_meshes.mat
 0.4 kb	 0.0% Assets/_Game/Prefabs/Buildings/Wall.prefab
 0.4 kb	 0.0% Assets/ToonyTinyPeople/TT_RTS/TT_RTS_standard_demo/models/Materials/TT_RTS_Units.mat
 0.4 kb	 0.0% Assets/ToonyTinyPeople/TT_RTS/TT_RTS_Standard/models/materials/TT_RTS_Units.mat
 0.4 kb	 0.0% Built-in Sprite: 
 0.2 kb	 0.0% Assets/_Game/ScriptableObjects/Stages/Stage01_Tutorial.asset
 0.1 kb	 0.0% Packages/com.unity.ugui/Runtime/UI/Core/Layout/HorizontalOrVerticalLayoutGroup.cs
 0.1 kb	 0.0% Assets/_Game/Scripts/Economy/ResourceProductionBuilding.cs
 0.1 kb	 0.0% Packages/com.unity.ugui/Runtime/EventSystem/InputModules/StandaloneInputModule.cs
 0.1 kb	 0.0% Assets/_Game/Scripts/Visuals/ToonyRtsVisualManifest.cs
 0.1 kb	 0.0% Assets/_Game/Scripts/Visuals/ToonyRtsVisualLibrary.cs
 0.1 kb	 0.0% Assets/_Game/Scripts/Visuals/ToonyRtsVisualApplier.cs
 0.1 kb	 0.0% Assets/_Game/Scripts/Visuals/GeneratedArtBillboard.cs
 0.1 kb	 0.0% Assets/_Game/Scripts/Economy/ResourceStorageSystem.cs
 0.1 kb	 0.0% Assets/_Game/ScriptableObjects/Buildings/CannonTower.asset
 0.1 kb	 0.0% Assets/_Game/ScriptableObjects/Buildings/ArcherTower.asset
 0.1 kb	 0.0% Assets/_Game/Scripts/Progression/UnitUpgradeSystem.cs
 0.1 kb	 0.0% Assets/_Game/Scripts/Buildings/BuildingEffectSystem.cs
 0.1 kb	 0.0% Packages/com.unity.ugui/Runtime/UI/Core/Utility/ReflectionMethodsCache.cs
 0.1 kb	 0.0% Packages/com.unity.ugui/Runtime/UI/Core/MultipleDisplayUtilities.cs
 0.1 kb	 0.0% Packages/com.unity.ugui/Runtime/UI/Core/Layout/HorizontalLayoutGroup.cs
 0.1 kb	 0.0% Packages/com.unity.ugui/Runtime/UI/Core/IGraphicEnabledDisabled.cs
 0.1 kb	 0.0% Packages/com.unity.ugui/Runtime/UI/Core/GraphicRebuildTracker.cs
 0.1 kb	 0.0% Packages/com.unity.ugui/Runtime/UI/Core/Culling/RectangularVertexClipper.cs
 0.1 kb	 0.0% Packages/com.unity.ugui/Runtime/EventSystem/UIElements/PanelEventHandler.cs
 0.1 kb	 0.0% Packages/com.unity.ugui/Runtime/EventSystem/Raycasters/Physics2DRaycaster.cs
 0.1 kb	 0.0% Packages/com.unity.ugui/Runtime/EventSystem/InputModules/PointerInputModule.cs
 0.1 kb	 0.0% Assets/_Game/Scripts/Visuals/MobileVisualStyle.cs
 0.1 kb	 0.0% Assets/_Game/Scripts/Visuals/GeneratedArtLibrary.cs
 0.1 kb	 0.0% Assets/_Game/Scripts/Testing/TestBuffBuildingAI.cs
 0.1 kb	 0.0% Assets/_Game/Scripts/Economy/RaidLossCalculator.cs
 0.1 kb	 0.0% Assets/_Game/ScriptableObjects/Buildings/GoldMine.asset
 0.1 kb	 0.0% Assets/_Game/ScriptableObjects/Buildings/Castle.asset
 0.1 kb	 0.0% Assets/_Game/ScriptableObjects/Buildings/Barracks.asset
 0.1 kb	 0.0% Packages/com.unity.ugui/Runtime/UI/Animation/CoroutineTween.cs
 0.1 kb	 0.0% Packages/com.unity.ugui/Runtime/EventSystem/EventInterfaces.cs
 0.1 kb	 0.0% Assets/_Game/Scripts/UI/CampaignHubScreen.cs
 0.1 kb	 0.0% Assets/_Game/Scripts/UI/BaseManagementScreen.cs
 0.1 kb	 0.0% Assets/_Game/Scripts/Base/BaseBuilderManager.cs
 0.1 kb	 0.0% Packages/com.unity.ugui/Runtime/UI/Core/SetPropertyUtility.cs
 0.1 kb	 0.0% Packages/com.unity.ugui/Runtime/UI/Core/MaterialModifiers/IMaterialModifier.cs
 0.1 kb	 0.0% Packages/com.unity.ugui/Runtime/UI/Core/Layout/VerticalLayoutGroup.cs
 0.1 kb	 0.0% Packages/com.unity.ugui/Runtime/UI/Core/Layout/ContentSizeFitter.cs
 0.1 kb	 0.0% Packages/com.unity.ugui/Runtime/UI/Core/Layout/AspectRatioFitter.cs
 0.1 kb	 0.0% Packages/com.unity.ugui/Runtime/UI/Core/FontUpdateTracker.cs
 0.1 kb	 0.0% Packages/com.unity.ugui/Runtime/UI/Core/CanvasUpdateRegistry.cs
 0.1 kb	 0.0% Packages/com.unity.ugui/Runtime/UI/Core/AnimationTriggers.cs
 0.1 kb	 0.0% Packages/com.unity.ugui/Runtime/EventSystem/UIElements/PanelRaycaster.cs
 0.1 kb	 0.0% Packages/com.unity.ugui/Runtime/EventSystem/Raycasters/PhysicsRaycaster.cs
 0.1 kb	 0.0% Packages/com.unity.ugui/Runtime/EventSystem/Raycasters/BaseRaycaster.cs
 0.1 kb	 0.0% Packages/com.unity.ugui/Runtime/EventSystem/RaycasterManager.cs
 0.1 kb	 0.0% Packages/com.unity.ugui/Runtime/EventSystem/RaycastResult.cs
 0.1 kb	 0.0% Packages/com.unity.ugui/Runtime/EventSystem/InputModules/TouchInputModule.cs
 0.1 kb	 0.0% Packages/com.unity.ugui/Runtime/EventSystem/InputModules/BaseInputModule.cs
 0.1 kb	 0.0% Packages/com.unity.ugui/Runtime/EventSystem/ExecuteEvents.cs
 0.1 kb	 0.0% Packages/com.unity.ugui/Runtime/EventSystem/EventData/PointerEventData.cs
 0.1 kb	 0.0% Packages/com.unity.ugui/Runtime/EventSystem/EventData/BaseEventData.cs
 0.1 kb	 0.0% Packages/com.unity.ugui/Runtime/EventSystem/EventData/AxisEventData.cs
 0.1 kb	 0.0% Assets/_Game/Scripts/Units/FogRevealAgent.cs
 0.1 kb	 0.0% Assets/_Game/Scripts/Testing/TestSimpleUnitAI.cs
 0.1 kb	 0.0% Assets/_Game/Scripts/Testing/TestMageTowerAI.cs
 0.1 kb	 0.0% Assets/_Game/Scripts/Testing/TestBootstrap.cs
 0.1 kb	 0.0% Assets/_Game/Scripts/Economy/ResourceWallet.cs
 0.1 kb	 0.0% Assets/_Game/Scripts/Core/GameState.cs
 0.1 kb	 0.0% Assets/_Game/Scripts/Campaign/StarRatingSystem.cs
 0.1 kb	 0.0% Assets/_Game/Scripts/Campaign/CampaignManager.cs
 0.1 kb	 0.0% Assets/_Game/Scripts/Battle/ResourceManager.cs
 0.1 kb	 0.0% Assets/_Game/Scripts/Battle/BattleManager.cs
 0.1 kb	 0.0% Assets/_Game/Scripts/Battle/AIWaveSpawner.cs
 0.1 kb	 0.0% Assets/_Game/ScriptableObjects/Units/Scout.asset
 0.1 kb	 0.0% Assets/_Game/ScriptableObjects/Units/Knight.asset
 0.1 kb	 0.0% Assets/_Game/ScriptableObjects/Units/Catapult.asset
 0.1 kb	 0.0% Assets/_Game/ScriptableObjects/Units/Archer.asset
 0.1 kb	 0.0% Assets/_Game/ScriptableObjects/Buildings/Wall.asset
 0.1 kb	 0.0% Assets/_Game/Scripts/UI/MobileUiFactory.cs
 0.1 kb	 0.0% Assets/_Game/Scripts/UI/MobileHudTheme.cs
 0.1 kb	 0.0% Assets/_Game/Scripts/UI/MobileBattleHud.cs
 0.1 kb	 0.0% Assets/_Game/Scripts/UI/AttackPrepScreen.cs
 0.1 kb	 0.0% Assets/_Game/Scripts/Progression/SaveSystem.cs
 0.1 kb	 0.0% Assets/_Game/Scripts/Grid/GridVisualizer.cs
 0.1 kb	 0.0% Assets/_Game/Scripts/Buildings/DefenseTower.cs
 0.1 kb	 0.0% Assets/_Game/Scripts/Base/BuildingPlacer.cs
 0.1 kb	 0.0% Assets/_Game/Scripts/Base/BaseLayoutData.cs
 0.1 kb	 0.0% Assets/_Game/Scripts/Base/BaseBuilderUI.cs
 0.1 kb	 0.0% Packages/com.unity.ugui/Runtime/UI/Core/VertexModifiers/PositionAsUV1.cs
 0.1 kb	 0.0% Packages/com.unity.ugui/Runtime/UI/Core/VertexModifiers/IMeshModifier.cs
 0.1 kb	 0.0% Packages/com.unity.ugui/Runtime/UI/Core/VertexModifiers/BaseMeshEffect.cs
 0.1 kb	 0.0% Packages/com.unity.ugui/Runtime/UI/Core/StencilMaterial.cs
 0.1 kb	 0.0% Packages/com.unity.ugui/Runtime/UI/Core/MaskableGraphic.cs
 0.1 kb	 0.0% Packages/com.unity.ugui/Runtime/UI/Core/MaskUtilities.cs
 0.1 kb	 0.0% Packages/com.unity.ugui/Runtime/UI/Core/Layout/LayoutUtility.cs
 0.1 kb	 0.0% Packages/com.unity.ugui/Runtime/UI/Core/Layout/LayoutRebuilder.cs
 0.1 kb	 0.0% Packages/com.unity.ugui/Runtime/UI/Core/Layout/LayoutElement.cs
 0.1 kb	 0.0% Packages/com.unity.ugui/Runtime/UI/Core/Layout/ILayoutElement.cs
 0.1 kb	 0.0% Packages/com.unity.ugui/Runtime/UI/Core/Layout/GridLayoutGroup.cs
 0.1 kb	 0.0% Packages/com.unity.ugui/Runtime/UI/Core/GraphicRegistry.cs
 0.1 kb	 0.0% Packages/com.unity.ugui/Runtime/UI/Core/GraphicRaycaster.cs
 0.1 kb	 0.0% Packages/com.unity.ugui/Runtime/UI/Core/DefaultControls.cs
 0.1 kb	 0.0% Packages/com.unity.ugui/Runtime/UI/Core/Culling/ClipperRegistry.cs
 0.1 kb	 0.0% Packages/com.unity.ugui/Runtime/EventSystem/UIBehaviour.cs
 0.1 kb	 0.0% Packages/com.unity.ugui/Runtime/EventSystem/InputModules/BaseInput.cs
 0.1 kb	 0.0% Packages/com.unity.ugui/Runtime/EventSystem/EventTrigger.cs
 0.1 kb	 0.0% Packages/com.unity.ugui/Runtime/EventSystem/EventSystem.cs
 0.1 kb	 0.0% Assets/_Game/Scripts/Testing/TestTowerAI.cs
 0.1 kb	 0.0% Assets/_Game/Scripts/Economy/RaidForecast.cs
 0.1 kb	 0.0% Assets/_Game/Scripts/Battle/UnitSpawner.cs
 0.1 kb	 0.0% Assets/_Game/Scripts/Battle/SpellSystem.cs
 0.1 kb	 0.0% Assets/_Game/Scripts/Battle/SpawnZone.cs
 0.1 kb	 0.0% Assets/_Game/ScriptableObjects/Units/Mage.asset
 0.1 kb	 0.0% Assets/_Game/Scripts/UI/BattleHUD.cs
 0.1 kb	 0.0% Assets/_Game/Scripts/Progression/SaveData.cs
 0.1 kb	 0.0% Assets/_Game/Scripts/Grid/GridSystem.cs
 0.1 kb	 0.0% Assets/_Game/Scripts/Data/StageData.cs
 0.1 kb	 0.0% Assets/_Game/Scripts/Data/BuildingData.cs
 0.1 kb	 0.0% Assets/_Game/Scripts/Core/GameManager.cs
 0.1 kb	 0.0% Assets/_Game/Scripts/Buildings/Building.cs
 0.1 kb	 0.0% Packages/com.unity.ugui/Runtime/UI/Core/Utility/VertexHelper.cs
 0.1 kb	 0.0% Packages/com.unity.ugui/Runtime/UI/Core/ToggleGroup.cs
 0.1 kb	 0.0% Packages/com.unity.ugui/Runtime/UI/Core/SpriteState.cs
 0.1 kb	 0.0% Packages/com.unity.ugui/Runtime/UI/Core/Selectable.cs
 0.1 kb	 0.0% Packages/com.unity.ugui/Runtime/UI/Core/Scrollbar.cs
 0.1 kb	 0.0% Packages/com.unity.ugui/Runtime/UI/Core/ScrollRect.cs
 0.1 kb	 0.0% Packages/com.unity.ugui/Runtime/UI/Core/RectMask2D.cs
 0.1 kb	 0.0% Packages/com.unity.ugui/Runtime/UI/Core/Navigation.cs
 0.1 kb	 0.0% Packages/com.unity.ugui/Runtime/UI/Core/Layout/LayoutGroup.cs
 0.1 kb	 0.0% Packages/com.unity.ugui/Runtime/UI/Core/Layout/CanvasScaler.cs
 0.1 kb	 0.0% Packages/com.unity.ugui/Runtime/UI/Core/InputField.cs
 0.1 kb	 0.0% Packages/com.unity.ugui/Runtime/UI/Core/IMaskable.cs
 0.1 kb	 0.0% Packages/com.unity.ugui/Runtime/UI/Core/ColorBlock.cs
 0.1 kb	 0.0% Assets/_Game/Scripts/Units/UnitAI.cs
 0.1 kb	 0.0% Packages/com.unity.ugui/Runtime/UI/Core/Culling/IClipRegion.cs
 0.1 kb	 0.0% Assets/_Game/Scripts/UI/ResultUI.cs
 0.1 kb	 0.0% Assets/_Game/Scripts/Data/UnitData.cs
 0.1 kb	 0.0% Assets/_Game/Scripts/Core/EventBus.cs
 0.1 kb	 0.0% Packages/com.unity.ugui/Runtime/UI/Core/VertexModifiers/Shadow.cs
 0.1 kb	 0.0% Packages/com.unity.ugui/Runtime/UI/Core/VertexModifiers/Outline.cs
 0.1 kb	 0.0% Packages/com.unity.ugui/Runtime/UI/Core/Toggle.cs
 0.1 kb	 0.0% Packages/com.unity.ugui/Runtime/UI/Core/Slider.cs
 0.1 kb	 0.0% Packages/com.unity.ugui/Runtime/UI/Core/RawImage.cs
 0.1 kb	 0.0% Packages/com.unity.ugui/Runtime/UI/Core/Image.cs
 0.1 kb	 0.0% Packages/com.unity.ugui/Runtime/UI/Core/IMask.cs
 0.1 kb	 0.0% Packages/com.unity.ugui/Runtime/UI/Core/Graphic.cs
 0.1 kb	 0.0% Packages/com.unity.ugui/Runtime/UI/Core/FontData.cs
 0.1 kb	 0.0% Packages/com.unity.ugui/Runtime/UI/Core/Dropdown.cs
 0.1 kb	 0.0% Packages/com.unity.ugui/Runtime/UI/Core/Culling/Clipping.cs
 0.1 kb	 0.0% Packages/com.unity.ugui/Runtime/UI/Core/Button.cs
 0.1 kb	 0.0% Assets/_Game/Scripts/Units/Unit.cs
 0.1 kb	 0.0% Packages/com.unity.ugui/Runtime/UI/Core/Text.cs
 0.1 kb	 0.0% Packages/com.unity.ugui/Runtime/UI/Core/Misc.cs
 0.1 kb	 0.0% Packages/com.unity.ugui/Runtime/UI/Core/Mask.cs
-------------------------------------------------------------------------------
Unloading 144 Unused Serialized files (Serialized files now loaded: 0)
Unloading 5194 unused Assets / (2.5 MB). Loaded Objects now: 1211.
Memory consumption went from 126.4 MB to 123.9 MB.
Total: 7.997300 ms (FindLiveObjects: 0.339000 ms CreateObjectMapping: 0.101900 ms MarkObjects: 3.344000 ms  DeleteObjects: 4.211800 ms)

DisplayProgressNotification: Build Successful
Build Finished, Result: Success.
##utp:{"type":"PlayerBuildInfo","version":2,"phase":"Immediate","time":1782789654167,"processId":56448,"steps":[{"description":"Preprocess Player","duration":11},{"description":"Prepare For Build","duration":5},{"description":"ProducePlayerScriptAssemblies","duration":4242},{"description":"Verify Build setup","duration":9},{"description":"Prepare assets for target platform","duration":12},{"description":"Prepare splash screen","duration":18},{"description":"Building scenes","duration":468},{"description":"Build scripts DLLs","duration":982},{"description":"Build GlobalGameManagers file","duration":139},{"description":"Writing asset files","duration":1917},{"description":"Building Resources/unity_builtin_extra","duration":3306},{"description":"Write data build dirty tracking information","duration":259},{"description":"Postprocess built player","duration":669}],"duration":12037}
[PhysX] Initialized MultithreadedTaskDispatcher with 12 workers.
Unloading 0 Unused Serialized files (Serialized files now loaded: 0)
Loaded scene 'Temp/__Backupscenes/0.backup'
	Deserialize:            0.491 ms
	Integration:            3.894 ms
	Integration of assets:  0.002 ms
	Thread Wait Time:       0.017 ms
	Total Operation Time:   4.404 ms
Unloading 0 unused Assets / (0 B). Loaded Objects now: 1204.
Memory consumption went from 97.5 MB to 97.5 MB.
Total: 3.474700 ms (FindLiveObjects: 0.118300 ms CreateObjectMapping: 0.015000 ms MarkObjects: 3.334500 ms  DeleteObjects: 0.006300 ms)

Batchmode quit successfully invoked - shutting down!
Total cache size 268314463
Total cache size after purge 268314463
Killing ADB server in 0.052177 seconds.
[PhysX] Initialized MultithreadedTaskDispatcher with 12 workers.
Input System module state changed to: ShutdownInProgress.
Input System polling thread exited.
Input System module state changed to: Shutdown.
[Licensing::IpcConnector] LicenseClient-PC-54-notifications channel disconnected successfully.
[Licensing::IpcConnector] LicenseClient-PC-54 channel disconnected successfully.
Cleanup mono
abort_threads: Failed aborting id: 000000000001173C, mono_thread_manage will ignore it

abort_threads: Failed aborting id: 000000000000E92C, mono_thread_manage will ignore it

abort_threads: Failed aborting id: 000000000001173C, mono_thread_manage will ignore it

abort_threads: Failed aborting id: 000000000000E92C, mono_thread_manage will ignore it

debugger-agent: Unable to listen on 4412
[Performance] WinEditorMain                                                                                                  :        1 samples, Peak.  3.36 s (1.0x), Avg.  3.36 s, Total. 3.363 s (11.5%)
[Performance] WinEditorMain.ConfigureCrashHandler                                                                            :        1 samples, Peak.  24.2 us (1.0x), Avg.  24.2 us, Total. 24.20 us (0.0%)
[Performance] WinEditorMain.CurlRequestInitialize                                                                            :        1 samples, Peak.  3.08 ms (1.0x), Avg.  3.08 ms, Total. 3.081 ms (0.0%)
[Performance] WinEditorMain.SetupLogFile                                                                                     :        1 samples, Peak.   449 us (1.0x), Avg.   449 us, Total. 448.8 us (0.0%)
[Performance] WinEditorMain.RunNativeTestsIfRequiredAndExit                                                                  :        1 samples, Peak.   200 ns (1.0x), Avg.   200 ns, Total. 200.0 ns (0.0%)
[Performance] WinEditorMain.Licensing                                                                                        :        1 samples, Peak.  3.27 s (1.0x), Avg.  3.27 s, Total. 3.273 s (11.2%)
[Performance] WinEditorMain.InitializeCrashHandler                                                                           :        1 samples, Peak.  37.9 ms (1.0x), Avg.  37.9 ms, Total. 37.89 ms (0.1%)
[Performance] WinEditorMain.CreateApplication                                                                                :        1 samples, Peak.  41.4 ms (1.0x), Avg.  41.4 ms, Total. 41.43 ms (0.1%)
[Performance] Application.InitializeProject                                                                                  :        1 samples, Peak.  9.28 s (1.0x), Avg.  9.28 s, Total. 9.277 s (31.7%)
[Performance] Application.PackageManager.StartServer                                                                         :        1 samples, Peak.  8.49 ms (1.0x), Avg.  8.49 ms, Total. 8.490 ms (0.0%)
[Performance] Application.AcquireProjectLock                                                                                 :        1 samples, Peak.  9.76 ms (1.0x), Avg.  9.76 ms, Total. 9.758 ms (0.0%)
[Performance] Application.InitializeEngineNoGraphics                                                                         :        1 samples, Peak.   245 ms (1.0x), Avg.   245 ms, Total. 244.6 ms (0.8%)
[Performance] Application.PackageManager.Initialize                                                                          :        1 samples, Peak.   632 ms (1.0x), Avg.   632 ms, Total. 631.9 ms (2.2%)
[Performance] Connecting to Package Manager                                                                                  :       64 samples, Peak.  88.6 us (23.5x), Avg.  3.77 us, Total. 241.5 us (0.0%)
[Performance] Application.EngineGraphics.Initialize                                                                          :        1 samples, Peak.  54.2 ms (1.0x), Avg.  54.2 ms, Total. 54.16 ms (0.2%)
[Performance] Application.GI.Initialize                                                                                      :        1 samples, Peak.  20.5 ms (1.0x), Avg.  20.5 ms, Total. 20.50 ms (0.1%)
[Performance] Application.LoadAllDefaultResourcesFromEditor                                                                  :        1 samples, Peak.  4.38 ms (1.0x), Avg.  4.38 ms, Total. 4.378 ms (0.0%)
[Performance] Application.LoadMonoAssemblies                                                                                 :        1 samples, Peak.  4.98 s (1.0x), Avg.  4.98 s, Total. 4.977 s (17.0%)
[Performance] RestoreManagedReferences                                                                                       :        2 samples, Peak.  47.8 ms (2.0x), Avg.  23.9 ms, Total. 47.81 ms (0.2%)
[Performance] InitializeOnLoad DrivenRectTransformUndo                                                                       :        2 samples, Peak.   466 us (1.2x), Avg.   383 us, Total. 767.0 us (0.0%)
[Performance] InitializeOnLoad SceneSearch                                                                                   :        2 samples, Peak.   350 us (1.6x), Avg.   225 us, Total. 451.0 us (0.0%)
[Performance] InitializeOnLoad CloudBuild                                                                                    :        2 samples, Peak.  4.50 us (1.0x), Avg.  4.45 us, Total. 8.900 us (0.0%)
[Performance] InitializeOnLoad NativeFormatImporterUtility                                                                   :        2 samples, Peak.  3.56 ms (1.4x), Avg.  2.46 ms, Total. 4.921 ms (0.0%)
[Performance] InitializeOnLoad SearchService                                                                                 :        2 samples, Peak.   115 us (1.1x), Avg.   107 us, Total. 214.2 us (0.0%)
[Performance] InitializeOnLoad SettingsService                                                                               :        2 samples, Peak.  9.70 us (1.1x), Avg.  8.45 us, Total. 16.90 us (0.0%)
[Performance] InitializeOnLoad WindowLayout                                                                                  :        2 samples, Peak.   259 us (1.2x), Avg.   216 us, Total. 431.9 us (0.0%)
[Performance] InitializeOnLoad AssetStoreContext                                                                             :        2 samples, Peak.  20.2 ms (1.7x), Avg.  11.9 ms, Total. 23.74 ms (0.1%)
[Performance] InitializeOnLoad PoolManager                                                                                   :        2 samples, Peak.   742 us (1.2x), Avg.   599 us, Total. 1.199 ms (0.0%)
[Performance] InitializeOnLoad MixerEffectDefinitionReloader                                                                 :        2 samples, Peak.  2.00 ms (1.1x), Avg.  1.81 ms, Total. 3.625 ms (0.0%)
[Performance] InitializeOnLoad ProjectSearch                                                                                 :        2 samples, Peak.  70.5 us (1.1x), Avg.  61.7 us, Total. 123.3 us (0.0%)
[Performance] InitializeOnLoad UISystemProfilerRenderService                                                                 :        2 samples, Peak.  8.00 us (1.0x), Avg.  7.85 us, Total. 15.70 us (0.0%)
[Performance] InitializeOnLoad EditMode                                                                                      :        2 samples, Peak.   490 us (1.2x), Avg.   425 us, Total. 849.3 us (0.0%)
[Performance] InitializeOnLoad UnityConnect                                                                                  :        2 samples, Peak.  38.0 us (1.0x), Avg.  37.4 us, Total. 74.70 us (0.0%)
[Performance] InitializeOnLoad ManagedDebugger                                                                               :        2 samples, Peak.   533 us (1.1x), Avg.   467 us, Total. 933.3 us (0.0%)
[Performance] InitializeOnLoad ShortcutIntegration                                                                           :        2 samples, Peak.  44.9 us (1.1x), Avg.  42.7 us, Total. 85.40 us (0.0%)
[Performance] InitializeOnLoad AddComponentWindow                                                                            :        2 samples, Peak.  93.6 us (1.2x), Avg.  80.1 us, Total. 160.3 us (0.0%)
[Performance] InitializeOnLoad ManagedDebuggerWindow                                                                         :        2 samples, Peak.  94.9 us (1.1x), Avg.  89.8 us, Total. 179.6 us (0.0%)
[Performance] InitializeOnLoad CacheServerWindow                                                                             :        2 samples, Peak.  8.60 us (1.3x), Avg.  6.80 us, Total. 13.60 us (0.0%)
[Performance] InitializeOnLoad PlayModeDownload                                                                              :        2 samples, Peak.  4.27 ms (2.0x), Avg.  2.18 ms, Total. 4.368 ms (0.0%)
[Performance] InitializeOnLoad MenuItems                                                                                     :        2 samples, Peak.  90.8 us (1.2x), Avg.  76.6 us, Total. 153.2 us (0.0%)
[Performance] InitializeOnLoad PrefabInstanceChangedListener                                                                 :        2 samples, Peak.   148 us (1.2x), Avg.   125 us, Total. 250.2 us (0.0%)
[Performance] InitializeOnLoad ObjectSelectorSearch                                                                          :        2 samples, Peak.  45.1 us (1.1x), Avg.  40.0 us, Total. 80.00 us (0.0%)
[Performance] InitializeOnLoad EditorMonitor                                                                                 :        2 samples, Peak.   645 us (1.2x), Avg.   536 us, Total. 1.073 ms (0.0%)
[Performance] InitializeOnLoad RetainedMode                                                                                  :        2 samples, Peak.  2.42 ms (1.1x), Avg.  2.20 ms, Total. 4.403 ms (0.0%)
[Performance] InitializeOnLoad EditorShaderLoader                                                                            :        2 samples, Peak.   783 us (1.2x), Avg.   655 us, Total. 1.310 ms (0.0%)
[Performance] InitializeOnLoad EditorDelegateRegistration                                                                    :        2 samples, Peak.   450 us (1.1x), Avg.   418 us, Total. 836.5 us (0.0%)
[Performance] InitializeOnLoad UIDocumentHierarchyWatcher                                                                    :        2 samples, Peak.  71.6 us (1.1x), Avg.  64.3 us, Total. 128.6 us (0.0%)
[Performance] InitializeOnLoad LiveReloadTrackerCreator                                                                      :        2 samples, Peak.   209 us (1.2x), Avg.   177 us, Total. 355.0 us (0.0%)
[Performance] InitializeOnLoad UxmlObjectEditorFactories                                                                     :        2 samples, Peak.   495 us (1.0x), Avg.   485 us, Total. 970.1 us (0.0%)
[Performance] InitializeOnLoad UXMLEditorFactories                                                                           :        2 samples, Peak.  57.9 ms (1.1x), Avg.  53.7 ms, Total. 107.3 ms (0.4%)
[Performance] InitializeOnLoad PurchasingService                                                                             :        2 samples, Peak.  7.26 ms (1.0x), Avg.  6.97 ms, Total. 13.94 ms (0.0%)
[Performance] InitializeOnLoad CloudBuildPoller                                                                              :        2 samples, Peak.   110 us (1.1x), Avg.   102 us, Total. 203.1 us (0.0%)
[Performance] InitializeOnLoad EditorGameServicesAnalytics                                                                   :        2 samples, Peak.  1.37 ms (1.3x), Avg.  1.07 ms, Total. 2.133 ms (0.0%)
[Performance] InitializeOnLoad AnalyticsService                                                                              :        2 samples, Peak.   172 us (1.0x), Avg.   171 us, Total. 341.1 us (0.0%)
[Performance] InitializeOnLoad BuildService                                                                                  :        2 samples, Peak.   239 us (1.3x), Avg.   179 us, Total. 358.1 us (0.0%)
[Performance] InitializeOnLoad AdsService                                                                                    :        2 samples, Peak.   521 us (1.3x), Avg.   415 us, Total. 829.9 us (0.0%)
[Performance] InitializeOnLoad UDPService                                                                                    :        2 samples, Peak.   178 us (1.2x), Avg.   154 us, Total. 307.5 us (0.0%)
[Performance] InitializeOnLoad CrashService                                                                                  :        2 samples, Peak.   190 us (1.2x), Avg.   153 us, Total. 307.0 us (0.0%)
[Performance] InitializeOnLoad ServicesRepository                                                                            :        2 samples, Peak.   700 ns (1.3x), Avg.   550 ns, Total. 1.100 us (0.0%)
[Performance] InitializeOnLoad SearchWindow                                                                                  :        2 samples, Peak.   242 us (1.5x), Avg.   165 us, Total. 330.9 us (0.0%)
[Performance] InitializeOnLoad CustomIndexers                                                                                :        2 samples, Peak.  16.0 ms (1.1x), Avg.  14.7 ms, Total. 29.39 ms (0.1%)
[Performance] InitializeOnLoad SearchMonitor                                                                                 :        2 samples, Peak.   763 us (1.1x), Avg.   692 us, Total. 1.384 ms (0.0%)
[Performance] InitializeOnLoad ParameterControllerEditor                                                                     :        2 samples, Peak.  16.6 us (1.0x), Avg.  16.4 us, Total. 32.80 us (0.0%)
[Performance] InitializeOnLoad LayerSettingsWindow                                                                           :        2 samples, Peak.  21.4 us (1.7x), Avg.  12.4 us, Total. 24.70 us (0.0%)
[Performance] InitializeOnLoad PackageManagerHookGUIDConverter.RegisterPackagesEventHandler                                  :        2 samples, Peak.   577 us (1.6x), Avg.   363 us, Total. 726.1 us (0.0%)
[Performance] InitializeOnLoad EditorDragAndDrop.RegisterEditorClient                                                        :        2 samples, Peak.   229 us (1.3x), Avg.   182 us, Total. 364.0 us (0.0%)
[Performance] InitializeOnLoad EditorEventCallbacks.InitializeFontAssetResourceChangeCallBacks                               :        2 samples, Peak.   975 us (1.0x), Avg.   930 us, Total. 1.860 ms (0.0%)
[Performance] InitializeOnLoad SceneTemplateService.Init                                                                     :        2 samples, Peak.   948 us (1.1x), Avg.   880 us, Total. 1.760 ms (0.0%)
[Performance] InitializeOnLoad DiagnosticSwitchesConsoleMessage.Init                                                         :        2 samples, Peak.  7.75 ms (1.8x), Avg.  4.42 ms, Total. 8.837 ms (0.0%)
[Performance] InitializeOnLoad PackageManagerWindow.EditorInitializedInSafeMode                                              :        2 samples, Peak.  23.3 ms (2.0x), Avg.  11.7 ms, Total. 23.44 ms (0.1%)
[Performance] InitializeOnLoad ToolShortcutContext.Init                                                                      :        2 samples, Peak.   138 us (1.1x), Avg.   129 us, Total. 258.8 us (0.0%)
[Performance] InitializeOnLoad MemoryProfilerCompilationGuard.InjectCompileGuard                                             :        2 samples, Peak.   178 us (1.2x), Avg.   149 us, Total. 297.1 us (0.0%)
[Performance] InitializeOnLoad AssetPostprocessingInternal.RefreshCustomDependencies                                         :        2 samples, Peak.  2.88 ms (1.1x), Avg.  2.62 ms, Total. 5.238 ms (0.0%)
[Performance] InitializeOnLoad SysrootManager.Initialize                                                                     :        2 samples, Peak.  9.60 us (1.0x), Avg.  9.40 us, Total. 18.80 us (0.0%)
[Performance] InitializeOnLoad ScopedRegistryAddedPopup.SubscribeToRegistriesAdded                                           :        2 samples, Peak.  8.91 ms (2.0x), Avg.  4.50 ms, Total. 8.995 ms (0.0%)
[Performance] InitializeOnLoad SceneVisibilityManager.Initialize                                                             :        2 samples, Peak.  3.40 ms (1.6x), Avg.  2.10 ms, Total. 4.196 ms (0.0%)
[Performance] InitializeOnLoad EditorWindow.Initialize                                                                       :        2 samples, Peak.   196 us (1.0x), Avg.   189 us, Total. 377.6 us (0.0%)
[Performance] AssemblyReloadEvents.afterAssemblyReload: UnityEditor.SceneTemplate.SceneTemplateService.AfterAssemblyReload   :        2 samples, Peak.  6.09 ms (1.9x), Avg.  3.17 ms, Total. 6.338 ms (0.0%)
[Performance] ProcessService.EditorAfterLoadAllAssemblies                                                                    :        2 samples, Peak.   265 us (1.2x), Avg.   229 us, Total. 458.9 us (0.0%)
[Performance] Application.ReadLicenseInfo                                                                                    :        1 samples, Peak.  15.1 ms (1.0x), Avg.  15.1 ms, Total. 15.14 ms (0.1%)
[Performance] Application.InitialRefresh                                                                                     :        1 samples, Peak.  2.05 s (1.0x), Avg.  2.05 s, Total. 2.049 s (7.0%)
[Performance] Compiling Scripts                                                                                              :        1 samples, Peak.   616 ms (1.0x), Avg.   616 ms, Total. 616.3 ms (2.1%)
[Performance] AssemblyReloadEvents.beforeAssemblyReload: UnityEditor.SceneTemplate.SceneTemplateService.BeforeAssemblyReload :        1 samples, Peak.   377 us (1.0x), Avg.   377 us, Total. 377.1 us (0.0%)
[Performance] InitializeOnLoad PrefabLayoutRebuilder                                                                         :        1 samples, Peak.   304 us (1.0x), Avg.   304 us, Total. 303.9 us (0.0%)
[Performance] InitializeOnLoad UnityTestProtocolStarter                                                                      :        1 samples, Peak.   268 us (1.0x), Avg.   268 us, Total. 267.6 us (0.0%)
[Performance] InitializeOnLoad TestStarter.Initialize                                                                        :        1 samples, Peak.  3.24 ms (1.0x), Avg.  3.24 ms, Total. 3.242 ms (0.0%)
[Performance] InitializeOnLoad AnalyticsReporter.RegisterCallbacks                                                           :        1 samples, Peak.  3.42 ms (1.0x), Avg.  3.42 ms, Total. 3.419 ms (0.0%)
[Performance] InitializeOnLoad TestJobDataHolder.ResumeRunningJobs                                                           :        1 samples, Peak.   880 us (1.0x), Avg.   880 us, Total. 879.8 us (0.0%)
[Performance] DidReloadScriptsTestRunnerWindow.CompilationCallback                                                           :        1 samples, Peak.   943 us (1.0x), Avg.   943 us, Total. 942.5 us (0.0%)
[Performance] DidReloadScriptsTestListCache.ScriptReloaded                                                                   :        1 samples, Peak.  1.10 ms (1.0x), Avg.  1.10 ms, Total. 1.096 ms (0.0%)
[Performance] DidReloadScriptsAdvancedDropdownWindow.OnScriptReload                                                          :        1 samples, Peak.   243 us (1.0x), Avg.   243 us, Total. 243.5 us (0.0%)
[Performance] SyncVS.PostprocessSyncProject                                                                                  :        1 samples, Peak.  4.38 ms (1.0x), Avg.  4.38 ms, Total. 4.382 ms (0.0%)
[Performance] Application.ImportPackagesAndSetTemplateWhenCreatingProject                                                    :        1 samples, Peak.  16.7 ms (1.0x), Avg.  16.7 ms, Total. 16.69 ms (0.1%)
[Performance] Application.SyncCurrentColorSpace                                                                              :        1 samples, Peak.  5.10 ms (1.0x), Avg.  5.10 ms, Total. 5.099 ms (0.0%)
[Performance] Application.OnUsbDevicesChanged                                                                                :        1 samples, Peak.  13.1 ms (1.0x), Avg.  13.1 ms, Total. 13.07 ms (0.0%)
[Performance] Application.AssetInstanceCacheUpdate                                                                           :        1 samples, Peak.   500 ns (1.0x), Avg.   500 ns, Total. 500.0 ns (0.0%)
[Performance] Application.UnityExtensions.Initialize                                                                         :        1 samples, Peak.  3.03 ms (1.0x), Avg.  3.03 ms, Total. 3.026 ms (0.0%)
[Performance] CodeEditorProjectSync.SyncEditorProject                                                                        :        1 samples, Peak.   237 us (1.0x), Avg.   237 us, Total. 237.0 us (0.0%)
[Performance] Application.ExecuteStartups                                                                                    :        1 samples, Peak.  69.1 ms (1.0x), Avg.  69.1 ms, Total. 69.09 ms (0.2%)
[Performance] Menu.RegisterMenuInterface                                                                                     :       26 samples, Peak.  1.20 us (5.2x), Avg.   231 ns, Total. 6.000 us (0.0%)
[Performance] Gizmo.RebuildRenderers                                                                                         :        2 samples, Peak.  67.6 ms (1.5x), Avg.  43.8 ms, Total. 87.64 ms (0.3%)
[Performance] Gizmo.AddGizmoRenderers                                                                                        :       64 samples, Peak.  1.81 ms (30.6x), Avg.  59.3 us, Total. 3.795 ms (0.0%)
[Performance] Application.editorInitializingProject                                                                          :        1 samples, Peak.   569 ms (1.0x), Avg.   569 ms, Total. 569.3 ms (1.9%)
[Performance] Application.InitializeMenu                                                                                     :        1 samples, Peak.  3.54 s (1.0x), Avg.  3.54 s, Total. 3.542 s (12.1%)
[Performance] Menu.RebuildAll                                                                                                :        1 samples, Peak.  3.54 s (1.0x), Avg.  3.54 s, Total. 3.542 s (12.1%)
[Performance] Menu.BuildRegisteredMenuInterfaces                                                                             :        1 samples, Peak.  3.54 s (1.0x), Avg.  3.54 s, Total. 3.539 s (12.1%)
[Performance] Menu.FilterMenuItem                                                                                            :      535 samples, Peak.  20.4 ms (529.3x), Avg.  38.5 us, Total. 20.62 ms (0.1%)
[Performance] UpdateAllMenus                                                                                                 :        1 samples, Peak.   504 us (1.0x), Avg.   504 us, Total. 503.7 us (0.0%)
[Performance] Menu.RebuildOSMainMenu                                                                                         :        2 samples, Peak.  1.80 ms (1.1x), Avg.  1.62 ms, Total. 3.240 ms (0.0%)
[Performance] EditorSceneManager.sceneClosing: UnityEditor.SceneVisibilityManager.EditorSceneManagerOnSceneClosing           :        9 samples, Peak.   208 us (8.2x), Avg.  25.5 us, Total. 229.5 us (0.0%)
[Performance] GUIView.RepaintAll.PlayerLoopController                                                                        :        4 samples, Peak.  6.50 us (2.6x), Avg.  2.53 us, Total. 10.10 us (0.0%)
[Performance] EditorSceneManager.newSceneCreated: UnityEditor.SceneTemplate.SceneTemplateService.OnNewSceneCreated           :        3 samples, Peak.   308 us (2.9x), Avg.   105 us, Total. 313.8 us (0.0%)
[Performance] EditorSceneManager.newSceneCreated: UnityEditor.SceneVisibilityManager.EditorSceneManagerOnNewSceneCreated     :        3 samples, Peak.   249 us (2.7x), Avg.  90.9 us, Total. 272.8 us (0.0%)
[Performance] EditorSceneManager.newSceneCreated: UnityEditor.SceneManagement.StageNavigationManager.OnNewSceneCreated       :        3 samples, Peak.  59.1 us (2.8x), Avg.  20.8 us, Total. 62.30 us (0.0%)
[Performance] Application.InvokeFinishedLoadingProject                                                                       :        1 samples, Peak.  2.71 ms (1.0x), Avg.  2.71 ms, Total. 2.711 ms (0.0%)
[Performance] ProcessService.OnProjectLoaded                                                                                 :        1 samples, Peak.  35.6 us (1.0x), Avg.  35.6 us, Total. 35.60 us (0.0%)
[Performance] VersionControl.Task.Wait                                                                                       :        1 samples, Peak.  20.5 us (1.0x), Avg.  20.5 us, Total. 20.50 us (0.0%)
[Performance] Inspector.InitOrRebuild                                                                                        :        7 samples, Peak.   394 us (2.2x), Avg.   176 us, Total. 1.232 ms (0.0%)
[Performance] BuilderAssetModificationProcessor.OnWillSaveAssets                                                             :        2 samples, Peak.   900 us (2.0x), Avg.   456 us, Total. 911.3 us (0.0%)
[Performance] TerrainModificationProcessor.OnWillSaveAssets                                                                  :        2 samples, Peak.   718 us (2.0x), Avg.   361 us, Total. 721.1 us (0.0%)
[Performance] AssetDatabase.ImportAssets                                                                                     :        4 samples, Peak.  8.20 us (3.4x), Avg.  2.40 us, Total. 9.600 us (0.0%)
[Performance] GenerateAssemblyTypeInfos                                                                                      :        2 samples, Peak.  8.33 ms (1.1x), Avg.  7.38 ms, Total. 14.75 ms (0.1%)
[Performance] AssetDatabase.Refresh                                                                                          :        1 samples, Peak.  4.69 ms (1.0x), Avg.  4.69 ms, Total. 4.690 ms (0.0%)
[Performance] EditorSceneManager.sceneOpened: UnityEditor.SceneTemplate.SceneTemplateService.OnSceneOpened                   :        5 samples, Peak.   201 us (4.8x), Avg.  41.5 us, Total. 207.4 us (0.0%)
[Performance] EditorSceneManager.sceneOpened: UnityEditor.SceneVisibilityManager.EditorSceneManagerOnSceneOpened             :        5 samples, Peak.   132 us (4.5x), Avg.  29.6 us, Total. 147.9 us (0.0%)
[Performance] EditorSceneManager.sceneOpened: UnityEditor.SceneManagement.StageNavigationManager.OnSceneOpened               :        5 samples, Peak.  38.1 us (4.5x), Avg.  8.50 us, Total. 42.50 us (0.0%)
[Performance] UnityBuildPostprocessor.OnProcessScene                                                                         :        5 samples, Peak.   626 us (4.5x), Avg.   140 us, Total. 702.3 us (0.0%)
[Performance] EditorApplication.quitting: callback in UnityEditor.TextCore.Text.EditorEventCallbacks                         :        1 samples, Peak.  8.80 ms (1.0x), Avg.  8.80 ms, Total. 8.795 ms (0.0%)
[Performance] Killing ADB server                                                                                             :        1 samples, Peak.  55.0 ms (1.0x), Avg.  55.0 ms, Total. 55.00 ms (0.2%)
[Performance] Application.Shutdown.PauseProfilerSession                                                                      :        1 samples, Peak.  35.1 us (1.0x), Avg.  35.1 us, Total. 35.10 us (0.0%)
[Performance] Application.Shutdown.PauseAssetImportWorkers                                                                   :        1 samples, Peak.   139 us (1.0x), Avg.   139 us, Total. 138.9 us (0.0%)
[Performance] Application.Shutdown.SaveAssets                                                                                :        1 samples, Peak.  4.58 ms (1.0x), Avg.  4.58 ms, Total. 4.580 ms (0.0%)
[Performance] Application.Shutdown.CleanupRenderPipeline                                                                     :        1 samples, Peak.  3.50 us (1.0x), Avg.  3.50 us, Total. 3.500 us (0.0%)
[Performance] Application.Shutdown.StopPreloadManager                                                                        :        1 samples, Peak.  9.62 ms (1.0x), Avg.  9.62 ms, Total. 9.624 ms (0.0%)
[Performance] Application.Shutdown.DestroyWorld                                                                              :        1 samples, Peak.   367 us (1.0x), Avg.   367 us, Total. 366.9 us (0.0%)
[Performance] Application.Shutdown.CleanupAfterLoad                                                                          :        1 samples, Peak.  3.22 ms (1.0x), Avg.  3.22 ms, Total. 3.217 ms (0.0%)
[Performance] Application.Shutdown.Progress                                                                                  :        1 samples, Peak.  16.9 us (1.0x), Avg.  16.9 us, Total. 16.90 us (0.0%)
[Performance] Application.Shutdown.GICleanupManagers                                                                         :        1 samples, Peak.   847 us (1.0x), Avg.   847 us, Total. 846.5 us (0.0%)
[Performance] Application.Shutdown.MenuCleanupClass                                                                          :        1 samples, Peak.   205 us (1.0x), Avg.   205 us, Total. 204.6 us (0.0%)
[Performance] Application.Shutdown.ADBSaveStateBeforeShutdown                                                                :        1 samples, Peak.  12.5 us (1.0x), Avg.  12.5 us, Total. 12.50 us (0.0%)
[Performance] Application.Shutdown.RemoteShutdown                                                                            :        1 samples, Peak.   900 ns (1.0x), Avg.   900 ns, Total. 900.0 ns (0.0%)
[Performance] Application.Shutdown.CleanupVCProvider                                                                         :        1 samples, Peak.  12.2 us (1.0x), Avg.  12.2 us, Total. 12.20 us (0.0%)
[Performance] Application.Shutdown.InputShutdown                                                                             :        1 samples, Peak.   400 ns (1.0x), Avg.   400 ns, Total. 400.0 ns (0.0%)
[Performance] Application.Shutdown.GizmoManagerDestroy                                                                       :        1 samples, Peak.   718 us (1.0x), Avg.   718 us, Total. 718.3 us (0.0%)
[Performance] Application.Shutdown.ProfilerSession                                                                           :        1 samples, Peak.   199 us (1.0x), Avg.   199 us, Total. 198.7 us (0.0%)
[Performance] Application.Shutdown.ReleaseGfxWindowOnAllGUIViews                                                             :        1 samples, Peak.   400 ns (1.0x), Avg.   400 ns, Total. 400.0 ns (0.0%)
[Performance] Application.Shutdown.CleanupEngine                                                                             :        1 samples, Peak.   105 ms (1.0x), Avg.   105 ms, Total. 104.7 ms (0.4%)
[Performance] Application.Shutdown.CleanupAssetDatabase                                                                      :        1 samples, Peak.  3.49 ms (1.0x), Avg.  3.49 ms, Total. 3.494 ms (0.0%)
[Performance] Application.Shutdown.ScriptCompilationCleanUp                                                                  :        1 samples, Peak.  45.3 ms (1.0x), Avg.  45.3 ms, Total. 45.32 ms (0.2%)
[Performance] Application.Shutdown.DestroyJobSystem                                                                          :        1 samples, Peak.   149 us (1.0x), Avg.   149 us, Total. 149.2 us (0.0%)
[Performance] Application.Shutdown.CleanupPersistentManager                                                                  :        1 samples, Peak.   803 us (1.0x), Avg.   803 us, Total. 803.0 us (0.0%)
[Performance] Application.Shutdown.CleanupAsyncReadManager                                                                   :        1 samples, Peak.   267 us (1.0x), Avg.   267 us, Total. 266.7 us (0.0%)
[Performance] Application.Shutdown.CleanupProgressBar                                                                        :        1 samples, Peak.   300 ns (1.0x), Avg.   300 ns, Total. 300.0 ns (0.0%)
[Performance] Application.Shutdown.CleanupMono                                                                               :        1 samples, Peak.  44.5 ms (1.0x), Avg.  44.5 ms, Total. 44.53 ms (0.2%)
[Performance] Application.Shutdown.CleanupStdConverters                                                                      :        1 samples, Peak.  7.70 us (1.0x), Avg.  7.70 us, Total. 7.700 us (0.0%)
[Performance] Application.Shutdown.UnloadAllPlatformSupportModuleNativeDlls                                                  :        1 samples, Peak.   800 ns (1.0x), Avg.   800 ns, Total. 800.0 ns (0.0%)
[Performance] Application.Shutdown.UnloadAllPlatformSupportNativeLibraries                                                   :        1 samples, Peak. 0.0 (-nan(ind)x), Avg. 0.0, Total. 0.0 (0.0%)
[Performance] Application.Shutdown.CleanupAutoDocumentation                                                                  :        1 samples, Peak.   358 us (1.0x), Avg.   358 us, Total. 358.3 us (0.0%)
[Performance] Application.Shutdown.ShaderNameManagerDestroy                                                                  :        1 samples, Peak.  51.3 us (1.0x), Avg.  51.3 us, Total. 51.30 us (0.0%)
[Performance] Application.Shutdown.CleanupCacheServer                                                                        :        1 samples, Peak. 0.0 (-nan(ind)x), Avg. 0.0, Total. 0.0 (0.0%)
[Performance] Application.Shutdown.Virtualization_Shutdown                                                                   :        1 samples, Peak.   400 ns (1.0x), Avg.   400 ns, Total. 400.0 ns (0.0%)
[Performance] Application.Shutdown.DevConnections                                                                            :        1 samples, Peak.   244 us (1.0x), Avg.   244 us, Total. 244.0 us (0.0%)
Exiting batchmode successfully now!
Exiting without the bug reporter. Application will terminate with return code 0